{"type": "FeatureCollection", "name": "blakeney_bathymetry_contours", "features": [{"type": "Feature", "properties": {"depth": -5.0}, "geometry": {"type": "LineString", "coordinates": [[0.9124533728303251, 53.04760033598564], [0.9126229984222972, 53.047591749336796], [0.9127360821502787, 53.047557875014704], [0.9128491658782601, 53.047582693202735], [0.9129622496062416, 53.04753078901378], [0.913032064733601, 53.04756262818781], [0.9131318751982137, 53.04750438035097], [0.9132167075902305, 53.04750608632382], [0.9133015007901859, 53.04751729836179], [0.9134145845181674, 53.047480526878076], [0.9135789760863677, 53.04744954445983], [0.9136364365268881, 53.04750608632382], [0.9136822051068167, 53.04744954445983], [0.9137538357021117, 53.04745266697533], [0.9138669194300931, 53.04740279553691], [0.9139800031580745, 53.04736116638233], [0.914093086886056, 53.04740247627467], [0.9142061706140374, 53.04734994631943], [0.9143143590093357, 53.04733646073185], [0.9143757962060096, 53.04732569109156], [0.914488879933991, 53.04725327020291], [0.9146019636619724, 53.04728705821189], [0.9147150473899539, 53.047236052843004], [0.9148281311179354, 53.04718041507356], [0.9149412148459167, 53.04724328648562], [0.9150542985738982, 53.04719388991202], [0.9151586730656082, 53.047110293275885], [0.9152239241658704, 53.04716083845225], [0.9153370078938519, 53.04709327873655], [0.9154500916218332, 53.047117657621335], [0.9155368702781183, 53.047053751411894], [0.9156197172138054, 53.04707232380776], [0.9157328009417869, 53.047017973473885], [0.9158458846697684, 53.047078513267124], [0.9159589683977497, 53.047011107947775], [0.9161285939897219, 53.0470275355048], [0.9161860295105764, 53.047053751411894], [0.9162982195816941, 53.04698745182738], [0.9164113033096755, 53.046939037618124], [0.9164925268092898, 53.04694066768391], [0.9166026609677405, 53.04694066768391], [0.916672746615987, 53.04688412581992], [0.9167368927243891, 53.04694066768391], [0.9168070963576106, 53.04690249788527], [0.916920180085592, 53.04687096741302], [0.9170148418894658, 53.04682758395593], [0.9171463475415549, 53.04686945774139], [0.9172142010132286, 53.04688412581992], [0.9172722968349466, 53.04682758395593], [0.9173868118261055, 53.04682758395593], [0.9175363487506886, 53.04677104209194], [0.9176552243174714, 53.046769395305226], [0.9177683080454528, 53.0467927465336], [0.9178701348233108, 53.04671450022795], [0.9179646853135477, 53.04671450022795], [0.9180510173654064, 53.0466725453084], [0.9181641010933879, 53.04672495716001], [0.9182771848213692, 53.046708990654466], [0.9183448884982452, 53.04665795836396], [0.9184869314138409, 53.04671450022795], [0.9185385052945807, 53.04665795836396], [0.9186729778693044, 53.04664743170906], [0.9188193178763224, 53.04660141649997], [0.9189556871892579, 53.04659010596618], [0.9190687709172394, 53.04662858410663], [0.9191253127812301, 53.04652575059431], [0.9192383965092115, 53.04657499893257], [0.9193601874600147, 53.04654487463598], [0.9195211058291651, 53.04651866759183], [0.9196341895571466, 53.04659254541], [0.9197413779354178, 53.046488332771986], [0.9198038151491187, 53.046507530209475], [0.9198603570131094, 53.046422591018235], [0.9199734407410909, 53.04648067064914], [0.9200479059070596, 53.046431790907995], [0.9201651964309605, 53.046431790907995], [0.9202561500610444, 53.046447973729], [0.9203417843686467, 53.046375249044004], [0.9204669626735663, 53.046375249044004], [0.9205915336483089, 53.046431790907995], [0.9206541799755341, 53.046431790907995], [0.9207916561956936, 53.046375249044004], [0.9209346524289331, 53.04636013722639], [0.9209962612640882, 53.046375249044004], [0.9211276771319536, 53.04631870718001], [0.9212739036128774, 53.04630519976747], [0.9213869873408589, 53.04632362535608], [0.9215000710688404, 53.04627707018592], [0.9216131547968218, 53.046254772857786], [0.9217262385248032, 53.04629691192987], [0.9218393222527846, 53.04623087388071], [0.9220089478447568, 53.046218375593796], [0.9221578850227901, 53.04620562345203], [0.9222916571647104, 53.046204757432115], [0.9223685739353386, 53.04626216531602], [0.9224558918566055, 53.04620562345203], [0.9225178246206733, 53.046142159671064], [0.9225765951413366, 53.04614908158804], [0.9227439920766362, 53.0461474575633], [0.9228562680029055, 53.04614908158804], [0.9229136176686084, 53.0460860851597], [0.9230832432605804, 53.046076513562426], [0.9231963269885619, 53.04612127636004], [0.9233094107165434, 53.04617425284672], [0.9234224944445248, 53.04612792802502], [0.9235245924532152, 53.04603599786006], [0.9236486619004877, 53.04601724885354], [0.9237617456284691, 53.04605269519473], [0.9239294111149101, 53.04603599786006], [0.9239879130844321, 53.045976187962424], [0.9241009968124134, 53.04597949174055], [0.9242457578304503, 53.04603599786006], [0.9243446828879535, 53.04603599786006], [0.9244402479963578, 53.045965617928296], [0.9246098735883299, 53.04592862927882], [0.9247794991803021, 53.045934776117385], [0.9248925829082836, 53.04591248259768], [0.9250056666362649, 53.045939771652336], [0.9251187503642464, 53.0459987398811], [0.9252318340922279, 53.04596728051132], [0.9253449178202093, 53.045897492858415], [0.9254580015481907, 53.04586237442926], [0.9255710852761722, 53.04587209997028], [0.9256869036987759, 53.04586637226809], [0.9258537945961258, 53.045846142821325], [0.9260234201880979, 53.04582252950033], [0.9261120781376719, 53.045809830404096], [0.9262495876440608, 53.04583983930693], [0.926332159446929, 53.04586637226809], [0.9264739011222329, 53.045809830404096], [0.9265322969640144, 53.04572175346933], [0.9267019225559866, 53.045750934032284], [0.9268150062839681, 53.045780587793985], [0.9269232979658465, 53.045696746676114], [0.9269975200244698, 53.045696746676114], [0.9271542574679124, 53.04574226442828], [0.9272147167976463, 53.045753288540105], [0.9273089258043866, 53.04564020481212], [0.9273968342719566, 53.04564020481212], [0.9275271146362245, 53.045696746676114], [0.9276631342438288, 53.04574719045885], [0.9277524290458323, 53.04564020481212], [0.9278893016997917, 53.04560375420918], [0.9280023854277731, 53.04565166273247], [0.9281154691557546, 53.0457000392912], [0.928194505991128, 53.04564020481212], [0.9282850947477268, 53.04553112622729], [0.9284358246829271, 53.04558366294813], [0.9285112622036896, 53.04565588997828], [0.9285746747264904, 53.045696746676114], [0.9286472565562222, 53.04558366294813], [0.9287374296596526, 53.04550439888394], [0.9289070552516246, 53.04551021720158], [0.9290676553817392, 53.04547057922015], [0.9291628815285903, 53.04547057922015], [0.929246306435569, 53.04552950310671], [0.9293593901635504, 53.045594926676124], [0.9294781150038062, 53.04558366294813], [0.9295290157555226, 53.045458300736364], [0.9296986413474948, 53.04544514042606], [0.9298117250754762, 53.045493587609705], [0.9299248088034576, 53.04554618584307], [0.9300642817550197, 53.04552712108414], [0.9301364314351377, 53.04541403735616], [0.9302640599874019, 53.04541175255921], [0.9303595486932338, 53.04547057922015], [0.9304336855793741, 53.04552764614641], [0.9305868251350037, 53.04552712108414], [0.9306487396598905, 53.04541403735616], [0.9307729367633184, 53.04539191998666], [0.9308860204912999, 53.04544235407818], [0.9309991042192813, 53.04549621905282], [0.9311347219037431, 53.04547057922015], [0.9312252716752442, 53.045383993675905], [0.9313948972672164, 53.04539919452423], [0.9315079809951978, 53.045448869448656], [0.9316210647231793, 53.04549773031793], [0.9316776065871699, 53.045401737977016], [0.9318472321791421, 53.04537978998125], [0.9319603159071236, 53.04543419500276], [0.9321014376328677, 53.04541403735616], [0.9321864833630864, 53.04532612994665], [0.9323311005215177, 53.04535749549217], [0.932447250034501, 53.04541403735616], [0.9325529485136171, 53.04547057922015], [0.9326121105701678, 53.04541403735616], [0.9326953601390029, 53.045303927416086], [0.9328649857309751, 53.04534232228412], [0.9329780694589566, 53.0453770673597], [0.9330911531869379, 53.04533358845523], [0.9331932083696071, 53.04541403735616], [0.9332494207484562, 53.04535749549217], [0.9333173206429008, 53.04528404871083], [0.9334304043708823, 53.04531043160934], [0.9335434880988638, 53.04535999078534], [0.9336315780226094, 53.04530095362818], [0.9337164752969972, 53.04530095362818], [0.9338261974188173, 53.04538878180597], [0.9339392811467988, 53.04532689134139], [0.9340523648747803, 53.045267996908564], [0.9341654486027616, 53.04533119591902], [0.9342785323307431, 53.04538906612671], [0.9343743951555323, 53.04530095362818], [0.934504699786706, 53.04527467495629], [0.9346177835146874, 53.045345098437785], [0.9347308672426689, 53.045396165366405], [0.9348439509706503, 53.045311091040425], [0.9349455383578126, 53.04530095362818], [0.9350519988627098, 53.04535749549217], [0.9351383933391474, 53.04535749549217], [0.9352397440185853, 53.04528929813311], [0.9353528277465668, 53.04531719328022], [0.9354659114745483, 53.04536752942344], [0.9356263100015039, 53.04535749549217], [0.9356920789305111, 53.045277420911795], [0.9358544806519314, 53.04530095362818], [0.9359570064550896, 53.04535749549217], [0.9360392464258016, 53.04535749549217], [0.9361444138424369, 53.04529790180102], [0.9362574975704183, 53.045330036828716], [0.9363705812983998, 53.045366138796254], [0.9364836650263811, 53.04532211594373], [0.9366532906183533, 53.045340053139], [0.9367663743463348, 53.04538771145167], [0.9368794580743163, 53.04532216696361], [0.9370490836662884, 53.045337834061655], [0.9371621673942698, 53.04538523181988], [0.9372752511222513, 53.045330112650895], [0.9374236676330009, 53.04535749549217], [0.9375014185782141, 53.045338568096255], [0.9376710441701863, 53.045337873092805], [0.9377841278981678, 53.045393004128655], [0.9378972116261493, 53.04533733183656], [0.9380668372181213, 53.04535656656468], [0.9382364628100935, 53.04533864955873], [0.938349546538075, 53.045367886104856], [0.9384626302660564, 53.04533372082262], [0.9385757139940378, 53.04537054387578], [0.93874533958601, 53.045368129368526], [0.9389149651779821, 53.04537631249892], [0.9389897623363098, 53.04535749549217], [0.939141132633945, 53.04540814058387], [0.9393107582259173, 53.04536515249595], [0.9394803838178893, 53.04540324598569], [0.9396500094098615, 53.0454121368731], [0.9398196350018336, 53.045398107970634], [0.9399892605938058, 53.04538923065645], [0.9401023443217873, 53.04542501638283], [0.9402719699137594, 53.04541855656303], [0.9404415955057316, 53.045468184626124], [0.9405262242787397, 53.04547057922015], [0.9406677629616945, 53.04542308524062], [0.9408373885536666, 53.04543743765708], [0.9410070141456388, 53.04545424491362], [0.941176639737611, 53.04545758886138], [0.941264565650801, 53.04547057922015], [0.9414028071935738, 53.04545458726156], [0.9415158909215553, 53.04547236979379], [0.9416123287590396, 53.04547057922015], [0.9416855165135275, 53.04545691508586], [0.9417508753275563, 53.04547057922015], [0.9419116839694903, 53.04546726857815], [0.9420247676974718, 53.04547686626966], [0.9421943932894439, 53.045494205348895], [0.9423640188814161, 53.04549080575786], [0.9425336444733883, 53.045485009450175], [0.9427032700653604, 53.04551087114106], [0.942839821464389, 53.04552712108414], [0.9429294375213233, 53.04551931714925], [0.9430990631132955, 53.04551130005981], [0.9431943153160909, 53.04552712108414], [0.9432686887052676, 53.045527682052835], [0.9434383142972398, 53.045544583250596], [0.9436079398892119, 53.045565939384936], [0.9437775654811841, 53.04554835583923], [0.9439471910731563, 53.045552541284174], [0.9440602748011377, 53.04558460507052], [0.9441733585291191, 53.04556163319303], [0.9443166663078291, 53.04558366294813], [0.9444560678490728, 53.04558708034066], [0.9446256934410449, 53.0456004229378], [0.9447953190330171, 53.04559196080639], [0.9449649446249893, 53.04559595590307], [0.9451345702169613, 53.045609181388635], [0.9453041958089335, 53.04562320279963], [0.9454738214009057, 53.04562313357838], [0.9456434264883199, 53.04564020481212], [0.9456999888568686, 53.045628771245866], [0.9458696144488408, 53.04562509409806], [0.9459468367319067, 53.04564020481212], [0.9460495343561272, 53.04564020481212], [0.9461523237687943, 53.04563834526363], [0.9462486798689937, 53.04564020481212], [0.9463368199585488, 53.04564020481212], [0.946487185516169, 53.04564020481212], [0.9465530319886919, 53.04564020481212], [0.9466057301590286, 53.045696746676114], [0.9467742842726923, 53.045661193879084], [0.9469439098646645, 53.04567007303452], [0.9471135354566366, 53.04567273318317], [0.9472831610486088, 53.04568288340181], [0.9474527866405809, 53.04569226592077], [0.9476224122325531, 53.04569142097395], [0.9477354959605345, 53.045702686820405], [0.9478943066901522, 53.045696746676114], [0.9479616634164973, 53.04570385705213], [0.9481312890084695, 53.04570940840586], [0.9483009146004417, 53.045702920505654], [0.9484705401924138, 53.045711955772425], [0.948640165784386, 53.0457189807264], [0.9488097913763582, 53.04574218802287], [0.9489794169683303, 53.0457485097425], [0.9491416830006358, 53.045753288540105], [0.9492350604412284, 53.045753288540105], [0.9493752100162653, 53.04574265001817], [0.9494718377413648, 53.045753288540105], [0.9495597616545312, 53.045753288540105], [0.949657919336219, 53.04575147506876], [0.9497710030642005, 53.04575921575676], [0.9498840867921818, 53.04575281611623], [0.9499971705201633, 53.04576271225374], [0.9500835157027041, 53.045753288540105], [0.9502233379761262, 53.04575982109627], [0.9503929635680983, 53.045756477826046], [0.9505060472960798, 53.04573771967107], [0.9506191310240613, 53.04576118013385], [0.9507309843771686, 53.045753288540105], [0.9508452984800241, 53.04576304555852], [0.9509583822080055, 53.045749033252974], [0.9511280077999777, 53.04573364052182], [0.9512245217342427, 53.045753288540105], [0.9512976333919498, 53.0457586864207], [0.9514404232057739, 53.045753288540105], [0.9515238008479128, 53.04577375226899], [0.951693426439885, 53.04576440593124], [0.9518065101678663, 53.04575062545918], [0.9519195938958478, 53.04575974423966], [0.95208921948782, 53.04576126744838], [0.9522588450797922, 53.04575476325249], [0.9523719288077735, 53.04575127120302], [0.9524374595288141, 53.045753288540105], [0.9525415543997457, 53.04576538995586], [0.952616087825206, 53.045753288540105], [0.9527111799917178, 53.04575220147717], [0.9528242637196993, 53.04577368492904], [0.9529373474476808, 53.045749185929076], [0.9530004290765935, 53.045753288540105], [0.953106973039653, 53.04576126594006], [0.9532765986316251, 53.04577381496338], [0.9534462242235973, 53.04577018650229], [0.9536158498155695, 53.045754225165844], [0.9537289335435508, 53.04574233307093], [0.9538420172715323, 53.04576907717306], [0.9540116428635045, 53.045776517177316], [0.9541812684554767, 53.045782433906986], [0.9543508940474488, 53.04579962368928], [0.954520519639421, 53.045800650071925], [0.9546901452313931, 53.04578390687094], [0.9548597708233653, 53.04579384298271], [0.9550293964153375, 53.04579482544435], [0.9551990220073096, 53.045786444592665], [0.9553686475992818, 53.04575987672848], [0.955538273191254, 53.045784499374676], [0.955707898783226, 53.045756784880076], [0.9558775243751982, 53.04577842354202], [0.9560471499671704, 53.04577938653335], [0.9562167755591425, 53.04578543610217], [0.9563864011511147, 53.04579053215102], [0.9565560267430868, 53.04579452118465], [0.9567045700846203, 53.045809830404096], [0.9567821941990498, 53.045782237887416], [0.956951819791022, 53.04579868855433], [0.957121445382994, 53.04577524983255], [0.9572910709749662, 53.045787892819504], [0.9574606965669384, 53.04579649523897], [0.9576303221589105, 53.04578237233252], [0.9577999477508827, 53.045779933817165], [0.9579695733428548, 53.04578483063468], [0.958139198934827, 53.04578519459249], [0.9583088245267992, 53.04577367616166], [0.9584784501187713, 53.045780645557066], [0.9586480757107435, 53.04577541629724], [0.9588177013027157, 53.04576976474805], [0.9589873268946878, 53.04578623891521], [0.95915695248666, 53.045777547829246], [0.9593265780786322, 53.04575994353298], [0.9594962036706043, 53.04575798900638], [0.9596658292625765, 53.04576654264577], [0.959778912990558, 53.04574437883326], [0.9598919967185393, 53.045767476413005], [0.9600050804465208, 53.04574585325465], [0.9601181641745022, 53.04577078416469], [0.9602312479024837, 53.04573036129234], [0.9604008734944558, 53.045736172548764], [0.960570499086428, 53.045727602661934], [0.9607401246784002, 53.04572264397342], [0.9609097502703723, 53.04573815109165], [0.9610793758623445, 53.045715663305934], [0.9612490014543167, 53.04573020278178], [0.9613620851822982, 53.045696257343515], [0.9614603443005141, 53.045696746676114], [0.9615400822733211, 53.045696746676114], [0.9617013363662424, 53.04570251309196], [0.9617906146104457, 53.045696746676114], [0.9619163176421127, 53.045696746676114], [0.9620405875501867, 53.04568005804368], [0.9622102131421589, 53.045670048310555], [0.962379838734131, 53.04565862629438], [0.9625494643261032, 53.04565781683624], [0.9626625480540847, 53.04563555645436], [0.9627756317820662, 53.045641536136394], [0.9628887155100475, 53.045630206827205], [0.9630348858229854, 53.04564020481212], [0.9631148829660104, 53.0456370797877], [0.9632685510232749, 53.04564020481212], [0.9633410504219733, 53.0456369198661], [0.9635106760139455, 53.04563099648782], [0.9636803016059177, 53.045615698762305], [0.9638499271978898, 53.04560853286206], [0.964019552789862, 53.045585084953785], [0.9641683329992687, 53.04558366294813], [0.9642457202458248, 53.04560708764354], [0.9643588039738062, 53.045579075683364], [0.9644292003923919, 53.04558366294813], [0.9645849714297692, 53.045564913179895], [0.9647545970217413, 53.045557680833895], [0.9649242226137135, 53.045563903581964], [0.9650938482056857, 53.04553927935861], [0.9651616461921777, 53.04552712108414], [0.9653146787263485, 53.04552712108414], [0.9653765575256392, 53.04552918658634], [0.9654896412536207, 53.04551075038225], [0.965564379730582, 53.04552712108414], [0.9657158087095835, 53.04551419193294], [0.9658854343015557, 53.04551263683161], [0.9660550598935279, 53.045493706094604], [0.9662246854855, 53.04549730733772], [0.9663943110774722, 53.04547192092125], [0.9664545471647359, 53.04547057922015], [0.9665639366694444, 53.04546449094713], [0.9667335622614165, 53.04546672495057], [0.9669031878533887, 53.045451860527145], [0.9670728134453608, 53.04543228068498], [0.967242439037333, 53.04543215122684], [0.9673555227653144, 53.04540277096684], [0.9675251483572866, 53.04539206626959], [0.9676603543006046, 53.04541403735616], [0.9677513158132495, 53.04539946570632], [0.9679209414052217, 53.045374281861065], [0.9680905669971938, 53.045376732256614], [0.9682036507251752, 53.04534612786443], [0.9683167344531567, 53.04536002608053], [0.9684298181811382, 53.04534880267799], [0.9685994437731102, 53.04532973515059], [0.9687690693650824, 53.04530641384914], [0.9689024119593804, 53.04530095362818], [0.9690196843326648, 53.04530095362818], [0.9691083205490267, 53.04529026967678], [0.9692523794274968, 53.04530095362818], [0.9693344880049897, 53.0452706661262], [0.9695041135969618, 53.045264117509824], [0.9696171973249432, 53.045241769677475], [0.9697302810529247, 53.04526611485242], [0.9698433647809062, 53.045222276415416], [0.9700129903728782, 53.045243187551456], [0.9700781033766066, 53.04524441176419], [0.9702391578288412, 53.045212587747514], [0.9704087834208134, 53.04520249224168], [0.9705784090127855, 53.04519755964275], [0.9706914927407669, 53.04516701999718], [0.9708045764687484, 53.04518851319148], [0.9709176601967298, 53.04514440360716], [0.9710863188853074, 53.0451878699002], [0.9711469124158503, 53.0451878699002], [0.9712569113806742, 53.04513115671961], [0.9713567990861312, 53.045131328036206], [0.971483078836637, 53.04513031131545], [0.9715622307797223, 53.045131328036206], [0.9717092462925999, 53.04512643055332], [0.9718788718845721, 53.045102898598444], [0.9720484974765442, 53.04508273109851], [0.9722181230685164, 53.04507595838774], [0.9723312067964978, 53.0450679662184], [0.9724442905244792, 53.04507584938122], [0.9725573742524607, 53.045047080711015], [0.9727269998444329, 53.04506806718513], [0.972896625436405, 53.045032047799], [0.9729902878643327, 53.045018244308224], [0.9731134894048957, 53.045018244308224], [0.973232715348323, 53.045018244308224], [0.9732924184843401, 53.045006050414244], [0.9734591063225625, 53.045018244308224], [0.9735185859403029, 53.04499170153577], [0.9736882115322751, 53.0450029580685], [0.9738578371242472, 53.044984021739396], [0.9739709208522287, 53.044942297911106], [0.9740840045802102, 53.0449701847738], [0.9741970883081916, 53.04494192191334], [0.974310172036173, 53.0449632154993], [0.9744232557641545, 53.04492127743806], [0.9745928813561267, 53.04491690556539], [0.9747625069480987, 53.04491653709799], [0.9749321325400709, 53.04490759228322], [0.9750452162680524, 53.044893447011724], [0.9752148418600246, 53.04488509670888], [0.9753807431563659, 53.04490516058024], [0.9754410093159874, 53.04489485063201], [0.9756106349079596, 53.044900336154036], [0.9756833423673485, 53.04490516058024], [0.9758308798342703, 53.04484861871625], [0.9758933442279132, 53.04486475550036], [0.9759695570688077, 53.04484861871625], [0.9760629698198854, 53.044834550259104], [0.9762325954118575, 53.04483581297035], [0.9764022210038297, 53.044803226578765], [0.9765718465958019, 53.04480031564704], [0.9766849303237832, 53.04476672190025], [0.9767980140517647, 53.044712507097934], [0.9769110977797462, 53.044763863128594], [0.9770241815077276, 53.04473084643699], [0.9771047816492554, 53.04473553498827], [0.9771938070996997, 53.044736880700825], [0.9773068908276812, 53.04472738196107], [0.9773634326916719, 53.044645303167435], [0.9774199745556627, 53.04462118139126], [0.977424314754473, 53.04473553498827], [0.9775306220659419, 53.04467899312428], [0.9775514995331016, 53.04473553498827], [0.9776926749348597, 53.04473553498827], [0.9777324751251126, 53.04462245126029], [0.9778157676035977, 53.04464973908296], [0.9779288513315791, 53.04457121217889], [0.9779833265258515, 53.04473553498827], [0.9779985082921905, 53.04467899312428], [0.9780776610450834, 53.04462245126029], [0.9781402675559944, 53.044565909396304], [0.9782009131969231, 53.04445282566832], [0.9782672780337305, 53.044509367532314], [0.9782969589608961, 53.044565909396304], [0.9783811862435049, 53.04449962314488], [0.978496093010442, 53.044509367532314], [0.9786073536994677, 53.044478726965714], [0.9787204374274492, 53.04445203107562], [0.9788074127184754, 53.04433974194034], [0.9788567977382698, 53.04439628380433], [0.978721331161635, 53.04445282566832], [0.9787204374274492, 53.04455826019022], [0.9788900630194214, 53.0445624643549], [0.9789488865328309, 53.044509367532314], [0.9790793757029693, 53.044509367532314], [0.9790396438097391, 53.04439628380433], [0.9789466048834121, 53.044422835569314], [0.9789871033915757, 53.04433974194034], [0.9790596886113936, 53.044280084440906], [0.9790064477381349, 53.04433974194034], [0.9791489813471292, 53.04439628380433], [0.9792293142033657, 53.04437666226537], [0.9793249337581914, 53.04428320007635], [0.9794379554205751, 53.04422665821236], [0.9794554816593286, 53.04411734199229], [0.9795106377631226, 53.04405703262039], [0.9795685653873101, 53.043967631987144], [0.9795143984511528, 53.04405703262039], [0.9796792546540314, 53.04405703262039], [0.9797279095652954, 53.043943948892405], [0.9797947328432729, 53.043978238195784], [0.9798634837116814, 53.043943948892405], [0.9799643584352451, 53.044046867289296], [0.980107482726405, 53.044000490756396], [0.9800774421632265, 53.04384599062897], [0.9800209002992357, 53.04394594673424], [0.9799643584352451, 53.043921513655384], [0.9799078165712544, 53.04384091896213], [0.9798441369684743, 53.04377432330043], [0.9799118407160251, 53.04377432330043], [0.9800209002992357, 53.0438668481542], [0.9800774421632265, 53.043758498885026], [0.9801905258912079, 53.04382882051374], [0.9802492007762067, 53.04377432330043], [0.9802045805329582, 53.043887407028414], [0.9803036096191894, 53.04398010081358], [0.9803748387243258, 53.043887407028414], [0.9804166933471709, 53.04377593999498], [0.9804434578041973, 53.04371778143644], [0.9803601514831801, 53.0436597861735], [0.9802470677551987, 53.04356482153954], [0.9803036096191894, 53.04349604406228], [0.9803036096191894, 53.04341930658827], [0.9802470677551987, 53.04327815731241], [0.9801343403603825, 53.043208904660524], [0.9800485546437866, 53.04315236279653], [0.9800209002992357, 53.04306034166623], [0.9801339840272172, 53.043132150030175], [0.9802470677551987, 53.04308777711764], [0.9803601514831801, 53.04303409800726], [0.9803738279580705, 53.04315236279653], [0.9805147559747119, 53.04315236279653], [0.9805583539670494, 53.04303927906855], [0.980422466553988, 53.04298273720456], [0.9803385773350712, 53.04292619534057], [0.9802470677551987, 53.0429531621015], [0.9801339840272172, 53.04298917618011], [0.9801604830867644, 53.04292619534057], [0.9801905258912079, 53.042818799759715], [0.9800774421632265, 53.04275898739736], [0.9800813327063091, 53.0427565697486], [0.9801937820658723, 53.04281311161259], [0.9803428680316878, 53.04286965347658], [0.9804547102334409, 53.04286965347658], [0.9803601514831801, 53.04277306070343], [0.9802470677551987, 53.04271594655677], [0.9801339840272172, 53.04264896197454], [0.9800209002992357, 53.042594309029724], [0.9800774421632265, 53.042580403254824], [0.9801905258912079, 53.04261530072056], [0.9803036096191894, 53.04265994107396], [0.9804166933471709, 53.042709503201266], [0.9805297770751522, 53.04268667153318], [0.9806010788035429, 53.042643486020616], [0.9806994026671244, 53.04273340216313], [0.9807559445311151, 53.042851790132964], [0.9808124863951059, 53.042769892394126], [0.9808124863951059, 53.0426661425482], [0.9809255701230873, 53.04273494465308], [0.9810064229010058, 53.042643486020616], [0.9810386538510687, 53.04256210408787], [0.9809255701230873, 53.04247537123762], [0.9809629181496804, 53.042586944156625], [0.9808631371327388, 53.042586944156625], [0.9807559445311151, 53.04263507456698], [0.9806428608031337, 53.04256005741854], [0.9805626046617216, 53.04247386042864], [0.9805297770751522, 53.04241211322116], [0.980618589515042, 53.04247386042864], [0.980712429545751, 53.042530402292634], [0.9808124863951059, 53.04250625891285], [0.9808690282590966, 53.04243015280246], [0.9809255701230873, 53.0423947521471], [0.9810253404062472, 53.04247386042864], [0.981136050943929, 53.04247386042864], [0.9812106853396015, 53.04247386042864], [0.9813213631710224, 53.04253768586614], [0.9813779050350131, 53.04248830783594], [0.9812814425538503, 53.04241731856465], [0.9812648213070316, 53.04231393793075], [0.981232768994729, 53.04224769297268], [0.9811517375790502, 53.04213495479493], [0.9810481292339206, 53.04207806738071], [0.9809409326450487, 53.04202152551672], [0.9809255701230873, 53.04195018552808], [0.9810386538510687, 53.04200998260633], [0.9810337895003094, 53.041908441788735], [0.981121754694508, 53.041908441788735], [0.9812082794430409, 53.04190324597982], [0.9812648213070316, 53.04179626814674], [0.9812653307611727, 53.04179535806075], [0.9813779050350131, 53.041874385150805], [0.9814344468990037, 53.041914067907655], [0.9813779050350131, 53.04201336407635], [0.9814909887629945, 53.042076642131654], [0.9814895408606448, 53.04207806738071], [0.9813737794967904, 53.04202152551672], [0.9812648213070316, 53.0419375721005], [0.9812082794430409, 53.04199954223252], [0.9812915498550497, 53.04207806738071], [0.9813900079948985, 53.0421346092447], [0.9814344468990037, 53.042216288148815], [0.9813213631710224, 53.04213957076315], [0.9813213631710224, 53.04224843273436], [0.9813779050350131, 53.04236628816099], [0.9814863010954054, 53.04230423483667], [0.9815475306269852, 53.042322282547644], [0.9815907020096115, 53.04219115110869], [0.9816166276241193, 53.0421346092447], [0.9817368425085871, 53.04219115110869], [0.9818350789882109, 53.04224769297268], [0.9819767476791201, 53.04224769297268], [0.9818867818109296, 53.042173253577324], [0.9817736980829481, 53.04209229437402], [0.9816606143549667, 53.04204450241414], [0.9815537253705094, 53.041964983652726], [0.9815475306269852, 53.041874285991156], [0.9816606143549667, 53.0418346186951], [0.9816234032560025, 53.04173881619676], [0.9815437741598501, 53.04168227433277], [0.9814344468990037, 53.041616337708035], [0.9813779050350131, 53.041524339246095], [0.9814909887629945, 53.04161037603616], [0.9816040724909759, 53.04165544386269], [0.9817087359616515, 53.04168227433277], [0.9816144760199214, 53.04156919060479], [0.9815475306269852, 53.04149297760623], [0.9814486298441599, 53.04139956501282], [0.9813441669913869, 53.04139956501282], [0.9813779050350131, 53.041501935057546], [0.9812648213070316, 53.04142460172147], [0.9811517375790502, 53.04135293215177], [0.9810579876785994, 53.04128648128484], [0.9810386538510687, 53.04121232542748], [0.9811517375790502, 53.04128250969081], [0.9812326787134606, 53.041343023148826], [0.9813637578736712, 53.041343023148826], [0.9812648213070316, 53.04125986394446], [0.9811517375790502, 53.04119157378488], [0.9810409090581598, 53.04111685569287], [0.9811517375790502, 53.041140132635], [0.9812082794430409, 53.04109228041771], [0.9810951957150594, 53.04101534445338], [0.9810076677632472, 53.0409472301009], [0.9809821119870781, 53.040814774328695], [0.9808690282590966, 53.04076731186423], [0.9807559445311151, 53.04069750110551], [0.9806774930275826, 53.04060797891695], [0.980611867474674, 53.04049489518897], [0.9805297770751522, 53.040420301569576], [0.9804378270881094, 53.040325269597], [0.9803601514831801, 53.04026308319146], [0.9803036096191894, 53.04029411556256], [0.9803837717140638, 53.04038181146099], [0.9804593901166596, 53.04049489518897], [0.9805777515827856, 53.04055143705296], [0.9805863189391429, 53.04064691065098], [0.9806258920883166, 53.040721062644934], [0.9805297770751522, 53.04071431209216], [0.9804166933471709, 53.0406386761946], [0.9803036096191894, 53.04067850582222], [0.9802023684287255, 53.04066452078094], [0.98009046924072, 53.040721062644934], [0.9801905258912079, 53.04080798824331], [0.9802733162241132, 53.04089068823691], [0.9803601514831801, 53.040992095888065], [0.980424920115773, 53.04106031382888], [0.9805297770751522, 53.041157994354585], [0.9806428608031337, 53.04121790705878], [0.9806405354890069, 53.04111685569287], [0.9805396848133203, 53.04100377196489], [0.9804732352111616, 53.04093710811739], [0.9803601514831801, 53.040854321193585], [0.980279115593939, 53.040777604508925], [0.9803601514831801, 53.040811872231046], [0.9804732352111616, 53.04084578524131], [0.9805663985200379, 53.0409472301009], [0.9806428608031337, 53.04105079135415], [0.9807088534403487, 53.04111685569287], [0.9808124863951059, 53.04110149699187], [0.9809255701230873, 53.04105586959498], [0.9809821119870781, 53.041080001051], [0.9809255701230873, 53.04116449714091], [0.9809077385527307, 53.04117339755686], [0.9807721870709282, 53.04117339755686], [0.9808690282590966, 53.04126367705963], [0.9808489032417405, 53.04128648128484], [0.9807559445311151, 53.041206419974785], [0.9806994026671244, 53.04127002302492], [0.9807805149551251, 53.041343023148826], [0.9808730582929706, 53.04139956501282], [0.9809821119870781, 53.04150146646546], [0.9809255701230873, 53.04152803081426], [0.9808566778771276, 53.04145610687681], [0.9807559445311151, 53.041356743310544], [0.9806677232758616, 53.04128648128484], [0.9805796812008937, 53.04122993942085], [0.9804732352111616, 53.04113146262745], [0.9804049777218569, 53.04106031382888], [0.9803036096191894, 53.04097307280142], [0.9802081865118913, 53.04089068823691], [0.9801339840272172, 53.040811314251066], [0.980047134309781, 53.040721062644934], [0.9800774421632265, 53.04063440425466], [0.9799643584352451, 53.04056882381715], [0.9798512747072636, 53.040504135550684], [0.9797831195510681, 53.04043835332498], [0.9796816491152914, 53.04035990669848], [0.9795685653873101, 53.04029246937533], [0.9794554816593286, 53.0402342051414], [0.9794955143170643, 53.040325269597], [0.9795685653873101, 53.04042446726419], [0.9796816491152914, 53.04047444632265], [0.9797810499813961, 53.04055143705296], [0.9796816491152914, 53.04052591957085], [0.9795685653873101, 53.040444672198326], [0.979492171442409, 53.04038181146099], [0.9793446656594474, 53.04038181146099], [0.9794554816593286, 53.040486013477214], [0.9795232949095173, 53.04055143705296], [0.9795734924925177, 53.04066452078094], [0.9796251072513007, 53.04072552333878], [0.979562432413108, 53.04066452078094], [0.9794799743785788, 53.04055143705296], [0.9793794724230074, 53.04049489518897], [0.9792858560673564, 53.04039105428781], [0.9791932373460033, 53.040325269597], [0.9791162304753842, 53.04024871086853], [0.9790081171187757, 53.040155644005026], [0.9789397940476893, 53.040099102141035], [0.9788335647761006, 53.040155644005026], [0.9789466048834121, 53.04026525777031], [0.9789418572378752, 53.04026872773301], [0.9788335211554307, 53.04015569698363], [0.9787631586112069, 53.040099102141035], [0.9786802082980914, 53.040155644005026], [0.9787204374274492, 53.04023037350942], [0.9786549178692868, 53.040155644005026], [0.9785508118354771, 53.04008312073161], [0.9784377281074956, 53.04001122899815], [0.9783811862435049, 53.04007987627234], [0.9783465966879076, 53.040099102141035], [0.9782489160444036, 53.040042560277044], [0.9782115606515327, 53.03996915068484], [0.978194454542479, 53.03987293468507], [0.9780984769235512, 53.03976283597446], [0.9779894540433723, 53.03975985095709], [0.9780711099261294, 53.03987293468507], [0.9780984769235512, 53.039949763114215], [0.9779853931955699, 53.0398910011861], [0.9779288513315791, 53.0398079069446], [0.9778723094675884, 53.03984739387546], [0.9779288513315791, 53.039962798606965], [0.9779288513315791, 53.04006023502699], [0.9779416735172757, 53.040155644005026], [0.9780419350595606, 53.04023942793297], [0.9779923998872024, 53.04026872773301], [0.9779208668891712, 53.04021218586902], [0.9778672496030321, 53.040099102141035], [0.9777592257396069, 53.04002316118222], [0.9776461420116256, 53.04004532583366], [0.9775690236689633, 53.03998601841305], [0.9774765164196534, 53.03991550477696], [0.9773634326916719, 53.039851916462915], [0.9772503489636905, 53.03978427800232], [0.9772762963716622, 53.03987293468507], [0.9773634326916719, 53.03997201873914], [0.9774261489728499, 53.040042560277044], [0.9773634326916719, 53.040000666784294], [0.9772790958110394, 53.03992947654906], [0.9771938070996997, 53.03986945495797], [0.9771372652357091, 53.03990916037955], [0.977206198697267, 53.03998601841305], [0.9773068908276812, 53.040094200979844], [0.9773015510882085, 53.040099102141035], [0.9771938070996997, 53.040008447855534], [0.9770807233717184, 53.04004535478404], [0.9771317523771531, 53.03998601841305], [0.9770241815077276, 53.03988137334412], [0.9769554406814281, 53.03981639282108], [0.9768545559157554, 53.03973205394742], [0.976741472187774, 53.03966440781728], [0.9766362563963934, 53.03959022536512], [0.9765193822309326, 53.03959022536512], [0.9766283884597926, 53.03968502991466], [0.976741472187774, 53.03974379432589], [0.9768163528998984, 53.03981639282108], [0.9769110977797462, 53.03991283419565], [0.9770171304242001, 53.03998601841305], [0.9769110977797462, 53.039944724361305], [0.9768039102481811, 53.03987293468507], [0.9767212607686397, 53.03981639282108], [0.9766188798916642, 53.03975985095709], [0.9765153047318111, 53.039697938735756], [0.9764587628678204, 53.039730402997336], [0.9765427100755167, 53.03981639282108], [0.9766284788925057, 53.03987293468507], [0.9766186619453677, 53.03992947654906], [0.9765153047318111, 53.03984153133438], [0.9764056134223601, 53.03975985095709], [0.9763303745441619, 53.0397033090931], [0.9762325954118575, 53.039622860182895], [0.9762325954118575, 53.0397203896712], [0.976322808980708, 53.03981639282108], [0.9763456791398389, 53.03988730786498], [0.9762778264533999, 53.03981639282108], [0.9761760535478667, 53.03974013304283], [0.9760629698198854, 53.03967496991776], [0.9759498860919039, 53.03960092412301], [0.9759733593632992, 53.0397033090931], [0.9760494718261611, 53.03981639282108], [0.9760742867237786, 53.03992947654906], [0.9760064279558947, 53.03988830347225], [0.9759386677310231, 53.03981639282108], [0.9758368023639225, 53.0397085138236], [0.9757651365260165, 53.03964676722911], [0.9756671767719504, 53.03956039454804], [0.97558005509162, 53.039477141637136], [0.9754799931282732, 53.039477141637136], [0.9755540930439689, 53.039553310192524], [0.9756508075268485, 53.03964676722911], [0.9757237186359411, 53.03974231278184], [0.9757953993926709, 53.03981639282108], [0.9758368023639225, 53.03989188294766], [0.9757237186359411, 53.03983230867247], [0.9756671767719504, 53.03975504938786], [0.9755540930439689, 53.03966714967427], [0.9754713778370397, 53.03959022536512], [0.9753844674519967, 53.03951431245785], [0.975327925588006, 53.03956168840503], [0.9753844674519967, 53.03965947047128], [0.9754818092504227, 53.03975985095709], [0.9753844674519967, 53.03974402095744], [0.9753055870586124, 53.03964676722911], [0.9752148418600246, 53.039685555822764], [0.9751582999960339, 53.03971630216327], [0.9752215703778804, 53.03981639282108], [0.975327925588006, 53.039916120254034], [0.9753921927305265, 53.03998601841305], [0.975327925588006, 53.039953386425786], [0.9752546991401139, 53.03987293468507], [0.9751582999960339, 53.039815396040034], [0.9750452162680524, 53.03971802901175], [0.9749535641461121, 53.0397033090931], [0.9750180093538985, 53.03981639282108], [0.9751017581320431, 53.03989946470738], [0.9751601416822997, 53.03998601841305], [0.9751017581320431, 53.03993412584907], [0.9750286206996515, 53.03987293468507], [0.9749321325400709, 53.03977255280207], [0.9748723080456776, 53.0397033090931], [0.9747625069480987, 53.039605538858005], [0.9746681186508466, 53.039533683501126], [0.9745840742342347, 53.039533683501126], [0.9746494232201174, 53.03959151284558], [0.9747378086332448, 53.0397033090931], [0.9748190488120895, 53.039768296282006], [0.9749068376730042, 53.03987293468507], [0.9749886744040617, 53.03997191434024], [0.9749749482716138, 53.03998601841305], [0.9748755906760802, 53.039899550824664], [0.9747952286442667, 53.03981639282108], [0.9747059650841081, 53.039722282375514], [0.974594833352906, 53.03964676722911], [0.9744922633813838, 53.03964676722911], [0.9745878088122042, 53.03975985095709], [0.9746579509937718, 53.03981639282108], [0.9747368903517375, 53.03992947654906], [0.9746494232201174, 53.03988121379574], [0.9745813725576647, 53.03981639282108], [0.9744797976281452, 53.03972296701492], [0.9743910659053839, 53.03964676722911], [0.9742606926264572, 53.03964676722911], [0.9743667139001637, 53.039724973579084], [0.9744442526679299, 53.03981639282108], [0.9743667139001637, 53.03980774337878], [0.9742536301721823, 53.039731960452514], [0.9741508453711921, 53.03964676722911], [0.9740840045802102, 53.03958395221184], [0.9739709208522287, 53.03951927301504], [0.973914378988238, 53.03953859383243], [0.9740232070995771, 53.03964676722911], [0.9740871256794607, 53.0397033090931], [0.9741970883081916, 53.03980322010362], [0.9742603161552966, 53.03987293468507], [0.9741970883081916, 53.03984840598829], [0.9740840045802102, 53.0397853712304], [0.97397245231743, 53.0397033090931], [0.9738924137597766, 53.03964676722911], [0.9738012952602566, 53.03955586632054], [0.9738012952602566, 53.03966601990757], [0.9738705820889435, 53.03975985095709], [0.9739709208522287, 53.039866326450024], [0.9739580027164889, 53.03987293468507], [0.9738578371242472, 53.03979182968432], [0.9737447533962659, 53.0397128447348], [0.9736607901655572, 53.0397033090931], [0.9737126132185447, 53.03981639282108], [0.9737447533962659, 53.03988220815508], [0.9736710493857328, 53.03981639282108], [0.9735751278042937, 53.0397397448272], [0.9734620440763122, 53.039657905906346], [0.9734986315783789, 53.03975985095709], [0.9735751278042937, 53.03985580895313], [0.9736350075134999, 53.03992947654906], [0.9735751278042937, 53.03988428254642], [0.9734959958057452, 53.03981639282108], [0.9734055022123215, 53.03974227940771], [0.9732924184843401, 53.039681519499176], [0.9732358766203494, 53.03973290906032], [0.9732110079592706, 53.03975985095709], [0.9731125797438195, 53.0397033090931], [0.9729839306926239, 53.0397033090931], [0.9730662510283772, 53.03977817880803], [0.9731362409042219, 53.03987293468507], [0.9730662510283772, 53.03983678967821], [0.9729783889226326, 53.03975985095709], [0.972896625436405, 53.0396905734254], [0.9728400835724142, 53.03973481478998], [0.9729210221445694, 53.03981639282108], [0.9730097091643864, 53.03991946253728], [0.9729978298831246, 53.03992947654906], [0.972896625436405, 53.03984963310798], [0.9727835417084236, 53.039769631885484], [0.9727269998444329, 53.0398754183783], [0.9726602195705115, 53.03981639282108], [0.9725573742524607, 53.03973885309267], [0.9724442905244792, 53.0396848306347], [0.9722843422386939, 53.0397033090931], [0.9722394912855186, 53.03975985095709], [0.9721615812045257, 53.03968652074803], [0.9721050393405349, 53.03974141222951], [0.9721647309471021, 53.03981639282108], [0.9722746649325071, 53.03992439716583], [0.9722521035785023, 53.03992947654906], [0.9721492599016839, 53.03987293468507], [0.9720496188218248, 53.03975985095709], [0.9719622696419927, 53.03975985095709], [0.9718371832089402, 53.03981639282108], [0.9717657881565906, 53.03979852981349], [0.9717092462925999, 53.039858350292306], [0.9718223300205814, 53.039915130476444], [0.9718788718845721, 53.04003285588744], [0.9718684597844085, 53.040042560277044], [0.9717657881565906, 53.039943015844706], [0.9716776727495993, 53.03987293468507], [0.9715920899593044, 53.03981639282108], [0.971483078836637, 53.039741735733166], [0.9713699951086556, 53.03967399364053], [0.9712569113806742, 53.039630367013004], [0.9713006574418335, 53.0397033090931], [0.9713699951086556, 53.03979310222753], [0.971483078836637, 53.039871190594255], [0.9715612543972685, 53.03992947654906], [0.9714826948030632, 53.03992947654906], [0.9713699951086556, 53.039857233995996], [0.9712904359924478, 53.03975985095709], [0.9712003695166834, 53.03968536320043], [0.9711438276526927, 53.0397372068901], [0.9712319497336087, 53.03981639282108], [0.9713134532446649, 53.03990118219615], [0.9713699951086556, 53.04000923638722], [0.971363525078015, 53.040042560277044], [0.9712569113806742, 53.039955567559865], [0.9711901439083956, 53.03987293468507], [0.971087285788702, 53.03976969067101], [0.970994284237721, 53.03981639282108], [0.9709530510890829, 53.03987293468507], [0.9708611183327391, 53.039950921995555], [0.9708123815239171, 53.040099102141035], [0.9707999311074023, 53.040042560277044], [0.9706914927407669, 53.039965773241974], [0.9705784090127855, 53.03989342823454], [0.9706086514783829, 53.03998601841305], [0.9706405834820765, 53.040099102141035], [0.9705784090127855, 53.04004977113217], [0.9704673155344008, 53.040042560277044], [0.9704615541715547, 53.040099102141035], [0.9703522415568226, 53.04000142696782], [0.9702691873419622, 53.03992947654906], [0.970204897710583, 53.03998601841305], [0.970248475702308, 53.040099102141035], [0.9702350295578926, 53.040155644005026], [0.970151442420743, 53.040042560277044], [0.9700795655367587, 53.03998601841305], [0.9700069195879393, 53.03998601841305], [0.9698999066448969, 53.03989684521414], [0.9698433647809062, 53.04001128897709], [0.9697302810529247, 53.03993731910733], [0.9696188431845972, 53.03987293468507], [0.9695465302282766, 53.03987293468507], [0.9696171973249432, 53.03994530810659], [0.9697275455520293, 53.040042560277044], [0.9698102468709866, 53.040099102141035], [0.9698433647809062, 53.040173757529935], [0.9697302810529247, 53.04012489792814], [0.9696171973249432, 53.04005383590254], [0.9695571766369726, 53.03998601841305], [0.9694475717329711, 53.03990494011291], [0.9694475717329711, 53.04000987668034], [0.9695146162726933, 53.040099102141035], [0.9694453361196607, 53.040099102141035], [0.9693415517371363, 53.03998601841305], [0.9692779461409989, 53.03992640355811], [0.9691648624130175, 53.03985594054742], [0.9691083205490267, 53.03989801628358], [0.9692158678280419, 53.03998601841305], [0.9692779461409989, 53.04006126446629], [0.9693483176638473, 53.040155644005026], [0.9694475717329711, 53.0402639916356], [0.9695041135969618, 53.04028395780871], [0.9693910298689804, 53.04023371311305], [0.9692985265020343, 53.040155644005026], [0.9692199723321846, 53.040099102141035], [0.9691083205490267, 53.039995663652896], [0.9690416295814075, 53.03992947654906], [0.9689386949570546, 53.039847228827256], [0.9688821530930639, 53.03990960369594], [0.9689588155303032, 53.03998601841305], [0.969028952680643, 53.040099102141035], [0.9691083205490267, 53.040191176422404], [0.9691670098594383, 53.04026872773301], [0.9692779461409989, 53.04036209767681], [0.969356177188155, 53.04043835332498], [0.9692779461409989, 53.04041223671203], [0.9692214042770082, 53.0404913465093], [0.9692123147514421, 53.04049489518897], [0.9690965556669562, 53.04043835332498], [0.9689952368210453, 53.040363691227334], [0.9689386949570546, 53.040250973281324], [0.9689641549265101, 53.04021218586902], [0.969051778685036, 53.040303796691674], [0.9691606218661777, 53.040325269597], [0.9690918932817645, 53.04021218586902], [0.9689952368210453, 53.040132677254135], [0.9688876773778057, 53.040042560277044], [0.9688063765753574, 53.03998601841305], [0.9687125275010917, 53.03989032080136], [0.968609278067265, 53.03987293468507], [0.9686910478168973, 53.03998601841305], [0.9687690693650824, 53.040072137269384], [0.9688605651434077, 53.040155644005026], [0.9688256112290732, 53.04031145183436], [0.9688821530930639, 53.04035938935379], [0.9689516508289272, 53.04043835332498], [0.9689367472055882, 53.04049489518897], [0.9688256112290732, 53.04040501260511], [0.968719149271543, 53.040325269597], [0.9686285078886773, 53.040325269597], [0.9687125275010917, 53.04041802493282], [0.9687069463355504, 53.04043835332498], [0.9685507249031655, 53.04043835332498], [0.968655985637101, 53.040512442895185], [0.9687690693650824, 53.04060275211468], [0.9687582485710553, 53.04060797891695], [0.9686389426508133, 53.04055143705296], [0.9685429019091196, 53.04045466402685], [0.9684863600451289, 53.04053691244315], [0.9685429019091196, 53.040640089376815], [0.9685994437731102, 53.04067117096179], [0.9684863600451289, 53.04061690484764], [0.9684278010476279, 53.04055143705296], [0.9683167344531567, 53.04045745632367], [0.9682036507251752, 53.04038778245877], [0.9682091205450977, 53.04049489518897], [0.9681083918419824, 53.04049489518897], [0.9680340251332031, 53.04050372459393], [0.9679294991782684, 53.04043835332498], [0.967828434362473, 53.04043835332498], [0.9679209414052217, 53.0405241052949], [0.9680340251332031, 53.040600898164804], [0.9681054226569538, 53.04066452078094], [0.9680861715186027, 53.040721062644934], [0.9679774832692124, 53.04066166167422], [0.9678643995412309, 53.040565206404665], [0.9677820061537709, 53.04049489518897], [0.9676947739492587, 53.040424027396476], [0.967638232085268, 53.04045585215227], [0.9676191862825739, 53.04049489518897], [0.9674973066720983, 53.04049489518897], [0.9674686064932959, 53.0405924827528], [0.9675816902212773, 53.040656380059126], [0.9675251483572866, 53.04066556955787], [0.9674120646293052, 53.0406132245788], [0.9673220470495432, 53.04060797891695], [0.9672285060132533, 53.04066452078094], [0.9672989809013237, 53.04076518643599], [0.9674120646293052, 53.04081050066586], [0.9673555227653144, 53.04083922012393], [0.9672977184464032, 53.040777604508925], [0.9671858971733422, 53.040686176473706], [0.9670728134453608, 53.04062882455224], [0.9669597297173794, 53.04056891475408], [0.9668718817700556, 53.04049489518897], [0.9668328681540024, 53.04055143705296], [0.9669031878533887, 53.04062004151109], [0.9670162715813702, 53.04070275586089], [0.9671293553093515, 53.040769825140465], [0.9672006880685876, 53.040834146372916], [0.9671157088608109, 53.040834146372916], [0.9670162715813702, 53.040776744752186], [0.9669031878533887, 53.04068951715229], [0.966846645989398, 53.040761120383046], [0.9669520592777443, 53.040834146372916], [0.966846645989398, 53.0408108323102], [0.9667335622614165, 53.04075144928153], [0.9666770203974258, 53.040666624978705], [0.9668420876179012, 53.04066452078094], [0.9667637174964164, 53.04055143705296], [0.9666770203974258, 53.040491712845856], [0.9666770203974258, 53.040603851511335], [0.966671769857032, 53.04060797891695], [0.9665362406690415, 53.04060797891695], [0.9665639366694444, 53.04067974748026], [0.9665073948054537, 53.040761598860094], [0.9664786486896519, 53.040777604508925], [0.9663767811664713, 53.040721062644934], [0.9662812273494907, 53.040656711758004], [0.9662246854855, 53.04070306148181], [0.9662904331209936, 53.040777604508925], [0.9662246854855, 53.0407349908105], [0.9661116017575186, 53.040707714473676], [0.9661634983896488, 53.040777604508925], [0.9662246854855, 53.040885478907875], [0.9662236265253628, 53.04089068823691], [0.9661116017575186, 53.04089257516261], [0.9659985180295372, 53.04084250505146], [0.9658854343015557, 53.04078296541601], [0.9657891957148954, 53.040721062644934], [0.9656809124421902, 53.04066452078094], [0.9655741673327252, 53.04066452078094], [0.9656592668455928, 53.04074651236047], [0.9657723505735742, 53.0408283154782], [0.9657158087095835, 53.04084232922826], [0.9656027249816022, 53.04079136392763], [0.9654896412536207, 53.040850030645785], [0.9653765575256392, 53.040794457790035], [0.9652634737976578, 53.04073210565916], [0.9651503900696763, 53.04080165006763], [0.9650373063416949, 53.040751757293336], [0.965047260415024, 53.040834146372916], [0.9650938482056857, 53.04089150882941], [0.9649807644777042, 53.040847388176026], [0.9649958823202721, 53.0409472301009], [0.9649242226137135, 53.04094325392718], [0.9648676807497227, 53.040994465651735], [0.9649250539467417, 53.04106031382888], [0.9648676807497227, 53.04101092207645], [0.9647545970217413, 53.040957753766], [0.9646415132937599, 53.04089229164259], [0.9645662216698866, 53.040834146372916], [0.9644718877017877, 53.04077057305728], [0.96441459432799, 53.040834146372916], [0.9644854270100413, 53.04089068823691], [0.9644626978303561, 53.0409472301009], [0.9643548191598308, 53.04089068823691], [0.9643020105987723, 53.0409472301009], [0.9641891783818342, 53.040936171696934], [0.964019552789862, 53.040937668682886], [0.9639064690618805, 53.04086388236013], [0.963793385333899, 53.04093461193144], [0.9636803016059177, 53.04088824707216], [0.9635672178779362, 53.04081719546308], [0.9634541341499547, 53.04085308588374], [0.9633845870972271, 53.040834146372916], [0.9632571323699537, 53.04089068823691], [0.9632845085579826, 53.040963881101405], [0.9631714248300012, 53.04101240284114], [0.963079216917336, 53.0409472301009], [0.9629698219324054, 53.0409472301009], [0.963001799238029, 53.041004853875116], [0.9628887155100475, 53.040979463966664], [0.9629380498624995, 53.04106031382888], [0.9629452573740382, 53.04111823571523], [0.9628561773303788, 53.04106031382888], [0.9627742400067942, 53.04100377196489], [0.9626625480540847, 53.040925401908154], [0.9625615754738068, 53.04100377196489], [0.9624929224621125, 53.040987125952505], [0.9624363805981218, 53.04103356517059], [0.962379838734131, 53.04107032215277], [0.9622969958577594, 53.04100377196489], [0.9622102131421589, 53.04104661794452], [0.9620971294141775, 53.0409838616059], [0.961984045686196, 53.04090732295656], [0.961984045686196, 53.04102013461691], [0.9620971294141775, 53.04111563892632], [0.9620405875501867, 53.041146770210055], [0.9619443817308267, 53.04106031382888], [0.9618709619582145, 53.041080223776156], [0.9618144200942238, 53.041125919126046], [0.9619387835583199, 53.04117339755686], [0.9619114613882035, 53.04122993942085], [0.961760911832614, 53.04122993942085], [0.9617134288866095, 53.041343023148826], [0.9617013363662424, 53.041331582130645], [0.9616447945022517, 53.04125336576147], [0.9615317107742702, 53.04129567026583], [0.9614186270462888, 53.04125159167762], [0.9613055433183074, 53.04129113430286], [0.9613141274261721, 53.04139956501282], [0.9612490014543167, 53.041350559054585], [0.9613014055370244, 53.04128648128484], [0.9611553511711464, 53.04128648128484], [0.9610272876359368, 53.041343023148826], [0.9609450103599053, 53.041343023148826], [0.9607989821629385, 53.041343023148826], [0.9608532084063817, 53.041449105183695], [0.9607670994993149, 53.0415126487408], [0.9606835828144095, 53.04147989218826], [0.9606242319762895, 53.04139956501282], [0.9605139572224373, 53.04142888413295], [0.9605509858467911, 53.0415126487408], [0.9604289440045004, 53.0415126487408], [0.9603421240434484, 53.04145610687681], [0.9602312479024837, 53.04136514325805], [0.9601181641745022, 53.04129640355374], [0.9601654220814632, 53.04139956501282], [0.9602312479024837, 53.0415076817073], [0.960226464063003, 53.0415126487408], [0.9601118070253105, 53.04145610687681], [0.9600050804465208, 53.041381896285976], [0.95994853858253, 53.04144546716295], [0.9600168775900694, 53.0415126487408], [0.95994853858253, 53.04149163503752], [0.9598354548545487, 53.04151827273851], [0.9597223711265672, 53.04146960993991], [0.9597577046468938, 53.04139956501282], [0.9596231599432289, 53.04139956501282], [0.959552745534595, 53.041461472455495], [0.9594396618066137, 53.041532358991276], [0.9593265780786322, 53.04147012938829], [0.9593272616432166, 53.04156919060479], [0.9592700362146415, 53.04153768597703], [0.9592134943506507, 53.04160784397868], [0.9591985009100312, 53.04162573246878], [0.9591004106226693, 53.041560350602296], [0.9589307850306972, 53.04155521759722], [0.9587760970723013, 53.04156919060479], [0.9588742431667064, 53.04165272008497], [0.9589873268946878, 53.041579697977355], [0.9590438687586785, 53.04165652390319], [0.9589307850306972, 53.04168816780618], [0.9588177013027157, 53.04166803113115], [0.958761159438725, 53.04173296755605], [0.9587276494186175, 53.04173881619676], [0.958608690762801, 53.04168227433277], [0.9585328297692971, 53.04162573246878], [0.9584219082547807, 53.04154501334155], [0.9583088245267992, 53.041497776237165], [0.9581957407988178, 53.04155651546401], [0.9582522826628085, 53.041594247926994], [0.9583506822190937, 53.04162573246878], [0.95836536639079, 53.04163443008456], [0.9583694445901005, 53.04173881619676], [0.9582578837457899, 53.04179535806075], [0.9581523579235971, 53.041851899924744], [0.958139198934827, 53.0418389013381], [0.9581197977766833, 53.04173881619676], [0.9580261152068456, 53.041680508846454], [0.9579695733428548, 53.04171361320188], [0.9580365545206151, 53.04179535806075], [0.9579262580563046, 53.041851899924744], [0.957833795257107, 53.041851899924744], [0.9576969996446806, 53.041851899924744], [0.9576868640229013, 53.041842975918776], [0.9576587966808959, 53.04173881619676], [0.9575223474894, 53.04173881619676], [0.9575140397231493, 53.04179535806075], [0.957347612838957, 53.04175171419537], [0.9573871088243169, 53.041851899924744], [0.9574606965669384, 53.04195414406692], [0.9575737802949198, 53.04200760284789], [0.9575294655076994, 53.041908441788735], [0.9576303221589105, 53.041933704317564], [0.9577018449855742, 53.04202152551672], [0.957743405886892, 53.04208570631022], [0.9576349996516419, 53.04207806738071], [0.9575737802949198, 53.04204243500539], [0.9574591372047433, 53.04202152551672], [0.9573854634022017, 53.041908441788735], [0.9572596843036935, 53.041851899924744], [0.9571345897353117, 53.041851899924744], [0.9571807335359139, 53.041964983652726], [0.957121445382994, 53.042048199971134], [0.9570083616550127, 53.0420935806803], [0.9570512466318299, 53.04202152551672], [0.9570083616550127, 53.041940984389626], [0.9570649035190033, 53.041879555277056], [0.956951819791022, 53.041813785645765], [0.9568387360630405, 53.04175709591173], [0.956725652335059, 53.04171809410302], [0.9567677414269423, 53.04179535806075], [0.9568471897967388, 53.041851899924744], [0.956725652335059, 53.041853965474616], [0.9566199676862063, 53.04179535806075], [0.9565153645341233, 53.04173881619676], [0.956467370687588, 53.04179535806075], [0.9563674698154305, 53.041851899924744], [0.9562673309771732, 53.041908441788735], [0.9563864011511147, 53.04193153252939], [0.9564994848790962, 53.04185828046723], [0.9566125686070776, 53.04195944473629], [0.9567094813748959, 53.041964983652726], [0.9568305099697685, 53.041964983652726], [0.956920918675027, 53.04202152551672], [0.9568064558076756, 53.04202152551672], [0.9567193420185769, 53.04202152551672], [0.9565866779393358, 53.04202152551672], [0.9565423392343483, 53.04207806738071], [0.9564429430151055, 53.042057666202304], [0.9563864011511147, 53.04213497719905], [0.9563994379065311, 53.04224769297268], [0.956329859287124, 53.0422364117275], [0.9562733174231333, 53.042278223015835], [0.9562183542554872, 53.04230423483667], [0.9561142944525719, 53.04230423483667], [0.9559906081031797, 53.04231242086645], [0.9558845085568882, 53.04230423483667], [0.9558006457927155, 53.04230423483667], [0.9556690147564704, 53.04230423483667], [0.955707898783226, 53.04236802086644], [0.9556284822725024, 53.04230423483667], [0.955538273191254, 53.04224230868345], [0.9555427517862989, 53.04219115110869], [0.9556513569192353, 53.0421823300687], [0.9557644406472168, 53.04222765085194], [0.9557426935796388, 53.0421346092447], [0.9556513569192353, 53.042057779389744], [0.955538273191254, 53.04198499513761], [0.9553698153522585, 53.041964983652726], [0.9552646508893942, 53.041964983652726], [0.9553321828055719, 53.04207806738071], [0.9554413213026711, 53.04207806738071], [0.9554817313272632, 53.0421155959509], [0.955403645640402, 53.04219115110869], [0.9554251894632725, 53.04226551327388], [0.955312105735291, 53.04222883732166], [0.9552367275985603, 53.04224769297268], [0.9551135298347351, 53.04219115110869], [0.9549773375966222, 53.04219115110869], [0.9550293964153375, 53.04225336069794], [0.954916312687356, 53.04221254711192], [0.9548032289593745, 53.042168684670074], [0.9546901452313931, 53.042114044780604], [0.9545770615034117, 53.04206322159063], [0.9545770615034117, 53.0421653549434], [0.9546901452313931, 53.04220953251695], [0.9547466870953838, 53.042281378355064], [0.9546869675461737, 53.04236077670066], [0.9546901452313931, 53.04243270858206], [0.9545969376641106, 53.04236077670066], [0.9545187287129616, 53.04230423483667], [0.9544074359114395, 53.042197140514546], [0.9543508940474488, 53.042308780300594], [0.9542378103194673, 53.04238611017679], [0.954124726591486, 53.04233668220936], [0.9540116428635045, 53.04229919961803], [0.953898559135523, 53.04222858751885], [0.9537854754075415, 53.04226480601683], [0.9536723916795602, 53.04233009250552], [0.9536103260646709, 53.04236077670066], [0.9536158498155695, 53.04225283453767], [0.9535593079515787, 53.04222680105182], [0.9535593079515787, 53.042097524776274], [0.9534584879509357, 53.04219115110869], [0.9533579620595829, 53.04224769297268], [0.9534918710861465, 53.04230423483667], [0.9533577653492774, 53.04230423483667], [0.9532200567676343, 53.04226204742365], [0.953106973039653, 53.04231926305993], [0.9531635149036437, 53.04239377144913], [0.9532765986316251, 53.04234702166196], [0.9533896823596065, 53.042399070001004], [0.953502766087588, 53.042453320895234], [0.9534462242235973, 53.04250449231744], [0.9533331404956158, 53.04254061754902], [0.9532200567676343, 53.042490970131105], [0.9531628527356331, 53.042530402292634], [0.9531635149036437, 53.04244560584096], [0.9530504311756622, 53.0423877223316], [0.9529187071534889, 53.04241731856465], [0.953017142907705, 53.04247386042864], [0.9528988320433391, 53.042530402292634], [0.9529946955983148, 53.042586944156625], [0.9530860623199348, 53.042643486020616], [0.9531771500009785, 53.042643486020616], [0.9532984601869511, 53.04270002788461], [0.9533989539539234, 53.0427565697486], [0.9533167259687494, 53.0427565697486], [0.9531811201618673, 53.0427565697486], [0.9532765986316251, 53.04286542343163], [0.9532753416766783, 53.04286965347658], [0.9531635149036437, 53.04278329209649], [0.9530504311756622, 53.04281900326953], [0.953096875082676, 53.0427565697486], [0.9529938893116715, 53.042698895333814], [0.95288080558369, 53.04259588288095], [0.9527720198476238, 53.042586944156625], [0.9526852376942138, 53.042586944156625], [0.9528215652855222, 53.042530402292634], [0.9526962150417118, 53.04247386042864], [0.9525699562357426, 53.04247386042864], [0.9524786466013405, 53.04247386042864], [0.9523719288077735, 53.042373795698076], [0.9522815416686041, 53.04236077670066], [0.9522262704570689, 53.04247386042864], [0.9522023032158015, 53.0424666330491], [0.9521787066931585, 53.04236077670066], [0.9521457613518107, 53.04228230287595], [0.9522529967569754, 53.04219115110869], [0.9521457613518107, 53.04209411618101], [0.9520326776238293, 53.042048668908286], [0.9520747941571283, 53.0421346092447], [0.9519718340727461, 53.0421346092447], [0.9518630520318571, 53.04207681942241], [0.9518019345514331, 53.0421346092447], [0.9519131080895582, 53.04219115110869], [0.9519761357598385, 53.04228541861427], [0.9519195938958478, 53.042312915568026], [0.9518388262752964, 53.04241731856465], [0.9519761357598385, 53.042453216469326], [0.95208921948782, 53.04251840254308], [0.9520326776238293, 53.04253759471243], [0.9519195938958478, 53.042479024837995], [0.9518065101678663, 53.04256021449403], [0.9518630520318571, 53.042622065064755], [0.9519761357598385, 53.042679147621286], [0.9520838823911676, 53.042643486020616], [0.9520326776238293, 53.042741272871375], [0.9519987125408337, 53.0427565697486], [0.9518794549450478, 53.04270002788461], [0.9517577578926271, 53.04270002788461], [0.9518065101678663, 53.04277898125334], [0.951693426439885, 53.04272111735321], [0.9516042786359912, 53.042643486020616], [0.951505608790747, 53.042586944156625], [0.951397889168589, 53.042530402292634], [0.9513131321231134, 53.04241731856465], [0.9511866618273792, 53.04236077670066], [0.951124595527403, 53.04236077670066], [0.9511845496639685, 53.04243205975016], [0.9512410915279592, 53.042528849099924], [0.951159935631719, 53.042586944156625], [0.951071465935987, 53.042568386919974], [0.9509583822080055, 53.042510671480784], [0.9508378406902037, 53.04247386042864], [0.9507322147520427, 53.04241331943903], [0.9506624574446902, 53.04241731856465], [0.9505394485311713, 53.04241731856465], [0.9504193818671993, 53.04247386042864], [0.9503929635680983, 53.04244524960952], [0.9503929635680983, 53.04232476017901], [0.950279879840117, 53.042368384026055], [0.9501950426382633, 53.04230423483667], [0.9501102542481448, 53.04235139069783], [0.9499971705201633, 53.04226487180551], [0.9498871380821203, 53.04219115110869], [0.949785046604346, 53.0421346092447], [0.9497144612002097, 53.042066898804485], [0.949657919336219, 53.042109065175005], [0.949755280614052, 53.04219115110869], [0.9498275449281912, 53.04225078179759], [0.9499406286561726, 53.042340155187], [0.9500143718482389, 53.04241731856465], [0.950053712384154, 53.04248066900607], [0.9499799328307249, 53.04241731856465], [0.9498674719455055, 53.04236077670066], [0.9497238083405575, 53.04236077670066], [0.9498275449281912, 53.042464726447996], [0.9497718732913497, 53.042530402292634], [0.9498840867921818, 53.042626365414236], [0.9499971705201633, 53.04258169521754], [0.9499531824962016, 53.042643486020616], [0.950053712384154, 53.04272961623787], [0.950051555546409, 53.0427565697486], [0.9499406286561726, 53.04265794008218], [0.9498275449281912, 53.042605027585736], [0.9497144612002097, 53.04254394533869], [0.9496013774722283, 53.04248039440295], [0.9496306719086827, 53.042586944156625], [0.9495448356082375, 53.04253378162698], [0.9495936655221511, 53.04247386042864], [0.9494882937442468, 53.04239484638077], [0.9494317518802561, 53.04249060698044], [0.9493236326647462, 53.04241731856465], [0.9492485595372466, 53.04236077670066], [0.9493717019831261, 53.04230423483667], [0.9493752100162653, 53.042312028012304], [0.9494317518802561, 53.04240031610488], [0.9495151273937613, 53.04236077670066], [0.9496311918056889, 53.04236077670066], [0.9495448356082375, 53.042292366114324], [0.9494317518802561, 53.04220793629144], [0.9493291678932476, 53.0421346092447], [0.9493752100162653, 53.04205507784009], [0.949262126288284, 53.041979352754225], [0.9491851703282147, 53.041908441788735], [0.9492055844242933, 53.04183909846531], [0.9490925006963118, 53.04175781538287], [0.9490428666074892, 53.041908441788735], [0.9491490425603025, 53.04198027377706], [0.949262126288284, 53.042067667316985], [0.9492885664939738, 53.04219115110869], [0.9492055844242933, 53.04225907225586], [0.9491490425603025, 53.042341809085165], [0.9490925006963118, 53.04237285792266], [0.9491490425603025, 53.042456484521466], [0.9492149948338149, 53.042530402292634], [0.9491490425603025, 53.042501771519504], [0.9490359588323211, 53.04243708983751], [0.948866333240349, 53.04242915498004], [0.9487532495123675, 53.042369551203606], [0.948640165784386, 53.04232699703894], [0.9484705401924138, 53.04231142104102], [0.9483574564644325, 53.04225978598244], [0.9482809041198942, 53.04219115110869], [0.9481312890084695, 53.04215181906528], [0.9480182052804881, 53.04209901324774], [0.9479051215525067, 53.04202193725662], [0.9477920378245253, 53.041970323065556], [0.9476789540965438, 53.04192106984291], [0.9475658703685623, 53.0418550373402], [0.9474615223406796, 53.04179535806075], [0.9475658703685623, 53.04183548071775], [0.9477032737478392, 53.04179535806075], [0.947621419521825, 53.04173881619676], [0.9475093285045716, 53.04165923829399], [0.9473962447765902, 53.0415917961183], [0.9472831610486088, 53.04152938485095], [0.9473191857227624, 53.0415126487408], [0.9474420502681624, 53.04156919060479], [0.9475530638848029, 53.04162573246878], [0.9476426779800717, 53.04168227433277], [0.9477186045341037, 53.04162573246878], [0.9476197168370468, 53.04156919060479], [0.9475658703685623, 53.04149268610491], [0.9476789540965438, 53.04153476933127], [0.9477574643817142, 53.04162573246878], [0.947848579688516, 53.04172227852013], [0.947954975093424, 53.04179535806075], [0.9480747471444788, 53.04181863508471], [0.9480282382531083, 53.04173881619676], [0.9479527053936577, 53.04168227433277], [0.9479051215525067, 53.04157898044939], [0.9478536075230638, 53.0415126487408], [0.9477748276958895, 53.04145610687681], [0.9476713028131114, 53.04139956501282], [0.9477620405115734, 53.04139956501282], [0.9478633502232648, 53.04145610687681], [0.9479955195135877, 53.04145610687681], [0.9479616634164973, 53.04138917795553], [0.9480747471444788, 53.04144385024012], [0.9481878308724603, 53.041492755103526], [0.9481588136413066, 53.04139956501282], [0.9481312890084695, 53.0413063079218], [0.948244372736451, 53.04137814344329], [0.9483433130113933, 53.04145610687681], [0.9483009146004417, 53.0415325519854], [0.9484139983284232, 53.04160058774283], [0.9485224609762279, 53.04168227433277], [0.9485836239203953, 53.04174185741588], [0.948702190516064, 53.04173881619676], [0.9486967076483768, 53.04167143826816], [0.9488097913763582, 53.04170371939804], [0.948866333240349, 53.041666163387625], [0.9487532495123675, 53.041613500974165], [0.948640165784386, 53.04152726033809], [0.9485270820564046, 53.041470695665936], [0.9485836239203953, 53.04144835419334], [0.9486472388187177, 53.0415126487408], [0.9487606024892881, 53.0415126487408], [0.9488097913763582, 53.041424923679514], [0.9487532495123675, 53.041393445951115], [0.9488908672599714, 53.041343023148826], [0.9487532495123675, 53.04131102579091], [0.948640165784386, 53.04137803511144], [0.9485836239203953, 53.041323187761854], [0.948640165784386, 53.04126170814301], [0.948490666664398, 53.04128648128484], [0.9484705401924138, 53.041267447118706], [0.9485836239203953, 53.041213002015276], [0.948640165784386, 53.04113167337864], [0.9485500262899887, 53.04106031382888], [0.9484641931269998, 53.04100377196489], [0.9485510909502225, 53.04100377196489], [0.9486437375514597, 53.04106031382888], [0.9487921935819928, 53.04106031382888], [0.9486967076483768, 53.041000839036954], [0.948640165784386, 53.04091967162092], [0.9487532495123675, 53.04095956954436], [0.9488983515756693, 53.0409472301009], [0.9487745962887596, 53.04089068823691], [0.948640165784386, 53.04083477674251], [0.9485555605861653, 53.040777604508925], [0.9485836239203953, 53.04072042651307], [0.9484705401924138, 53.04074039982942], [0.9484139983284232, 53.04061936424273], [0.948282067748463, 53.04060797891695], [0.9481645725097132, 53.04055143705296], [0.9480474807831044, 53.04049489518897], [0.9480182052804881, 53.04038609311845], [0.9480747471444788, 53.04036570441055], [0.9479616634164973, 53.04030183815266], [0.947888048434868, 53.04026872773301], [0.9479051215525067, 53.04040596963646], [0.9479051215525067, 53.040548495104616], [0.947848579688516, 53.040601423152225], [0.9477920378245253, 53.04063169542336], [0.947680488894117, 53.04055143705296], [0.9475658703685623, 53.04053966023374], [0.9474251859561195, 53.04055143705296], [0.9475658703685623, 53.0405616464813], [0.9476789540965438, 53.040655630795555], [0.9477511823961574, 53.040721062644934], [0.9477278688294678, 53.040777604508925], [0.9476224122325531, 53.04069379061074], [0.9475658703685623, 53.04075392351235], [0.9476257837794244, 53.040834146372916], [0.9475658703685623, 53.04081193958993], [0.9474527866405809, 53.040745281548205], [0.9473707776323218, 53.04066452078094], [0.9473266093003557, 53.04055143705296], [0.9474352031930511, 53.04049489518897], [0.9473397029125995, 53.04043671503063], [0.947226619184618, 53.04036092561014], [0.9471700773206273, 53.040250280141755], [0.9470569935926458, 53.04016150604008], [0.9470004517286552, 53.04021649285707], [0.9470940158509286, 53.040325269597], [0.9471700773206273, 53.04043301547179], [0.9471700773206273, 53.04052128242792], [0.9470569935926458, 53.04044216526354], [0.9470569935926458, 53.04056963204747], [0.9471765395486657, 53.04060797891695], [0.9472538016949119, 53.040721062644934], [0.9473550993547855, 53.040777604508925], [0.947408349024025, 53.04089068823691], [0.9473397029125995, 53.04086052250149], [0.9472289267848318, 53.040777604508925], [0.9471582803473861, 53.040721062644934], [0.9470569935926458, 53.040639261651016], [0.9469439098646645, 53.04059477801085], [0.946830826136683, 53.040659839719105], [0.9467177424087015, 53.04058344243242], [0.9465747438381431, 53.04055143705296], [0.9465118153386861, 53.04043835332498], [0.9464240318703212, 53.04038181146099], [0.9463219493607665, 53.040295798430414], [0.9462586209090036, 53.04021218586902], [0.9463066265273434, 53.040099102141035], [0.946435033088748, 53.04008564308113], [0.9465481168167293, 53.040112175035006], [0.9465384079029755, 53.040042560277044], [0.9466234309149995, 53.040042560277044], [0.9467742842726923, 53.040095425857025], [0.9469364488069375, 53.040042560277044], [0.946830826136683, 53.03998451231445], [0.9467710609525664, 53.03998601841305], [0.9466612005447108, 53.0399208356456], [0.9465708785150775, 53.03981639282108], [0.9465252592559116, 53.0397033090931], [0.9464915749527387, 53.039539870229994], [0.9464154567671051, 53.039477141637136], [0.9464915749527387, 53.03937534980664], [0.9464527073602618, 53.03930751604516], [0.9464977597403393, 53.03919443231718], [0.9464915749527387, 53.039134228644514], [0.9466046586807201, 53.03916638048485], [0.9467145972719414, 53.03925097418117], [0.9467218729900626, 53.03919443231718], [0.9468431425421764, 53.03919443231718], [0.9470004517286552, 53.03924466526833], [0.9469648976875052, 53.03913789045319], [0.9468873680006737, 53.03906161215573], [0.9469439098646645, 53.03899829279143], [0.9470250514984313, 53.03891172299723], [0.9469751851404069, 53.038798639269245], [0.9468873680006737, 53.038816364299805], [0.9469131726591802, 53.03891172299723], [0.9468089003133197, 53.03891172299723], [0.9468742642586537, 53.038798639269245], [0.9467742842726923, 53.03869733799055], [0.9466566462368948, 53.038685555541264], [0.9465945347709807, 53.038742097405255], [0.9464915749527387, 53.038735908020726], [0.9463784912247573, 53.038634424897666], [0.9462930953418964, 53.03857247181328], [0.9462654074967758, 53.038499455485116], [0.9463400756005027, 53.03857247181328], [0.9464110661968061, 53.03851592994929], [0.9464915749527387, 53.03853904097732], [0.9466046586807201, 53.03858970792378], [0.9466046586807201, 53.038505132227385], [0.9464915749527387, 53.03842358140002], [0.94642404701288, 53.03834630435732], [0.9464915749527387, 53.038389362260276], [0.9466046586807201, 53.038450017201164], [0.9467177424087015, 53.03850702998869], [0.9467028676473968, 53.03840284622131], [0.9466612005447108, 53.03829423964127], [0.9467742842726923, 53.03836957582327], [0.946830826136683, 53.0382960386927], [0.9467733951408264, 53.03823322062934], [0.9466884233994549, 53.038120136901355], [0.9466492677041383, 53.03800705317338], [0.9466770625176554, 53.0378939694454], [0.9466046586807201, 53.03780108837051], [0.9465372396978173, 53.03778088571742], [0.946527213632916, 53.03795051130939], [0.946410994953023, 53.03795051130939], [0.9463784912247573, 53.03782127536277], [0.9463219493607665, 53.037897938168456], [0.9463219493607665, 53.03805657177934], [0.9463041478071416, 53.03806359503737], [0.9461828145100388, 53.03806359503737], [0.9462654074967758, 53.03815643215875], [0.9462088656327851, 53.038186376039675], [0.9462175502572556, 53.03828976249333], [0.9463219493607665, 53.03838345783305], [0.9462874876704559, 53.03840284622131], [0.9461962606459905, 53.03834630435732], [0.9460957819048036, 53.038261110753005], [0.9460078234057505, 53.038176678765346], [0.9459624966080208, 53.03823322062934], [0.9460004188319386, 53.03834630435732], [0.9459261563128315, 53.0383092464727], [0.9458254778171957, 53.03828976249333], [0.945714421926561, 53.03828976249333], [0.9455981864260076, 53.03828976249333], [0.9455869051288871, 53.0382772773296], [0.9455765442765983, 53.038176678765346], [0.9456913185859555, 53.038120136901355], [0.9455616782307097, 53.03806359503737], [0.9454738214009057, 53.03799808416843], [0.9453616593236833, 53.0378939694454], [0.9453041958089335, 53.037806121215965], [0.9452476539449428, 53.03771311073511], [0.9451345702169613, 53.03762276957658], [0.9451345702169613, 53.037727091609106], [0.9452255851072693, 53.03783742758141], [0.9453041958089335, 53.03793149417486], [0.9453041751740535, 53.03800705317338], [0.945417279536915, 53.03806037189909], [0.945417279536915, 53.03814642383113], [0.9453041958089335, 53.038066307265346], [0.945351704515933, 53.038176678765346], [0.9453691323949205, 53.03828976249333], [0.9454738214009057, 53.03837505363445], [0.9455501467448669, 53.0384593880853], [0.9456566753971374, 53.03851592994929], [0.9456999888568686, 53.03859331050606], [0.9455869051288871, 53.03852324557536], [0.9455250346317625, 53.0384593880853], [0.945417279536915, 53.03834845087592], [0.9453444866250803, 53.03828976249333], [0.9452476539449428, 53.038177992359145], [0.9451383409442028, 53.038176678765346], [0.9450435032095253, 53.038176678765346], [0.9450130507268445, 53.03806359503737], [0.9449458410649741, 53.03795051130939], [0.944876894784491, 53.03783742758141], [0.9447730539832255, 53.03783742758141], [0.9448429351213388, 53.03795051130939], [0.9449084027609985, 53.038020236070516], [0.9449649446249893, 53.03816908010746], [0.94502148648898, 53.03827253477243], [0.9450015254401657, 53.03828976249333], [0.9449084027609985, 53.03820847939432], [0.9448510776588784, 53.038120136901355], [0.9447724682075743, 53.03800705317338], [0.9447351144018247, 53.0378939694454], [0.9447699409176765, 53.03778088571742], [0.9446822353050356, 53.03770603960102], [0.9445691515770542, 53.03761856978921], [0.9445050641934383, 53.037554718261454], [0.9444498479047486, 53.037611260125445], [0.9445126097130635, 53.037680627768346], [0.9445126097130635, 53.03780346681445], [0.9444284267577269, 53.03772434385343], [0.9443429841210913, 53.03776708226094], [0.9442299003931098, 53.0376744416307], [0.9442299003931098, 53.0378167977879], [0.9442908780447279, 53.0378939694454], [0.9442200612065457, 53.0378939694454], [0.9441176621426645, 53.03778088571742], [0.944051856074177, 53.03772434385343], [0.9439471910731563, 53.03761295995391], [0.9438906492091655, 53.03753568510587], [0.9438341073451748, 53.037434594923276], [0.9437775654811841, 53.03754784138734], [0.9437021144162252, 53.03744163453347], [0.9436392189506796, 53.03732855080549], [0.9435513980252213, 53.0372310532255], [0.9435513980252213, 53.03734484163968], [0.9436169358700012, 53.03744163453347], [0.9436896023282833, 53.037554718261454], [0.9436644817532026, 53.03763788258032], [0.9437680647164622, 53.037667801989436], [0.9438233457558093, 53.037611260125445], [0.9438341073451748, 53.03771910487992], [0.9437210236171933, 53.03776331339239], [0.9436079398892119, 53.03767224961488], [0.9436295948734476, 53.03778088571742], [0.9437210236171933, 53.037863911742626], [0.9437979507528887, 53.03795051130939], [0.9439048519643585, 53.03800705317338], [0.9439804433841784, 53.038120136901355], [0.9440602748011377, 53.038215997546395], [0.9441203608916668, 53.03828976249333], [0.9441733585291191, 53.03835036628909], [0.9441115805895504, 53.03828976249333], [0.944003732937147, 53.038199914565396], [0.9438906492091655, 53.038123340604194], [0.9438341073451748, 53.03803994549107], [0.9437376797867252, 53.03795051130939], [0.9436343880210198, 53.03795051130939], [0.9437210236171933, 53.038048397017484], [0.9437827615730026, 53.038120136901355], [0.9437210236171933, 53.038111012510434], [0.9436439775994414, 53.038176678765346], [0.9435513980252213, 53.03814815457204], [0.9434746867711759, 53.03806359503737], [0.943381772433249, 53.03795372565793], [0.9433079033210425, 53.0378939694454], [0.9432121468412769, 53.037800547499664], [0.9431265986878994, 53.03772434385343], [0.9430275969548292, 53.037667801989436], [0.9429431565344611, 53.037554718261454], [0.9428728956573326, 53.037484446155155], [0.9427598119293511, 53.03740702576733], [0.9428066037829189, 53.03749817639746], [0.9428728956573326, 53.03758654305892], [0.9428728956573326, 53.03770285152485], [0.9427601781681072, 53.037611260125445], [0.9427032700653604, 53.03752078851538], [0.942590186337379, 53.03745641233295], [0.9425938875370313, 53.037554718261454], [0.942590186337379, 53.03769284096479], [0.9425251504640152, 53.037611260125445], [0.9424443165177728, 53.03749817639746], [0.9423312896123245, 53.03749817639746], [0.942393610809429, 53.037611260125445], [0.942363808343533, 53.037667801989436], [0.9422629206417545, 53.03772434385343], [0.9423640188814161, 53.037817751453545], [0.9424224971020884, 53.0378939694454], [0.9423488408796571, 53.0378939694454], [0.9422871965194882, 53.03778088571742], [0.9421830798013959, 53.03772434385343], [0.9420964720420226, 53.037611260125445], [0.9420247676974718, 53.037525921933714], [0.9419258332114786, 53.03744163453347], [0.9418184702121455, 53.03738509266948], [0.9417420583775181, 53.03728641712642], [0.9416416769491304, 53.0372720089415], [0.9417382705047389, 53.03738509266948], [0.9417420583775181, 53.037471555730924], [0.9416413867787984, 53.03738509266948], [0.9415830194897823, 53.03744163453347], [0.9415158909215553, 53.03739401104641], [0.9414344983140522, 53.03738509266948], [0.9413545796199195, 53.03744163453347], [0.9413045000117536, 53.03732855080549], [0.9412644859675718, 53.03738509266948], [0.9411661757194574, 53.03738509266948], [0.9410635560096295, 53.03727695493856], [0.9410635560096295, 53.037441153691496], [0.9410607466540704, 53.03744163453347], [0.9409504722816481, 53.03735811179435], [0.9408939304176573, 53.037249995194955], [0.9408229275287694, 53.03715892521352], [0.9407808466896759, 53.037029781077464], [0.9407243048256853, 53.036924309190674], [0.9406277897247362, 53.036876215893564], [0.9406677629616945, 53.036994265077375], [0.9407494151690501, 53.03710238334953], [0.9407808466896759, 53.03722427287564], [0.9408070309027936, 53.03738509266948], [0.9407243048256853, 53.03733459553788], [0.9406677629616945, 53.037235096732616], [0.9406112210977038, 53.037135646261305], [0.9405271715521039, 53.037045841485536], [0.9404803284790141, 53.03710238334953], [0.940516591837018, 53.03721546707751], [0.9404320813555789, 53.03721546707751], [0.9403547145147443, 53.03710238334953], [0.9403285117777501, 53.03696693076179], [0.940280398535238, 53.03710238334953], [0.9403285117777501, 53.03722207124492], [0.9402949288882873, 53.0372720089415], [0.9402520706285746, 53.03715892521352], [0.9401779263242219, 53.037045841485536], [0.9401473784510569, 53.03710238334953], [0.9400458024577966, 53.037086708292776], [0.9399327187298151, 53.03714446195359], [0.9398203461532706, 53.037045841485536], [0.939763093137843, 53.03698216670252], [0.9397065512738523, 53.03684833024838], [0.9396043221576916, 53.03676313216558], [0.9395369256818801, 53.036674830336935], [0.9395369256818801, 53.03677642723274], [0.9396005973151967, 53.036876215893564], [0.9396671858220282, 53.036989299621546], [0.939763093137843, 53.037092528233465], [0.9397379784941072, 53.03710238334953], [0.9396174159382482, 53.03710238334953], [0.9395571667578407, 53.037045841485536], [0.9394826963582641, 53.036932757757555], [0.9394379201931515, 53.03681967402957], [0.9393826766192797, 53.03670659030159], [0.9393107582259173, 53.03663038888292], [0.9392452063561778, 53.03659350657361], [0.9391976744979358, 53.036652640940204], [0.9392829683674281, 53.03676313216558], [0.9393256319483378, 53.036876215893564], [0.9394238419538986, 53.03697851005359], [0.93942651237633, 53.03710238334953], [0.9393107582259173, 53.03710282258926], [0.9392488105078761, 53.037045841485536], [0.9391618740743314, 53.03710238334953], [0.9390845907699543, 53.03709859695242], [0.9389921648504223, 53.036989299621546], [0.9389521557290815, 53.036876215893564], [0.938885142082626, 53.03676313216558], [0.9390280489059636, 53.03673625869761], [0.9391383520577632, 53.03681967402957], [0.9390280489059636, 53.03677521569127], [0.9390280489059636, 53.03688077263054], [0.9391104183435408, 53.036989299621546], [0.9391706645527385, 53.036932757757555], [0.939143589654918, 53.03676313216558], [0.9390952571081721, 53.0366500484376], [0.9390280489059636, 53.036678733039274], [0.938940758599876, 53.03659350657361], [0.9388870758299614, 53.03648042284563], [0.938828987249447, 53.03653696470962], [0.9388669378956348, 53.0366500484376], [0.9388127180733942, 53.03676313216558], [0.9387828599083673, 53.03670659030159], [0.9387336116291658, 53.0366500484376], [0.9386871801516744, 53.03676313216558], [0.93874533958601, 53.03683195528647], [0.9388327698797929, 53.036932757757555], [0.9389149651779821, 53.03703248052059], [0.9389149651779821, 53.03714683571534], [0.9388229434901281, 53.037045841485536], [0.93874533958601, 53.03696683638673], [0.9386887977220193, 53.03687045343152], [0.938607026491798, 53.03676313216558], [0.9385191721300471, 53.03668034910274], [0.9384371087713969, 53.0366500484376], [0.938349546538075, 53.03672211428225], [0.9383902789289332, 53.0366500484376], [0.9382742590783779, 53.0366500484376], [0.9381799209461028, 53.036706785924], [0.9381233790821121, 53.03660112796035], [0.9380668372181213, 53.036508486540896], [0.9380643189672385, 53.0366500484376], [0.9380102953541306, 53.036784493528394], [0.9379537534901399, 53.03666485968188], [0.9378972116261493, 53.036562202969755], [0.9378253875329385, 53.03653696470962], [0.9378026303913387, 53.03670659030159], [0.9378488534628162, 53.03681967402957], [0.9378997397680674, 53.036932757757555], [0.9378406697621585, 53.036881676709676], [0.9377841278981678, 53.03677103362791], [0.9377637139501236, 53.0366500484376], [0.937671578223576, 53.03653696470962], [0.9376462517319291, 53.03659350657361], [0.9375104477880476, 53.03659350657361], [0.9374675010631395, 53.0366500484376], [0.9373883348502328, 53.03664108905797], [0.937313370938237, 53.03659350657361], [0.9372253332486902, 53.0366500484376], [0.9371621673942698, 53.036542761177785], [0.9370918169348142, 53.03648042284563], [0.9370171193127282, 53.03653696470962], [0.9370839387622064, 53.0366500484376], [0.9369925418022976, 53.03662537013581], [0.9369190044992246, 53.03653696470962], [0.9368302675451664, 53.03648042284563], [0.9367098324823441, 53.0365347937295], [0.9365967487543626, 53.0365376364521], [0.9365402068903719, 53.036466726550756], [0.9364836650263811, 53.036568365862074], [0.9363826275090721, 53.0366500484376], [0.936314039434409, 53.036625961725804], [0.9362009557064276, 53.036582864332026], [0.9361323576344315, 53.03659350657361], [0.9360663773537038, 53.03648042284563], [0.9359592315782735, 53.03648042284563], [0.9360009874474203, 53.03659350657361], [0.935918246386474, 53.03658950304205], [0.9358182320890304, 53.03653696470962], [0.9358051626584926, 53.03664649201384], [0.9357486207945018, 53.03666498950637], [0.9356729106340943, 53.03659350657361], [0.9356327287380307, 53.03653696470962], [0.9355789952025296, 53.03666757567869], [0.9354987357301904, 53.03659350657361], [0.9354523122044395, 53.03653696470962], [0.9353835866919306, 53.03659350657361], [0.9352962858825761, 53.036517705531445], [0.9352339196531976, 53.03659350657361], [0.9353280872596657, 53.0366500484376], [0.9353528277465668, 53.03673328491907], [0.9352397440185853, 53.036651934601615], [0.93516849862715, 53.03659350657361], [0.9351218176982308, 53.03653696470962], [0.9351266602906039, 53.03668028373171], [0.9350701184266131, 53.03673476274475], [0.934997123650711, 53.0366500484376], [0.934900492834641, 53.03655428601015], [0.9348439509706503, 53.03665591823244], [0.9347315848969954, 53.03659350657361], [0.9346431482407862, 53.03659350657361], [0.934681761358358, 53.03670659030159], [0.9346566669458782, 53.03676313216558], [0.9345847201871699, 53.0366500484376], [0.934504699786706, 53.03669590406743], [0.9344239554095293, 53.0366500484376], [0.9344611943270404, 53.03676313216558], [0.9343916160587246, 53.036733801509584], [0.9342999298231653, 53.0366500484376], [0.9342168158473992, 53.0366500484376], [0.9342691958264666, 53.03676313216558], [0.9341654486027616, 53.03672258522515], [0.9341089067387709, 53.036641899941934], [0.93405220105708, 53.03659350657361], [0.9340568096268782, 53.03670659030159], [0.9340083580858007, 53.03676313216558], [0.9339392811467988, 53.036769125541426], [0.9338446149345345, 53.03670659030159], [0.9338196850132092, 53.03676313216558], [0.9337131136908359, 53.03673551675265], [0.9336565718268451, 53.036823095352275], [0.9336000299628544, 53.036756753084745], [0.9335434880988638, 53.036845084720696], [0.9334918753879635, 53.03670659030159], [0.9334552005323454, 53.03676313216558], [0.9334304043708823, 53.03688451171951], [0.9333738625068916, 53.03680400750746], [0.9333173206429008, 53.03690981351156], [0.9332361275759073, 53.03681967402957], [0.93312748621511, 53.03681967402957], [0.9330346113229473, 53.03681007533961], [0.9329780694589566, 53.0369285354367], [0.9329137034738569, 53.036876215893564], [0.9328192808393874, 53.036932757757555], [0.9327519020029936, 53.03686348155435], [0.9326953601390029, 53.03696326370676], [0.9325822764110215, 53.03690925552567], [0.9325257345470308, 53.03699932693855], [0.9324126508190493, 53.03696687822964], [0.9323424806209456, 53.037045841485536], [0.9322047721718086, 53.03710238334953], [0.9320760870211535, 53.03715892521352], [0.931972501280135, 53.03721546707751], [0.9319037740431328, 53.037278873303976], [0.9318380131961448, 53.0372720089415], [0.9317341484511606, 53.03736215917826], [0.9315645228591886, 53.03735607507895], [0.9315079809951978, 53.03744457982175], [0.9313948972672164, 53.037501529216954], [0.9313313406985823, 53.03749817639746], [0.9312252716752442, 53.03755991795571], [0.9311121879472628, 53.03764031664895], [0.9310111301947789, 53.03772434385343], [0.9308860204912999, 53.03774113633827], [0.9307892806122704, 53.03783742758141], [0.930659853035337, 53.03785390011891], [0.9305809367994632, 53.03795051130939], [0.9304336855793741, 53.03796359836595], [0.9303771437153834, 53.0380774634036], [0.9302075181234113, 53.03809123446887], [0.930102390087064, 53.038176678765346], [0.9299813506674484, 53.03822022426064], [0.9298682669394669, 53.038255897657734], [0.9297551832114854, 53.03831238952167], [0.9296420994835041, 53.03836458823239], [0.9295249681394451, 53.03840284622131], [0.9293729332095071, 53.0384593880853], [0.929246306435569, 53.03851125453777], [0.9291360242347385, 53.03857247181328], [0.9290201389796061, 53.03859024425957], [0.9289070552516246, 53.038631531068475], [0.9287939715236433, 53.03871933069744], [0.9286243459316711, 53.038719085711506], [0.9285112622036896, 53.03878896722361], [0.9283981784757082, 53.03882476612423], [0.9282850947477268, 53.03886825796392], [0.9281154691557546, 53.03889149482677], [0.9280023854277731, 53.0389658728008], [0.9278893016997917, 53.039011094616086], [0.9277717195017545, 53.03902480672521], [0.9276631342438288, 53.03908270016561], [0.9275322638202962, 53.03913789045319], [0.9274369667878659, 53.03921922087113], [0.9273238830598846, 53.03925915868878], [0.9272673411958938, 53.03936671596385], [0.9270977156039216, 53.03940788267835], [0.927012469631325, 53.039477141637136], [0.9268715481479588, 53.039515374219405], [0.9267584644199773, 53.039582439760856], [0.9266453806919959, 53.039611948319966], [0.9265322969640144, 53.03966343649728], [0.9263860089112844, 53.0397033090931], [0.9262495876440608, 53.03974048491821], [0.9261365039160794, 53.03978928322239], [0.9260279354294999, 53.03981639282108], [0.9259668783241072, 53.03983957826668], [0.9258537945961258, 53.03988352797687], [0.9257106176680509, 53.03992947654906], [0.9255710852761722, 53.03996535743123], [0.9254580015481907, 53.04000385695116], [0.9253449178202093, 53.0400656740002], [0.9252318340922279, 53.04012052543885], [0.9251187503642464, 53.04019914371501], [0.9250056666362649, 53.0402655589083], [0.9249036365823867, 53.040325269597], [0.9247794991803021, 53.04037292486335], [0.9246855281647977, 53.04043835332498], [0.9245533317243392, 53.040481536877415], [0.9244538795629347, 53.04055143705296], [0.9243271642683764, 53.04058833909825], [0.9242173797309124, 53.04066452078094], [0.9241009968124134, 53.04070275987214], [0.9239879130844321, 53.040747405673436], [0.9238509035551364, 53.040777604508925], [0.9237052037644784, 53.04080809608907], [0.9235921200364969, 53.04084730995953], [0.9234224944445248, 53.040879122854314], [0.9233094107165434, 53.040916661966534], [0.9231963269885619, 53.04096870938433], [0.9230832432605804, 53.04102137126578], [0.9229701595325991, 53.041076025037334], [0.9228570758046176, 53.041141372579744], [0.9227439920766362, 53.04117573693632], [0.9226309083486547, 53.041232594808385], [0.9224612827566826, 53.041276920640875], [0.9223481990287011, 53.04132230657749], [0.9222351153007197, 53.041370804402874], [0.9221220315727382, 53.0414177009456], [0.9220089478447568, 53.0414706376912], [0.9218846191453749, 53.0415126487408], [0.9217827803887939, 53.041576241741474], [0.9216558754160421, 53.04162573246878], [0.9215302058982809, 53.04168227433277], [0.921407739554099, 53.04173881619676], [0.9213024970487318, 53.04179535806075], [0.921160819884896, 53.041844943845604], [0.9210545248548618, 53.041908441788735], [0.9209346524289331, 53.041946790882854], [0.9208215687009517, 53.041999077247], [0.9207084849729702, 53.04204993355452], [0.9205954012449888, 53.04211540382824], [0.9204823175170074, 53.042163735086156], [0.9203692337890259, 53.04221614790574], [0.9202360572620151, 53.04224769297268], [0.9200865244690724, 53.042286202269814], [0.9199734407410909, 53.04233040992273], [0.9198603570131094, 53.04238373409294], [0.919747273285128, 53.04244448123639], [0.9196341895571466, 53.042519679833134], [0.9195211058291651, 53.04257948907163], [0.9194214761176365, 53.042643486020616], [0.9192949383732022, 53.04269382903588], [0.9191818546452208, 53.04275354018752], [0.9190687709172394, 53.04281012602901], [0.9189556871892579, 53.04285112755101], [0.9188426034612764, 53.04288851366088], [0.918729519733295, 53.04294088083456], [0.9186164360053136, 53.04299515138029], [0.9185033522773322, 53.04306072746453], [0.9183902685493507, 53.0431166951529], [0.9182771848213692, 53.04318223546474], [0.9181641010933879, 53.04324745662725], [0.9180510173654064, 53.04330804993157], [0.9179379336374249, 53.04336837155119], [0.9178248499094435, 53.04340458635394], [0.9177117661814621, 53.04348092781607], [0.9175986824534806, 53.04353308369986], [0.9174855987254992, 53.043598359648925], [0.9174069852841636, 53.04366123957245], [0.9173002819655085, 53.04371778143644], [0.9171463475415549, 53.043770588787744], [0.9170332638135734, 53.0438272348689], [0.9169399206733124, 53.043887407028414], [0.9168636382216012, 53.043948646707875], [0.9167505544936199, 53.04401925390063], [0.9166249712972618, 53.04405703262039], [0.9165243870376569, 53.04412180464907], [0.9164113033096755, 53.04418862966657], [0.9162843331347023, 53.04422665821236], [0.9161851358537126, 53.0442932035028], [0.9160720521257312, 53.04435896673526], [0.9159589683977497, 53.0444079767806], [0.9158458846697684, 53.0444710968846], [0.9157328009417869, 53.04452279776115], [0.9156079398861228, 53.044565909396304], [0.915506633485824, 53.044652305106524], [0.9153964606678899, 53.04473553498827], [0.9153370078938519, 53.044719332007446], [0.9152804660298611, 53.0448018798421], [0.9151431051160275, 53.04484861871625], [0.9150542985738982, 53.04494193000791], [0.9149412148459167, 53.04499490843523], [0.9148281311179354, 53.045035602095005], [0.9147150473899539, 53.04509291077531], [0.9146019636619724, 53.04513527100562], [0.914488879933991, 53.04520365705435], [0.9143757962060096, 53.045280949179066], [0.9142676943595406, 53.04535749549217], [0.9141496287500467, 53.04539790207748], [0.9140368006563047, 53.04547057922015], [0.9139234612940839, 53.045520677193544], [0.913813858436508, 53.04558366294813], [0.913723945329028, 53.04564020481212], [0.9136352527503384, 53.045696746676114], [0.9134924559990157, 53.045753288540105], [0.9134091539967447, 53.045809830404096], [0.9133015007901859, 53.04587373281195], [0.9131318751982137, 53.04590834906523], [0.9130620939933444, 53.04597945599607], [0.9129622496062416, 53.04604670772394], [0.9128462480441816, 53.04609253972405], [0.9127140755674302, 53.04614908158804], [0.9125820141295363, 53.04620562345203], [0.9124578825612094, 53.04626216531602], [0.9123860325175929, 53.04631870718001], [0.9122837472383529, 53.04637578607888], [0.9121446600290974, 53.046431790907995], [0.9120010379183994, 53.046483525478024], [0.9119014713379898, 53.04654487463598], [0.9117748704624364, 53.04658804111032]]}}, {"type": "Feature", "properties": {"depth": -5.0}, "geometry": {"type": "LineString", "coordinates": [[0.9784942699714864, 53.044516444119346], [0.9783734303441601, 53.044565909396304], [0.9784377281074956, 53.044631114255345], [0.9785082003498005, 53.044565909396304]]}}, {"type": "Feature", "properties": {"depth": -5.0}, "geometry": {"type": "LineString", "coordinates": [[0.9793989397953379, 53.044316437505636], [0.9793059595370717, 53.04439628380433], [0.9793493635041489, 53.04445282566832], [0.979454374929045, 53.04433974194034]]}}, {"type": "Feature", "properties": {"depth": -5.0}, "geometry": {"type": "LineString", "coordinates": [[0.9796816491152914, 53.04413451907305], [0.9795122118363331, 53.04417011634837], [0.9796129241017769, 53.04428320007635], [0.9796598102492118, 53.04439628380433], [0.9797381909792822, 53.0443571042553], [0.9797947328432729, 53.0443177780023], [0.9797275369350246, 53.04422665821236]]}}, {"type": "Feature", "properties": {"depth": -5.0}, "geometry": {"type": "LineString", "coordinates": [[0.9796855417870501, 53.04343507211649], [0.9797947328432729, 53.04354447327806], [0.9799078165712544, 53.04348030113287], [0.9798628923406039, 53.04354815584447], [0.9797919222046834, 53.04354815584447], [0.9796816491152914, 53.0434411079184], [0.9796855417870501, 53.04343507211649]]}}, {"type": "Feature", "properties": {"depth": -5.0}, "geometry": {"type": "LineString", "coordinates": [[0.9799294074843894, 53.04315236279653], [0.9800209002992357, 53.04324772671377], [0.9801339840272172, 53.043292994816085], [0.9802271091440785, 53.0433785302525], [0.9801656020141285, 53.04349161398048], [0.9800901422780928, 53.04354815584447], [0.9800737192730241, 53.04343507211649], [0.9801339840272172, 53.04346854539689], [0.9801339840272172, 53.04336665843841], [0.9800209002992357, 53.04328088966734], [0.9799623059428451, 53.043208904660524], [0.9798187558203981, 53.043208904660524], [0.9799078165712544, 53.04330601554492], [0.9798870448701071, 53.043321988388506], [0.9797944904737531, 53.043265446524515], [0.9797381909792822, 53.04319276108431], [0.9798512747072636, 53.04314852466913]]}}, {"type": "Feature", "properties": {"depth": -5.0}, "geometry": {"type": "LineString", "coordinates": [[0.9795260202222595, 53.04343507211649], [0.9795685653873101, 53.04350253249314], [0.9794554816593286, 53.04343884429298], [0.9795120235233192, 53.04341624021153]]}}, {"type": "Feature", "properties": {"depth": -5.0}, "geometry": {"type": "LineString", "coordinates": [[0.9795352989543455, 53.043208904660524], [0.9796552202838464, 53.043265446524515], [0.9796816491152914, 53.043323853580816], [0.9795685653873101, 53.04326686368585], [0.9794853850881204, 53.043208904660524]]}}, {"type": "Feature", "properties": {"depth": -5.0}, "geometry": {"type": "LineString", "coordinates": [[0.951308733891396, 53.04303927906855], [0.9512410915279592, 53.04309712674318], [0.9511845496639685, 53.04308610917962], [0.9512976333919498, 53.04303583238115]]}}, {"type": "Feature", "properties": {"depth": -5.0}, "geometry": {"type": "LineString", "coordinates": [[0.9795893631996209, 53.04298273720456], [0.9796816491152914, 53.0430724007428], [0.9796698172824744, 53.04309582093254], [0.9795685653873101, 53.043102746847694], [0.9796204477599736, 53.04303927906855], [0.9795685653873101, 53.042974846422005]]}}, {"type": "Feature", "properties": {"depth": -5.0}, "geometry": {"type": "LineString", "coordinates": [[0.9810951957150594, 53.04296060479175], [0.9810951957150594, 53.04305267201808], [0.9811589223739312, 53.04309582093254], [0.981120526344193, 53.04298273720456]]}}, {"type": "Feature", "properties": {"depth": -5.0}, "geometry": {"type": "LineString", "coordinates": [[0.9794070278625177, 53.04298273720456], [0.9794554816593286, 53.04305118225326], [0.9793423979313471, 53.042987249680245], [0.9793989397953379, 53.04297627909229]]}}, {"type": "Feature", "properties": {"depth": -5.0}, "geometry": {"type": "LineString", "coordinates": [[0.9812648213070316, 53.04290695851038], [0.9812082794430409, 53.04295500326291], [0.9813213631710224, 53.04300043639042], [0.981280865217422, 53.04292619534057]]}}, {"type": "Feature", "properties": {"depth": -5.0}, "geometry": {"type": "LineString", "coordinates": [[0.9512666287164601, 53.04270002788461], [0.951379369425661, 53.0427565697486], [0.9512975380438099, 53.0427565697486], [0.9511280077999777, 53.042710572465026], [0.9510149240719963, 53.042773997830004], [0.9509018403440148, 53.04283328326373], [0.9508452984800241, 53.04279693944114], [0.9509583822080055, 53.042755324801156], [0.9511158270434545, 53.04270002788461], [0.9512410915279592, 53.042688259998066]]}}, {"type": "Feature", "properties": {"depth": -5.0}, "geometry": {"type": "LineString", "coordinates": [[0.9793993545468711, 53.04270002788461], [0.9795120235233192, 53.0427980916987], [0.9795061665538062, 53.04281311161259], [0.9793989397953379, 53.04270107952557], [0.9793993545468711, 53.04270002788461]]}}, {"type": "Feature", "properties": {"depth": -5.0}, "geometry": {"type": "LineString", "coordinates": [[0.9805863189391429, 53.042687935649816], [0.9804732352111616, 53.042740843025456], [0.9804732352111616, 53.04281591121667], [0.9805863189391429, 53.042777044530595], [0.9805863189391429, 53.042687935649816]]}}, {"type": "Feature", "properties": {"depth": -5.0}, "geometry": {"type": "LineString", "coordinates": [[0.9813213631710224, 53.04272424647223], [0.9812171500545304, 53.04281311161259], [0.9813779050350131, 53.042862251717175], [0.9813498030645393, 53.0427565697486]]}}, {"type": "Feature", "properties": {"depth": -5.0}, "geometry": {"type": "LineString", "coordinates": [[0.9509157305585653, 53.042586944156625], [0.9509583822080055, 53.0426596655047], [0.9508452984800241, 53.042709600281206], [0.9507322147520427, 53.042758632184764], [0.9507719478275664, 53.04270002788461], [0.95089459052062, 53.042643486020616], [0.9507591433030218, 53.042586944156625], [0.9509018403440148, 53.04256882753551]]}}, {"type": "Feature", "properties": {"depth": -5.0}, "geometry": {"type": "LineString", "coordinates": [[0.9523773602778856, 53.042530402292634], [0.9525176823879632, 53.042586944156625], [0.9526198071638952, 53.042643486020616], [0.9526546381277272, 53.04270687023651], [0.9525415543997457, 53.0426615521697], [0.9524284706717643, 53.04258706596465], [0.9523153869437828, 53.042542320762834], [0.9523719288077735, 53.042526480209354]]}}, {"type": "Feature", "properties": {"depth": -5.0}, "geometry": {"type": "LineString", "coordinates": [[0.9539326638451301, 53.04236077670066], [0.953898559135523, 53.04245406805404], [0.9540116428635045, 53.04240235019692], [0.954124726591486, 53.04242597142495], [0.9541812684554767, 53.042480024291514], [0.954124726591486, 53.04257999887338], [0.9542378103194673, 53.04262366169371], [0.954294352183458, 53.04264810976011], [0.9541812684554767, 53.042707341765414], [0.9540681847274952, 53.042656898637745], [0.9541204318390045, 53.042586944156625], [0.9540081282276857, 53.042586944156625], [0.953898559135523, 53.04264809276871], [0.9537854754075415, 53.042604906043856], [0.9536723916795602, 53.042539544898744], [0.9536723916795602, 53.04247272158245], [0.9537854754075415, 53.042515311970256], [0.9538420172715323, 53.04259511857108], [0.9539551009995137, 53.04254385643082], [0.953898559135523, 53.042488262390265], [0.9537854754075415, 53.04243409124314], [0.9538242467035475, 53.04236077670066], [0.9539326638451301, 53.04236077670066]]}}, {"type": "Feature", "properties": {"depth": -5.0}, "geometry": {"type": "LineString", "coordinates": [[0.9545831938148714, 53.042586944156625], [0.9546901452313931, 53.04269598197408], [0.9547466870953838, 53.042710524804896], [0.9546336033674023, 53.04264975354079], [0.954520519639421, 53.04259567205384], [0.9545770615034117, 53.042571530405745]]}}, {"type": "Feature", "properties": {"depth": -5.0}, "geometry": {"type": "LineString", "coordinates": [[0.9488861969125449, 53.042530402292634], [0.9489794169683303, 53.042627656841184], [0.9489486184874465, 53.042643486020616], [0.948866333240349, 53.04255668187865], [0.9488097913763582, 53.042523298621994]]}}, {"type": "Feature", "properties": {"depth": -5.0}, "geometry": {"type": "LineString", "coordinates": [[0.951693426439885, 53.04257228352723], [0.9516368845758942, 53.042625775376706], [0.9517499683038757, 53.042689999792245], [0.9517079481996511, 53.042586944156625]]}}, {"type": "Feature", "properties": {"depth": -5.0}, "geometry": {"type": "LineString", "coordinates": [[0.9803886129156687, 53.042530402292634], [0.9804166933471709, 53.0425945792634], [0.9803036096191894, 53.04253320443047], [0.9803601514831801, 53.04251868974277]]}}, {"type": "Feature", "properties": {"depth": -5.0}, "geometry": {"type": "LineString", "coordinates": [[0.9515803427119035, 53.04231757288658], [0.9515238008479128, 53.04240908066539], [0.9516197310246516, 53.04247386042864], [0.951693426439885, 53.04243994393292], [0.9516368845758942, 53.04237228523498]]}}, {"type": "Feature", "properties": {"depth": -5.0}, "geometry": {"type": "LineString", "coordinates": [[0.9510149240719963, 53.041875068482746], [0.9510149240719963, 53.04199803743283], [0.9511280077999777, 53.04206936873403], [0.9512410915279592, 53.042127032672745], [0.9512976333919498, 53.042211670742496], [0.9513966822608608, 53.04219115110869], [0.9512976333919498, 53.04226386582227], [0.9511845496639685, 53.0422210299089], [0.9511280077999777, 53.04227175934784], [0.9512410915279592, 53.04233257493123], [0.9513541752559406, 53.042370603693904], [0.951467258983922, 53.04246594428791], [0.9514332506152994, 53.04236077670066], [0.951467258983922, 53.042275963439934], [0.9515238008479128, 53.042219170357015], [0.951467258983922, 53.042156163680644], [0.9513541752559406, 53.04208439231198], [0.9512410915279592, 53.04203251827816], [0.9511280077999777, 53.04197695112494], [0.951061393657169, 53.041908441788735]]}}, {"type": "Feature", "properties": {"depth": -5.0}, "geometry": {"type": "LineString", "coordinates": [[0.9489794169683303, 53.042300728176954], [0.9488853619742872, 53.04236077670066], [0.9490359588323211, 53.042392415056014], [0.9489914033050943, 53.04230423483667]]}}, {"type": "Feature", "properties": {"depth": -5.0}, "geometry": {"type": "LineString", "coordinates": [[0.9524284706717643, 53.04197489720925], [0.9524284706717643, 53.0421155477909], [0.9523719288077735, 53.04214040954349], [0.9522767142994835, 53.04224769297268], [0.9523719288077735, 53.04234820069867], [0.952485012535755, 53.042416801956364], [0.9524513479711426, 53.04230423483667], [0.9524284706717643, 53.04223269820705], [0.9525267796578112, 53.04230423483667], [0.9526129531569301, 53.04230423483667], [0.9525415543997457, 53.04221142018006], [0.9525898059560927, 53.0421346092447], [0.952485012535755, 53.042031461063274]]}}, {"type": "Feature", "properties": {"depth": -5.0}, "geometry": {"type": "LineString", "coordinates": [[0.9571461257964342, 53.04224769297268], [0.9572345291109755, 53.04236007429555], [0.9572910709749662, 53.04237808498753], [0.9571779872469848, 53.04231031105657], [0.9570683913183529, 53.04224769297268]]}}, {"type": "Feature", "properties": {"depth": -5.0}, "geometry": {"type": "LineString", "coordinates": [[0.9806605214656265, 53.04219115110869], [0.9807559445311151, 53.04228425413998], [0.980707635509339, 53.04236077670066], [0.9806994026671244, 53.04234997349806], [0.9806855785541939, 53.04224769297268], [0.9806428608031337, 53.042186609069525]]}}, {"type": "Feature", "properties": {"depth": -5.0}, "geometry": {"type": "LineString", "coordinates": [[0.9823956585868461, 53.042237386946915], [0.9822825748588646, 53.04229579853991], [0.9823374531824818, 53.04236077670066], [0.9824238229829909, 53.04236077670066], [0.9823956585868461, 53.0422651546008]]}}, {"type": "Feature", "properties": {"depth": -5.0}, "geometry": {"type": "LineString", "coordinates": [[0.949657919336219, 53.04223292514552], [0.9496013774722283, 53.04226724306677], [0.9497144612002097, 53.042351010439795], [0.9496812066824492, 53.04224769297268]]}}, {"type": "Feature", "properties": {"depth": -5.0}, "geometry": {"type": "LineString", "coordinates": [[0.9516368845758942, 53.042237126903096], [0.9515803427119035, 53.042287369583754], [0.951693426439885, 53.04235050200469], [0.9516543250573337, 53.04224769297268]]}}, {"type": "Feature", "properties": {"depth": -5.0}, "geometry": {"type": "LineString", "coordinates": [[0.9527677218557086, 53.04210012072952], [0.9526546381277272, 53.04215542832331], [0.9525980962637365, 53.042226064292564], [0.952700422313967, 53.04224769297268], [0.9527111799917178, 53.04226394964058], [0.9527677218557086, 53.0423383567822], [0.95288080558369, 53.04229672399353], [0.9529938893116715, 53.04235917485069], [0.9530504311756622, 53.04227007299397], [0.9529373474476808, 53.04222885861747], [0.9528242637196993, 53.04214053102239]]}}, {"type": "Feature", "properties": {"depth": -5.0}, "geometry": {"type": "LineString", "coordinates": [[0.9574624359089304, 53.04224769297268], [0.9575172384309292, 53.042313780532055], [0.9574041547029477, 53.042269359859375], [0.9574606965669384, 53.0422464304011]]}}, {"type": "Feature", "properties": {"depth": -5.0}, "geometry": {"type": "LineString", "coordinates": [[0.9537289335435508, 53.042102908080714], [0.9536723916795602, 53.04217130269066], [0.9536183819393502, 53.04224769297268], [0.953762293624515, 53.04224769297268], [0.9537854754075415, 53.042147553491354]]}}, {"type": "Feature", "properties": {"depth": -5.0}, "geometry": {"type": "LineString", "coordinates": [[0.9538420172715323, 53.04199997510457], [0.9537854754075415, 53.04205744456068], [0.9538689891198053, 53.0421346092447], [0.9539566486961086, 53.04219115110869], [0.9540681847274952, 53.04225577562379], [0.954235928877666, 53.04224769297268], [0.954124726591486, 53.04218077934738], [0.9540116428635045, 53.042111784055734], [0.953898559135523, 53.0420454401918]]}}, {"type": "Feature", "properties": {"depth": -5.0}, "geometry": {"type": "LineString", "coordinates": [[0.9559906081031797, 53.042153135317214], [0.955934066239189, 53.04220518006116], [0.9560471499671704, 53.042285343096566], [0.9561036918311612, 53.04221632681711], [0.9559906081031797, 53.042153135317214]]}}, {"type": "Feature", "properties": {"depth": -5.0}, "geometry": {"type": "LineString", "coordinates": [[0.9820564074029017, 53.042118453670206], [0.98203794177226, 53.04224769297268], [0.982163167826404, 53.04224769297268], [0.9820715309833998, 53.0421346092447]]}}, {"type": "Feature", "properties": {"depth": -5.0}, "geometry": {"type": "LineString", "coordinates": [[0.9483574564644325, 53.042119575112956], [0.9483009146004417, 53.042179180698355], [0.9484139983284232, 53.042243390786055], [0.9483753569199951, 53.0421346092447]]}}, {"type": "Feature", "properties": {"depth": -5.0}, "geometry": {"type": "LineString", "coordinates": [[0.9533331404956158, 53.04199499720421], [0.9532765986316251, 53.042038479709426], [0.9533830106558167, 53.0421346092447], [0.9534462242235973, 53.04210888755693], [0.9533896823596065, 53.042035303066335]]}}, {"type": "Feature", "properties": {"depth": -5.0}, "geometry": {"type": "LineString", "coordinates": [[0.9557644406472168, 53.041963577802626], [0.9556593304894592, 53.04202152551672], [0.9557644406472168, 53.04212215425691], [0.9558775243751982, 53.04217016055494], [0.9558403133685811, 53.04207806738071], [0.9558775243751982, 53.04198854035008], [0.9557644406472168, 53.041963577802626]]}}, {"type": "Feature", "properties": {"depth": -5.0}, "geometry": {"type": "LineString", "coordinates": [[0.9811517375790502, 53.042006466678096], [0.9810951957150594, 53.04206493199385], [0.981152296810343, 53.0421346092447], [0.9813175334942753, 53.0421346092447], [0.9812082794430409, 53.04204141452907]]}}, {"type": "Feature", "properties": {"depth": -5.0}, "geometry": {"type": "LineString", "coordinates": [[0.9821129492668924, 53.04199047769412], [0.9821129492668924, 53.04207874280161], [0.9822260329948739, 53.04216654359447], [0.9822073646913874, 53.04207806738071], [0.9821129492668924, 53.04199047769412]]}}, {"type": "Feature", "properties": {"depth": -5.0}, "geometry": {"type": "LineString", "coordinates": [[0.9456738352809007, 53.04156919060479], [0.9458017992740009, 53.04162573246878], [0.9459261563128315, 53.04165230497579], [0.9460392400408129, 53.04170779283957], [0.9461489426344771, 53.04179535806075], [0.9462654074967758, 53.041838241848566], [0.9462536457780006, 53.041908441788735], [0.9463219493607665, 53.04200123332237], [0.9462654074967758, 53.04206782920634], [0.9461718431742872, 53.04207806738071], [0.9460392400408129, 53.042062060140495], [0.9459261563128315, 53.041984459735346], [0.9458696144488408, 53.04204711311394], [0.94581307258485, 53.042103108936296], [0.9456434469928778, 53.042082199434866], [0.9455869051288871, 53.04201389451233], [0.9455303632648964, 53.04189529699069], [0.9454161040909016, 53.041851899924744], [0.9453054634894048, 53.04173881619676], [0.945417279536915, 53.04165647238076], [0.9455869051288871, 53.04163897635856], [0.9455831922590127, 53.04156919060479], [0.9456738352809007, 53.04156919060479]]}}, {"type": "Feature", "properties": {"depth": -5.0}, "geometry": {"type": "LineString", "coordinates": [[0.9501667961121355, 53.04194956799358], [0.9501102542481448, 53.0419904141717], [0.9501760274640808, 53.04207806738071], [0.9502718436786456, 53.04202152551672], [0.9501667961121355, 53.04194956799358]]}}, {"type": "Feature", "properties": {"depth": -5.0}, "geometry": {"type": "LineString", "coordinates": [[0.9515238008479128, 53.04199503788873], [0.9514132742896595, 53.04207806738071], [0.9515803427119035, 53.04211163945859], [0.9515494599032244, 53.04202152551672]]}}, {"type": "Feature", "properties": {"depth": -5.0}, "geometry": {"type": "LineString", "coordinates": [[0.9549728545513467, 53.041880015033506], [0.9549728545513467, 53.04199044165455], [0.9550859382793282, 53.042055352107546], [0.9551990220073096, 53.04211063229477], [0.9551990220073096, 53.04201762684063], [0.9550859382793282, 53.041943554650594], [0.9549728545513467, 53.041880015033506]]}}, {"type": "Feature", "properties": {"depth": -5.0}, "geometry": {"type": "LineString", "coordinates": [[0.9581772180976722, 53.041964983652726], [0.9581957407988178, 53.04205864700918], [0.9580826570708363, 53.04198575645376], [0.9580863699410712, 53.04207806738071], [0.9580021797483327, 53.04207806738071], [0.9579695733428548, 53.04200832051686], [0.9580826570708363, 53.04194539658247]]}}, {"type": "Feature", "properties": {"depth": -5.0}, "geometry": {"type": "LineString", "coordinates": [[0.9802535542896859, 53.041964983652726], [0.9803818735020424, 53.04202152551672], [0.9804166933471709, 53.04210245935841], [0.9803036096191894, 53.042025154329835], [0.9802394865058413, 53.041964983652726]]}}, {"type": "Feature", "properties": {"depth": -5.0}, "geometry": {"type": "LineString", "coordinates": [[0.9818867818109296, 53.04181584365013], [0.9817937799386869, 53.041908441788735], [0.9818382902644252, 53.04202152551672], [0.9819433236749202, 53.04209602683145], [0.9819998655389109, 53.04205587496993], [0.9819289766754755, 53.041964983652726], [0.9819433236749202, 53.04188211118856]]}}, {"type": "Feature", "properties": {"depth": -5.0}, "geometry": {"type": "LineString", "coordinates": [[0.9494882937442468, 53.04196490448167], [0.9494317518802561, 53.041987627915915], [0.9495448356082375, 53.04204566523897], [0.949488415721855, 53.041964983652726]]}}, {"type": "Feature", "properties": {"depth": -5.0}, "geometry": {"type": "LineString", "coordinates": [[0.9498275449281912, 53.04188049873464], [0.9497710030642005, 53.04192732963925], [0.9498546833048856, 53.04202152551672], [0.9499784241878755, 53.04202152551672], [0.9498840867921818, 53.04193134378895]]}}, {"type": "Feature", "properties": {"depth": -5.0}, "geometry": {"type": "LineString", "coordinates": [[0.9525415543997457, 53.041869857905425], [0.952485012535755, 53.04195193954054], [0.9525451736735616, 53.04202152551672], [0.9526546381277272, 53.04199819029391], [0.9525980962637365, 53.04192951877966]]}}, {"type": "Feature", "properties": {"depth": -5.0}, "geometry": {"type": "LineString", "coordinates": [[0.9805321829970819, 53.041908441788735], [0.9806428608031337, 53.04200924125891], [0.9806134395888296, 53.04202152551672], [0.9805297770751522, 53.041919487359166], [0.9805321829970819, 53.041908441788735]]}}, {"type": "Feature", "properties": {"depth": -5.0}, "geometry": {"type": "LineString", "coordinates": [[0.9477920378245253, 53.0417538293537], [0.9476813589723813, 53.041851899924744], [0.9478357471998314, 53.041908441788735], [0.9479502385420333, 53.041908441788735], [0.947848579688516, 53.041838949363644]]}}, {"type": "Feature", "properties": {"depth": -5.0}, "geometry": {"type": "LineString", "coordinates": [[0.9523719288077735, 53.04183760617847], [0.9522023032158015, 53.04181633262841], [0.9521144557414825, 53.041908441788735], [0.9522475992528299, 53.041908441788735], [0.9523719288077735, 53.04186017310083]]}}, {"type": "Feature", "properties": {"depth": -5.0}, "geometry": {"type": "LineString", "coordinates": [[0.9503364217041077, 53.0416988406784], [0.950279879840117, 53.04176277949279], [0.9503854602674835, 53.041851899924744], [0.9504495054320891, 53.04183322017678], [0.9503929635680983, 53.04174104474126]]}}, {"type": "Feature", "properties": {"depth": -5.0}, "geometry": {"type": "LineString", "coordinates": [[0.9536723916795602, 53.04171224494227], [0.9536158498155695, 53.04174494521383], [0.9537289335435508, 53.04182958294993], [0.9538420172715323, 53.04186979782995], [0.9537998847179103, 53.04179535806075], [0.9536904399916803, 53.04173881619676]]}}, {"type": "Feature", "properties": {"depth": -5.0}, "geometry": {"type": "LineString", "coordinates": [[0.9554251894632725, 53.041645435812825], [0.955312105735291, 53.04171930572249], [0.9552041996294457, 53.04179535806075], [0.955312105735291, 53.04186360102398], [0.95545338347956, 53.041851899924744], [0.9553304652482791, 53.04179535806075], [0.9554817313272632, 53.04176980465437], [0.955538273191254, 53.04172251686458], [0.9554251894632725, 53.041645435812825]]}}, {"type": "Feature", "properties": {"depth": -5.0}, "geometry": {"type": "LineString", "coordinates": [[0.9503929635680983, 53.04156262442778], [0.9503364217041077, 53.041614758099946], [0.950436862103519, 53.04168227433277], [0.9505060472960798, 53.04176332882427], [0.9506191310240613, 53.04182338095637], [0.950675672888052, 53.04177672113607], [0.9505625891600705, 53.04169884098905], [0.9504679115628708, 53.04162573246878], [0.9503929635680983, 53.04156262442778]]}}, {"type": "Feature", "properties": {"depth": -5.0}, "geometry": {"type": "LineString", "coordinates": [[0.9578564896148735, 53.041720041128784], [0.9577999477508827, 53.04176315482055], [0.9579130314788642, 53.041838067609206], [0.9578764730222517, 53.04173881619676]]}}, {"type": "Feature", "properties": {"depth": -5.0}, "geometry": {"type": "LineString", "coordinates": [[0.9807098872105021, 53.04168227433277], [0.9808151659647826, 53.04173881619676], [0.9808690282590966, 53.04183030825654], [0.9807559445311151, 53.04175061763565], [0.9806780039371087, 53.04168227433277]]}}, {"type": "Feature", "properties": {"depth": -5.0}, "geometry": {"type": "LineString", "coordinates": [[0.9812324125674854, 53.04162573246878], [0.9813340170299307, 53.04168227433277], [0.9814574784585632, 53.04173881619676], [0.9814909887629945, 53.04181571012105], [0.9813779050350131, 53.04174692452621], [0.9812648213070316, 53.041697758398584], [0.9811523375158356, 53.04168227433277], [0.9811517375790502, 53.041814611329166], [0.9810951957150594, 53.04171764624873], [0.9810084107584172, 53.04162573246878], [0.9810951957150594, 53.041663483438256], [0.9812082794430409, 53.04160864642515]]}}, {"type": "Feature", "properties": {"depth": -5.0}, "geometry": {"type": "LineString", "coordinates": [[0.9821129492668924, 53.041455980864946], [0.9820564074029017, 53.04148102780088], [0.9821522857972311, 53.04156919060479], [0.9822260329948739, 53.041665794832866], [0.9822723731272727, 53.04179535806075], [0.9823087803385053, 53.04173881619676], [0.9823956585868461, 53.041757550760536], [0.9824522004508367, 53.04169985069364], [0.9823705183738115, 53.04162573246878], [0.9822385914011214, 53.04156919060479], [0.9821694911308831, 53.04151134885438]]}}, {"type": "Feature", "properties": {"depth": -5.0}, "geometry": {"type": "LineString", "coordinates": [[0.9821129492668924, 53.04167803314706], [0.9820564074029017, 53.041708997398885], [0.9821694911308831, 53.04177518059971], [0.9821187488105287, 53.04168227433277]]}}, {"type": "Feature", "properties": {"depth": -5.0}, "geometry": {"type": "LineString", "coordinates": [[0.9527677218557086, 53.04161281695137], [0.9526546381277272, 53.041672797649966], [0.9527111799917178, 53.0416956142378], [0.95288080558369, 53.041688891684124], [0.9528242637196993, 53.04164155716604]]}}, {"type": "Feature", "properties": {"depth": -5.0}, "geometry": {"type": "LineString", "coordinates": [[0.9574606965669384, 53.04158304155096], [0.957347612838957, 53.041681980624375], [0.9574041547029477, 53.04171262326341], [0.9575728253325669, 53.04168227433277], [0.9574606965669384, 53.04158304155096]]}}, {"type": "Feature", "properties": {"depth": -5.0}, "geometry": {"type": "LineString", "coordinates": [[0.980588965737661, 53.04139956501282], [0.9806994026671244, 53.04148913981983], [0.9807865708644301, 53.04156919060479], [0.9808802304042178, 53.04162573246878], [0.9809255701230873, 53.04168316840696], [0.9808124863951059, 53.041638594427454], [0.9807265785741416, 53.04156919060479], [0.9806428608031337, 53.04151050980759], [0.9805499596693836, 53.04139956501282]]}}, {"type": "Feature", "properties": {"depth": -5.0}, "geometry": {"type": "LineString", "coordinates": [[0.946278753055548, 53.04156919060479], [0.9463813547802657, 53.04162573246878], [0.9463053817237994, 53.04162573246878], [0.9461905223272107, 53.04156919060479], [0.946278753055548, 53.04156919060479]]}}, {"type": "Feature", "properties": {"depth": -5.0}, "geometry": {"type": "LineString", "coordinates": [[0.958534991982762, 53.041495585215145], [0.958534991982762, 53.04161629128838], [0.9586480757107435, 53.04163876034654], [0.9587046175747342, 53.041587387766306], [0.9585915338467528, 53.041534399284]]}}, {"type": "Feature", "properties": {"depth": -5.0}, "geometry": {"type": "LineString", "coordinates": [[0.9829610772267532, 53.041562850932195], [0.9829045353627626, 53.04158964066501], [0.9830176190907439, 53.04163229844372], [0.9829703951218928, 53.04156919060479]]}}, {"type": "Feature", "properties": {"depth": -5.0}, "geometry": {"type": "LineString", "coordinates": [[0.9571779872469848, 53.04150098635925], [0.9570649035190033, 53.0415553276887], [0.957121445382994, 53.04158685049453], [0.9571998535754933, 53.0415126487408]]}}, {"type": "Feature", "properties": {"depth": -5.0}, "geometry": {"type": "LineString", "coordinates": [[0.9509018403440148, 53.04138815958438], [0.9509018403440148, 53.041475043373254], [0.9510149240719963, 53.041566917617025], [0.9509866474901632, 53.04145610687681], [0.9509018403440148, 53.04138815958438]]}}, {"type": "Feature", "properties": {"depth": -5.0}, "geometry": {"type": "LineString", "coordinates": [[0.9816040724909759, 53.041372565084096], [0.9816040724909759, 53.0414713317726], [0.9817171562189574, 53.041567686760494], [0.9816783585234898, 53.04145610687681], [0.9816040724909759, 53.041372565084096]]}}, {"type": "Feature", "properties": {"depth": -5.0}, "geometry": {"type": "LineString", "coordinates": [[0.9503929635680983, 53.04139171920774], [0.95030835895531, 53.04145610687681], [0.9504495054320891, 53.041464968792035], [0.9503980730664379, 53.04139956501282]]}}, {"type": "Feature", "properties": {"depth": -5.0}, "geometry": {"type": "LineString", "coordinates": [[0.9465626519922966, 53.041343023148826], [0.9466046586807201, 53.041414195024046], [0.9464915749527387, 53.04136128642777], [0.946435033088748, 53.04134053776349], [0.9465626519922966, 53.041343023148826]]}}, {"type": "Feature", "properties": {"depth": -5.0}, "geometry": {"type": "LineString", "coordinates": [[0.9605139572224373, 53.04121585272971], [0.9604574153584465, 53.041280575468406], [0.9604008734944558, 53.04128932140491], [0.9604008734944558, 53.04142283065074], [0.9605139572224373, 53.04135162259709], [0.9605945923971302, 53.041343023148826], [0.9606835828144095, 53.041430700799395], [0.9607673777405157, 53.041343023148826], [0.9607966665423909, 53.04125469367482], [0.9606835828144095, 53.04129882219309], [0.960570499086428, 53.041243187005186]]}}, {"type": "Feature", "properties": {"depth": -5.0}, "geometry": {"type": "LineString", "coordinates": [[0.9461590831796783, 53.04128648128484], [0.9462088656327851, 53.041353490386285], [0.9460957819048036, 53.04129260407385], [0.9461523237687943, 53.0412804506349]]}}, {"type": "Feature", "properties": {"depth": -5.0}, "geometry": {"type": "LineString", "coordinates": [[0.9496013774722283, 53.041226366763944], [0.9495448356082375, 53.04126384601739], [0.949657919336219, 53.04131519104751], [0.9496056996936886, 53.04122993942085]]}}, {"type": "Feature", "properties": {"depth": -5.0}, "geometry": {"type": "LineString", "coordinates": [[0.9506191310240613, 53.04122650122337], [0.950547744621755, 53.04128648128484], [0.950675672888052, 53.0413299186242], [0.9506240362216494, 53.04122993942085]]}}, {"type": "Feature", "properties": {"depth": -5.0}, "geometry": {"type": "LineString", "coordinates": [[0.9602877897664744, 53.04122473014442], [0.9602312479024837, 53.041239920838244], [0.9603443316304652, 53.04133516447682], [0.9602946718415298, 53.04122993942085]]}}, {"type": "Feature", "properties": {"depth": -5.0}, "geometry": {"type": "LineString", "coordinates": [[0.9813213631710224, 53.04116255244824], [0.9812648213070316, 53.04120866757228], [0.9813779050350131, 53.04126034681853], [0.9814909887629945, 53.04133249477494], [0.981439136096092, 53.04122993942085], [0.9813367576369925, 53.04117339755686]]}}, {"type": "Feature", "properties": {"depth": -5.0}, "geometry": {"type": "LineString", "coordinates": [[0.9814909887629945, 53.04111449710957], [0.9814344468990037, 53.04114361871033], [0.9815369825434841, 53.04122993942085], [0.9816040724909759, 53.0412872936729], [0.9816606143549667, 53.04125221823357], [0.9815695612605861, 53.04117339755686], [0.9814909887629945, 53.04111449710957]]}}, {"type": "Feature", "properties": {"depth": -5.0}, "geometry": {"type": "LineString", "coordinates": [[0.9501667961121355, 53.04109723234007], [0.9501667961121355, 53.04119392092924], [0.950279879840117, 53.041283319150196], [0.950419716902592, 53.04122993942085], [0.9503557748628715, 53.04117339755686], [0.950249467693862, 53.04117339755686], [0.9501667961121355, 53.04109723234007]]}}, {"type": "Feature", "properties": {"depth": -5.0}, "geometry": {"type": "LineString", "coordinates": [[0.9800280387731806, 53.04111685569287], [0.9801339840272172, 53.04122232795779], [0.9801259358651798, 53.04122993942085], [0.9800209002992357, 53.04115536179211], [0.9800280387731806, 53.04111685569287]]}}, {"type": "Feature", "properties": {"depth": -5.0}, "geometry": {"type": "LineString", "coordinates": [[0.9798595569665107, 53.040721062644934], [0.9799643584352451, 53.04083397068691], [0.9800436517399832, 53.04089068823691], [0.9801339840272172, 53.0409991826091], [0.9802009687846318, 53.04106031382888], [0.9803073039437329, 53.04111685569287], [0.9804166933471709, 53.04121595129941], [0.9803912374095985, 53.04122993942085], [0.9803036096191894, 53.041138309176475], [0.9801905258912079, 53.04106447538513], [0.9801307007007419, 53.04100377196489], [0.9800209002992357, 53.04091025650273], [0.9799641172080776, 53.040834146372916], [0.9798512747072636, 53.040734233123835], [0.9798595569665107, 53.040721062644934]]}}, {"type": "Feature", "properties": {"depth": -5.0}, "geometry": {"type": "LineString", "coordinates": [[0.9469504929180566, 53.04111685569287], [0.9470631930095831, 53.04117339755686], [0.9469988339989609, 53.04117339755686], [0.9469439098646645, 53.041115637753116]]}}, {"type": "Feature", "properties": {"depth": -5.0}, "geometry": {"type": "LineString", "coordinates": [[0.949262126288284, 53.041053771720534], [0.9492055844242933, 53.04107781856802], [0.9493186681522747, 53.041153755902094], [0.9494317518802561, 53.041203194234114], [0.9494882937442468, 53.04115432036612], [0.9493752100162653, 53.041113841211846], [0.949262126288284, 53.041053771720534]]}}, {"type": "Feature", "properties": {"depth": -5.0}, "geometry": {"type": "LineString", "coordinates": [[0.9614186270462888, 53.040987184526614], [0.9613620851822982, 53.04104586321043], [0.9614751689102795, 53.04109744053551], [0.961588252638261, 53.04115658906828], [0.9617013363662424, 53.041218826098294], [0.9617578782302332, 53.041145680430255], [0.9616447945022517, 53.04108866872135], [0.9615317107742702, 53.04104492523386], [0.9614186270462888, 53.040987184526614]]}}, {"type": "Feature", "properties": {"depth": -5.0}, "geometry": {"type": "LineString", "coordinates": [[0.9462227394318214, 53.04038181146099], [0.9463219493607665, 53.0404582800494], [0.9464020829077086, 53.04055143705296], [0.9464915749527387, 53.04064184615405], [0.946567692495224, 53.040721062644934], [0.9466612005447108, 53.04081919042609], [0.9467742842726923, 53.04087812882903], [0.9467396763941669, 53.04089068823691], [0.9466585361064859, 53.040834146372916], [0.9465481168167293, 53.04075090338587], [0.9465294129457441, 53.04089068823691], [0.9466046586807201, 53.040983386913254], [0.9466993877381159, 53.04106031382888], [0.9467783531596855, 53.04111685569287], [0.9467096249022883, 53.04111685569287], [0.9466046586807201, 53.041015118773245], [0.9464915749527387, 53.040969210118845], [0.9463784912247573, 53.040891500955915], [0.9462088656327851, 53.040905953342005], [0.9460957819048036, 53.04085328957721], [0.9460204843354856, 53.040777604508925], [0.9460592467670745, 53.04066452078094], [0.9462088656327851, 53.040617851605155], [0.9463219493607665, 53.04056662841866], [0.9462654074967758, 53.04049565699519], [0.9461894952643288, 53.04043835332498], [0.9462227394318214, 53.04038181146099]]}}, {"type": "Feature", "properties": {"depth": -5.0}, "geometry": {"type": "LineString", "coordinates": [[0.9501667961121355, 53.04087812234736], [0.9501667961121355, 53.04095446675713], [0.9502518250723158, 53.04106031382888], [0.9503364217041077, 53.0411686012033], [0.9503364217041077, 53.04105016714875], [0.9502497163894978, 53.0409472301009], [0.9501667961121355, 53.04087812234736]]}}, {"type": "Feature", "properties": {"depth": -5.0}, "geometry": {"type": "LineString", "coordinates": [[0.9506191310240613, 53.04105291097633], [0.9505625891600705, 53.041093056849526], [0.950675672888052, 53.04113983688016], [0.9506301375524658, 53.04106031382888]]}}, {"type": "Feature", "properties": {"depth": -5.0}, "geometry": {"type": "LineString", "coordinates": [[0.9817736980829481, 53.04099598241536], [0.9817171562189574, 53.04104456688736], [0.9817736980829481, 53.04111867834364], [0.9817930140342531, 53.04100377196489]]}}, {"type": "Feature", "properties": {"depth": -5.0}, "geometry": {"type": "LineString", "coordinates": [[0.9471173821621618, 53.04100377196489], [0.9471700773206273, 53.04107107226443], [0.9470569935926458, 53.041018292607575], [0.9471135354566366, 53.041001285920835]]}}, {"type": "Feature", "properties": {"depth": -5.0}, "geometry": {"type": "LineString", "coordinates": [[0.9470138403333553, 53.040777604508925], [0.9471171878479392, 53.040834146372916], [0.947239384101715, 53.04089068823691], [0.9473397029125995, 53.040978623733736], [0.9474334264671023, 53.04106031382888], [0.9473397029125995, 53.04103477739209], [0.947226619184618, 53.040963894147055], [0.9471136586962275, 53.04089068823691], [0.9470432691733228, 53.040834146372916], [0.9470004517286552, 53.04077054104893]]}}, {"type": "Feature", "properties": {"depth": -5.0}, "geometry": {"type": "LineString", "coordinates": [[0.9476339770892801, 53.0409472301009], [0.9477614278560431, 53.04100377196489], [0.9477920378245253, 53.041074515097826], [0.9476789540965438, 53.04102218319183], [0.947585732881895, 53.0409472301009]]}}, {"type": "Feature", "properties": {"depth": -5.0}, "geometry": {"type": "LineString", "coordinates": [[0.9813213631710224, 53.04098968845009], [0.9812648213070316, 53.04102805375888], [0.9813779050350131, 53.04109747605991], [0.9813396354663945, 53.04100377196489]]}}, {"type": "Feature", "properties": {"depth": -5.0}, "geometry": {"type": "LineString", "coordinates": [[0.9806850489349079, 53.04089068823691], [0.9807700872239256, 53.0409472301009], [0.9808124863951059, 53.04102525131365], [0.9806994026671244, 53.040989302489436], [0.9806145511955605, 53.04089068823691]]}}, {"type": "Feature", "properties": {"depth": -5.0}, "geometry": {"type": "LineString", "coordinates": [[0.9647545970217413, 53.040815975328236], [0.9646980551577506, 53.04086077194966], [0.964811138885732, 53.04093601478472], [0.9647840538884671, 53.040834146372916]]}}, {"type": "Feature", "properties": {"depth": -5.0}, "geometry": {"type": "LineString", "coordinates": [[0.9660550598935279, 53.04074645403255], [0.9659985180295372, 53.04082969751933], [0.9661116017575186, 53.04088998468449], [0.9660937240319981, 53.040777604508925]]}}, {"type": "Feature", "properties": {"depth": -5.0}, "geometry": {"type": "LineString", "coordinates": [[0.9809821119870781, 53.04064949238212], [0.9809255701230873, 53.04071344239285], [0.9809980459643515, 53.040777604508925], [0.9810951957150594, 53.04087935987017], [0.9810951957150594, 53.040770881803404], [0.9810105107790437, 53.04066452078094]]}}, {"type": "Feature", "properties": {"depth": -5.0}, "geometry": {"type": "LineString", "coordinates": [[0.9498840867921818, 53.04066022984552], [0.9498275449281912, 53.04070124753759], [0.9498840867921818, 53.040805788469584], [0.9498968077961992, 53.04066452078094]]}}, {"type": "Feature", "properties": {"depth": -5.0}, "geometry": {"type": "LineString", "coordinates": [[0.9653765575256392, 53.0406600866308], [0.9653200156616485, 53.0406931595988], [0.96543309938963, 53.04076525688146], [0.9655461831176114, 53.04082225057157], [0.9655094957729502, 53.040721062644934], [0.9653826854072, 53.04066452078094]]}}, {"type": "Feature", "properties": {"depth": -5.0}, "geometry": {"type": "LineString", "coordinates": [[0.9682707035437165, 53.04066452078094], [0.9683899186132184, 53.040721062644934], [0.9684298181811382, 53.04080284551005], [0.9683167344531567, 53.040735641141005], [0.9682036507251752, 53.0406652507658], [0.968260192589166, 53.0406560923885]]}}, {"type": "Feature", "properties": {"depth": -5.0}, "geometry": {"type": "LineString", "coordinates": [[0.9812082794430409, 53.0406543630662], [0.9812082794430409, 53.04072737743759], [0.9812933182280705, 53.040777604508925], [0.9812184890946954, 53.04066452078094]]}}, {"type": "Feature", "properties": {"depth": -5.0}, "geometry": {"type": "LineString", "coordinates": [[0.946435033088748, 53.040655273644376], [0.9462821920399516, 53.04066452078094], [0.9463929566845349, 53.040721062644934], [0.9465167063866079, 53.040721062644934], [0.946435033088748, 53.040655273644376]]}}, {"type": "Feature", "properties": {"depth": -5.0}, "geometry": {"type": "LineString", "coordinates": [[0.9499971705201633, 53.04064004691326], [0.9499971705201633, 53.04073136203812], [0.9501146667599248, 53.040721062644934], [0.9500346477802742, 53.04066452078094]]}}, {"type": "Feature", "properties": {"depth": -5.0}, "geometry": {"type": "LineString", "coordinates": [[0.9677528020884392, 53.04060797891695], [0.9678078576772402, 53.04066572589261], [0.9676947739492587, 53.04072146336426], [0.9677466429440845, 53.04066452078094], [0.9676947739492587, 53.040581204777595]]}}, {"type": "Feature", "properties": {"depth": -5.0}, "geometry": {"type": "LineString", "coordinates": [[0.9691243439243096, 53.04060797891695], [0.9692214042770082, 53.04070322691757], [0.969193313834235, 53.040721062644934], [0.9691083205490267, 53.0406252208563], [0.9691243439243096, 53.04060797891695]]}}, {"type": "Feature", "properties": {"depth": -5.0}, "geometry": {"type": "LineString", "coordinates": [[0.9495448356082375, 53.04047568889378], [0.9495448356082375, 53.04059460373501], [0.949512907999222, 53.04066452078094], [0.9496164640454545, 53.04066452078094], [0.9496013774722283, 53.04053658052723]]}}, {"type": "Feature", "properties": {"depth": -5.0}, "geometry": {"type": "LineString", "coordinates": [[0.9646980551577506, 53.04059784265998], [0.9646415132937599, 53.040647772785405], [0.9647545970217413, 53.040704724385016], [0.9647116971937124, 53.04060797891695]]}}, {"type": "Feature", "properties": {"depth": -5.0}, "geometry": {"type": "LineString", "coordinates": [[0.9663377692134815, 53.0405402743676], [0.9662812273494907, 53.04055737861679], [0.9663783735044925, 53.04066452078094], [0.966501948762506, 53.04066452078094], [0.9663943110774722, 53.0405869452824]]}}, {"type": "Feature", "properties": {"depth": -5.0}, "geometry": {"type": "LineString", "coordinates": [[0.9497710030642005, 53.04046657504366], [0.9497144612002097, 53.040581091774406], [0.9497710030642005, 53.0406482835628], [0.9498730205459769, 53.04055143705296], [0.9497710030642005, 53.04046657504366]]}}, {"type": "Feature", "properties": {"depth": -5.0}, "geometry": {"type": "LineString", "coordinates": [[0.9649242226137135, 53.04054575031221], [0.9648676807497227, 53.040583484243925], [0.9649807644777042, 53.04063358600532], [0.9649329675281703, 53.04055143705296]]}}, {"type": "Feature", "properties": {"depth": -5.0}, "geometry": {"type": "LineString", "coordinates": [[0.9801905258912079, 53.040361026076134], [0.9801905258912079, 53.04045068778276], [0.9802761743791385, 53.04055143705296], [0.9803601514831801, 53.04064085928733], [0.9804400606083146, 53.04055143705296], [0.9803194065288219, 53.04049489518897], [0.9802470677551987, 53.04040957753126]]}}, {"type": "Feature", "properties": {"depth": -5.0}, "geometry": {"type": "LineString", "coordinates": [[0.9651503900696763, 53.04047509197531], [0.9650938482056857, 53.04052160102101], [0.965206931933667, 53.04059553347976], [0.9651648318617626, 53.04049489518897]]}}, {"type": "Feature", "properties": {"depth": -5.0}, "geometry": {"type": "LineString", "coordinates": [[0.9656027249816022, 53.040436988355964], [0.9655461831176114, 53.04045787533635], [0.9656563362857618, 53.04055143705296], [0.9656661560259558, 53.04049489518897], [0.9656027249816022, 53.040436988355964]]}}, {"type": "Feature", "properties": {"depth": -5.0}, "geometry": {"type": "LineString", "coordinates": [[0.9698641426508718, 53.04049489518897], [0.9698999066448969, 53.04055882258592], [0.9697868229169154, 53.04049657116814], [0.9697166037144451, 53.04055143705296], [0.9697868229169154, 53.04049245688185]]}}, {"type": "Feature", "properties": {"depth": -5.0}, "geometry": {"type": "LineString", "coordinates": [[0.9797947328432729, 53.040313487308836], [0.9797381909792822, 53.040349146596185], [0.9798512747072636, 53.0404157980461], [0.9799513868974932, 53.04049489518897], [0.9800504634452022, 53.04055143705296], [0.9801521655252112, 53.04055143705296], [0.9800774421632265, 53.04047019374863], [0.9799905964526628, 53.04038181146099], [0.9798512747072636, 53.04036205033193]]}}, {"type": "Feature", "properties": {"depth": -5.0}, "geometry": {"type": "LineString", "coordinates": [[0.9671858971733422, 53.04042304360056], [0.9671293553093515, 53.040466800660475], [0.967242439037333, 53.0405452812423], [0.9672047665503565, 53.04043835332498]]}}, {"type": "Feature", "properties": {"depth": -5.0}, "geometry": {"type": "LineString", "coordinates": [[0.9493752100162653, 53.04018370383468], [0.9493691221181321, 53.040325269597], [0.9494317518802561, 53.040422865524874], [0.9495806556601499, 53.04038181146099], [0.9495309665677651, 53.04026872773301], [0.9494174438826942, 53.04021218586902]]}}, {"type": "Feature", "properties": {"depth": -5.0}, "geometry": {"type": "LineString", "coordinates": [[0.9682036507251752, 53.040261007092035], [0.9681471088611845, 53.04029914395745], [0.968260192589166, 53.04037217554333], [0.9683732763171474, 53.04042434187377], [0.9683263370614282, 53.040325269597], [0.9682122715256481, 53.04026872773301]]}}, {"type": "Feature", "properties": {"depth": -5.0}, "geometry": {"type": "LineString", "coordinates": [[0.9676947739492587, 53.04024612481146], [0.967638232085268, 53.040293092551046], [0.9677513158132495, 53.04037472425883], [0.9677271953414007, 53.04026872773301]]}}, {"type": "Feature", "properties": {"depth": -5.0}, "geometry": {"type": "LineString", "coordinates": [[0.9679209414052217, 53.04024016724429], [0.9679209414052217, 53.04034841304094], [0.9680467606368388, 53.040325269597], [0.9679521233470124, 53.04026872773301]]}}, {"type": "Feature", "properties": {"depth": -5.0}, "geometry": {"type": "LineString", "coordinates": [[0.9455499187498395, 53.03998601841305], [0.9456999888568686, 53.04000210961522], [0.9457565307208593, 53.040144631558945], [0.9458204810354505, 53.04021218586902], [0.9457565307208593, 53.04027931129463], [0.9456434469928778, 53.04022427373799], [0.9455303632648964, 53.040171205417536], [0.9454738214009057, 53.040155296459005], [0.9455303632648964, 53.04005390226997], [0.9455303632648964, 53.03997413785488]]}}, {"type": "Feature", "properties": {"depth": -5.0}, "geometry": {"type": "LineString", "coordinates": [[0.9684863600451289, 53.040121194343314], [0.9684863600451289, 53.04021812189427], [0.9685994437731102, 53.04030263949745], [0.9685994437731102, 53.04018229355266], [0.9684863600451289, 53.040121194343314]]}}, {"type": "Feature", "properties": {"depth": -5.0}, "geometry": {"type": "LineString", "coordinates": [[0.9687125275010917, 53.040134766646055], [0.9687125275010917, 53.04022411125203], [0.9687919889759152, 53.04026872773301], [0.9687413663290282, 53.040155644005026]]}}, {"type": "Feature", "properties": {"depth": -5.0}, "geometry": {"type": "LineString", "coordinates": [[0.9781311985007795, 53.040042560277044], [0.9782115606515327, 53.0401440590527], [0.9783246443795142, 53.04020824080538], [0.9783842537022641, 53.04026872773301], [0.9783246443795142, 53.040230098156805], [0.9782115606515327, 53.040163318754104], [0.9781466551485557, 53.040099102141035], [0.9780984769235512, 53.04002238710293]]}}, {"type": "Feature", "properties": {"depth": -5.0}, "geometry": {"type": "LineString", "coordinates": [[0.9793423979313471, 53.03997031836962], [0.9793423979313471, 53.04004413394083], [0.9794250326322517, 53.040155644005026], [0.9795308993403468, 53.04021218586902], [0.9796251072513007, 53.0402754515764], [0.9796816491152914, 53.040232790959145], [0.9796028473379117, 53.040155644005026], [0.9794793187504771, 53.040099102141035], [0.9793989397953379, 53.04002802135495]]}}, {"type": "Feature", "properties": {"depth": -5.0}, "geometry": {"type": "LineString", "coordinates": [[0.9790031467474029, 53.039985234348364], [0.9790031467474029, 53.04005488928484], [0.9790807999254856, 53.040155644005026], [0.9791727723393749, 53.04023353309969], [0.9791727723393749, 53.04014772360004], [0.9790760765306015, 53.040042560277044], [0.9790031467474029, 53.039985234348364]]}}, {"type": "Feature", "properties": {"depth": -5.0}, "geometry": {"type": "LineString", "coordinates": [[0.9792293142033657, 53.0400293297394], [0.9792293142033657, 53.04010538057151], [0.9793365095829257, 53.04021218586902], [0.9794204405484118, 53.04021218586902], [0.9793423979313471, 53.040138919288374], [0.9792451721178888, 53.040042560277044]]}}, {"type": "Feature", "properties": {"depth": -5.0}, "geometry": {"type": "LineString", "coordinates": [[0.9677513158132495, 53.04007330554436], [0.9676947739492587, 53.040115870002936], [0.9678078576772402, 53.04018958075932], [0.9677740029776917, 53.040099102141035]]}}, {"type": "Feature", "properties": {"depth": -5.0}, "geometry": {"type": "LineString", "coordinates": [[0.9681471088611845, 53.040017936536515], [0.9681471088611845, 53.0401162422563], [0.968260192589166, 53.040202105653705], [0.9682385821390083, 53.040099102141035], [0.9681471088611845, 53.040017936536515]]}}, {"type": "Feature", "properties": {"depth": -5.0}, "geometry": {"type": "LineString", "coordinates": [[0.9501667961121355, 53.0400321676302], [0.9501102542481448, 53.040067736703776], [0.9502233379761262, 53.04012939351067], [0.9501778292677818, 53.040042560277044]]}}, {"type": "Feature", "properties": {"depth": -5.0}, "geometry": {"type": "LineString", "coordinates": [[0.9710482984612038, 53.03992947654906], [0.9711438276526927, 53.03999911082344], [0.9712133716825547, 53.040099102141035], [0.9711438276526927, 53.04007302053531], [0.9710615179565767, 53.03998601841305], [0.9710307439247112, 53.039893553934725]]}}, {"type": "Feature", "properties": {"depth": -5.0}, "geometry": {"type": "LineString", "coordinates": [[0.9719444863644172, 53.03987293468507], [0.9720484974765442, 53.03994507238741], [0.9721543337124208, 53.040042560277044], [0.9721615812045257, 53.04010949207142], [0.9720737398258439, 53.040042560277044], [0.9719919556125535, 53.03995301066866], [0.9719057999232801, 53.03987293468507]]}}, {"type": "Feature", "properties": {"depth": -5.0}, "geometry": {"type": "LineString", "coordinates": [[0.9678643995412309, 53.03990297672764], [0.9678643995412309, 53.03999013554418], [0.9679378473795024, 53.040042560277044], [0.9678949235045053, 53.03992947654906]]}}, {"type": "Feature", "properties": {"depth": -5.0}, "geometry": {"type": "LineString", "coordinates": [[0.9684863600451289, 53.0399186270946], [0.9684863600451289, 53.03999224896863], [0.9685994437731102, 53.04009127553226], [0.9685696373031951, 53.03998601841305], [0.9684863600451289, 53.0399186270946]]}}, {"type": "Feature", "properties": {"depth": -5.0}, "geometry": {"type": "LineString", "coordinates": [[0.9795685653873101, 53.03997446353998], [0.9795120235233192, 53.04000247914036], [0.9796251072513007, 53.04006690126111], [0.9795816081429848, 53.03998601841305]]}}, {"type": "Feature", "properties": {"depth": -5.0}, "geometry": {"type": "LineString", "coordinates": [[0.9784942699714864, 53.03975132261541], [0.9784377281074956, 53.0397801134357], [0.9785508118354771, 53.03986566537133], [0.9786217506088125, 53.03992947654906], [0.9787204374274492, 53.039990645215966], [0.9787769792914399, 53.03996178791236], [0.9786665962174343, 53.03987293468507], [0.9786073536994677, 53.03981635340775], [0.9784942699714864, 53.03975132261541]]}}, {"type": "Feature", "properties": {"depth": -5.0}, "geometry": {"type": "LineString", "coordinates": [[0.9801905258912079, 53.03981402919826], [0.9801905258912079, 53.039885607811065], [0.9802838305717295, 53.03998601841305], [0.9803743893266184, 53.03998601841305], [0.9803036096191894, 53.03990902297371], [0.9801917204699421, 53.03981639282108]]}}, {"type": "Feature", "properties": {"depth": -5.0}, "geometry": {"type": "LineString", "coordinates": [[0.970069532236869, 53.039758299737144], [0.9699497100879966, 53.03975985095709], [0.9699852082872703, 53.03981639282108], [0.9700129903728782, 53.039836974572886], [0.9700243775039316, 53.03992947654906], [0.9700735281165423, 53.03987293468507], [0.9701260741008597, 53.039808305171846]]}}, {"type": "Feature", "properties": {"depth": -5.0}, "geometry": {"type": "LineString", "coordinates": [[0.9707480346047577, 53.039854451967756], [0.9706914927407669, 53.03991009775429], [0.9708045764687484, 53.03997343908018], [0.9707678462697029, 53.03987293468507]]}}, {"type": "Feature", "properties": {"depth": -5.0}, "geometry": {"type": "LineString", "coordinates": [[0.9775330582836441, 53.03980085308504], [0.9774765164196534, 53.039848603601996], [0.977581877368108, 53.03992947654906], [0.9776814463860534, 53.03992947654906], [0.9775896001476349, 53.03984909019942]]}}, {"type": "Feature", "properties": {"depth": -5.0}, "geometry": {"type": "LineString", "coordinates": [[0.9787204374274492, 53.03969816466473], [0.9786638955634585, 53.03973588366462], [0.9787372651988999, 53.03981639282108], [0.9788335211554307, 53.0398946228061], [0.9789064771564716, 53.03992947654906], [0.9788652471080892, 53.03981639282108], [0.9787769792914399, 53.03974372116183]]}}, {"type": "Feature", "properties": {"depth": -5.0}, "geometry": {"type": "LineString", "coordinates": [[0.9792293142033657, 53.03969542189593], [0.9791727723393749, 53.039732017090486], [0.9792323789319348, 53.03981639282108], [0.9793423979313471, 53.0399043640499], [0.9794554816593286, 53.03995002676909], [0.9794554816593286, 53.03987158880478], [0.9793423979313471, 53.03979707044187], [0.9792370759131198, 53.0397033090931]]}}, {"type": "Feature", "properties": {"depth": -5.0}, "geometry": {"type": "LineString", "coordinates": [[0.9715961625646184, 53.03969366378753], [0.9715396207006277, 53.039725204958536], [0.9716527044286092, 53.03980301099777], [0.9716153267792516, 53.0397033090931]]}}, {"type": "Feature", "properties": {"depth": -5.0}, "geometry": {"type": "LineString", "coordinates": [[0.9773634326916719, 53.03945659065724], [0.9773242406493906, 53.03959022536512], [0.9774199745556627, 53.03966980485801], [0.9775330582836441, 53.03973410299891], [0.9776461420116256, 53.03981159329279], [0.9776116494603679, 53.0397033090931], [0.9775330582836441, 53.03963451018528], [0.9774199745556627, 53.03953600242954], [0.9773634326916719, 53.03945659065724]]}}, {"type": "Feature", "properties": {"depth": -5.0}, "geometry": {"type": "LineString", "coordinates": [[0.9718223300205814, 53.039405640356634], [0.971818915901397, 53.039533683501126], [0.9718788718845721, 53.03960930994973], [0.9719354137485627, 53.03972920287248], [0.9720484974765442, 53.03968269154489], [0.9720084865551712, 53.03959022536512], [0.9719265968069636, 53.039533683501126], [0.9718375802041557, 53.039420599773145]]}}, {"type": "Feature", "properties": {"depth": -5.0}, "geometry": {"type": "LineString", "coordinates": [[0.97250083238847, 53.03956579016765], [0.9724442905244792, 53.03963096663913], [0.9725573742524607, 53.039692019512486], [0.9726704579804422, 53.03974980815374], [0.9726386214589353, 53.03964676722911], [0.9725437976020133, 53.03959022536512]]}}, {"type": "Feature", "properties": {"depth": -5.0}, "geometry": {"type": "LineString", "coordinates": [[0.9709742020607205, 53.03957606622683], [0.9709076334879079, 53.03964676722911], [0.9710307439247112, 53.039681764447934], [0.971087285788702, 53.03963235298761], [0.9709742020607205, 53.03957606622683]]}}, {"type": "Feature", "properties": {"depth": -5.0}, "geometry": {"type": "LineString", "coordinates": [[0.9721050393405349, 53.03952583897065], [0.9721050393405349, 53.03960485510562], [0.9722181230685164, 53.03967638591858], [0.9722746649325071, 53.039616712177754], [0.9721615812045257, 53.03955369752837]]}}, {"type": "Feature", "properties": {"depth": -5.0}, "geometry": {"type": "LineString", "coordinates": [[0.9767980140517647, 53.03946846692567], [0.976741472187774, 53.03951138076169], [0.9768241083371902, 53.03959022536512], [0.9769110977797462, 53.03966292193106], [0.9769676396437369, 53.03960465918932], [0.976881115162199, 53.039533683501126], [0.9767980140517647, 53.03946846692567]]}}, {"type": "Feature", "properties": {"depth": -5.0}, "geometry": {"type": "LineString", "coordinates": [[0.9771372652357091, 53.03958005254432], [0.9771372652357091, 53.03966183508145], [0.977257785963948, 53.03964676722911], [0.977152328432846, 53.03959022536512]]}}, {"type": "Feature", "properties": {"depth": -5.0}, "geometry": {"type": "LineString", "coordinates": [[0.9778723094675884, 53.0395879266209], [0.9778157676035977, 53.039593993063036], [0.9779288513315791, 53.03966163134956], [0.9778754232834261, 53.03959022536512]]}}, {"type": "Feature", "properties": {"depth": -5.0}, "geometry": {"type": "LineString", "coordinates": [[0.9748755906760802, 53.03946815164854], [0.9748157070355942, 53.039533683501126], [0.9748755906760802, 53.03959633810045], [0.9749886744040617, 53.03955545963031], [0.9749321325400709, 53.03949419929104]]}}, {"type": "Feature", "properties": {"depth": -5.0}, "geometry": {"type": "LineString", "coordinates": [[0.9761760535478667, 53.03946640873969], [0.9760629698198854, 53.03951549476924], [0.9761157521973278, 53.03959022536512], [0.9761867280251134, 53.03959022536512], [0.9761760535478667, 53.039491195977085]]}}, {"type": "Feature", "properties": {"depth": -5.0}, "geometry": {"type": "LineString", "coordinates": [[0.9791727723393749, 53.039533668662635], [0.9791727723393749, 53.039638124136005], [0.9793052383939899, 53.03959022536512], [0.979172793962145, 53.039533683501126]]}}, {"type": "Feature", "properties": {"depth": -5.0}, "geometry": {"type": "LineString", "coordinates": [[0.9459417682933631, 53.03896826486122], [0.9460685401103468, 53.03902480672521], [0.9461523237687943, 53.03909261788223], [0.946175735605257, 53.03925097418117], [0.9461417402222012, 53.03930751604516], [0.9460193912251158, 53.03930751604516], [0.9459807227461842, 53.039420599773145], [0.9459261563128315, 53.039567449989235], [0.9457664052036711, 53.039533683501126], [0.9456787211073966, 53.039477141637136], [0.9455869051288871, 53.03940945005259], [0.9454886058097401, 53.03930751604516], [0.9455137826880281, 53.03913789045319], [0.9455303632648964, 53.03902420068749], [0.9456434469928778, 53.03903348745937], [0.9456999888568686, 53.03894950043134], [0.94581307258485, 53.03900965591552], [0.9458701765213471, 53.0390813485892], [0.9459261563128315, 53.0391996995176], [0.9459826981768222, 53.03912699364681], [0.9459756568784382, 53.03902480672521], [0.9459261563128315, 53.03896450092897]]}}, {"type": "Feature", "properties": {"depth": -5.0}, "geometry": {"type": "LineString", "coordinates": [[0.9734620440763122, 53.03946073695864], [0.9734055022123215, 53.03948452301321], [0.9735185859403029, 53.03957870631563], [0.9734901811522717, 53.039477141637136]]}}, {"type": "Feature", "properties": {"depth": -5.0}, "geometry": {"type": "LineString", "coordinates": [[0.9757802604999317, 53.03946274679265], [0.9757237186359411, 53.0395088918482], [0.9758368023639225, 53.03957824545846], [0.9758031318535564, 53.039477141637136]]}}, {"type": "Feature", "properties": {"depth": -5.0}, "geometry": {"type": "LineString", "coordinates": [[0.9762891372758482, 53.03935796861529], [0.9762891372758482, 53.03942504260949], [0.9763816327488166, 53.039477141637136], [0.9762956873078157, 53.039364057909154]]}}, {"type": "Feature", "properties": {"depth": -5.0}, "geometry": {"type": "LineString", "coordinates": [[0.9472831610486088, 53.03919289393563], [0.9472154868684913, 53.03925097418117], [0.9472831610486088, 53.03931766924218], [0.9472864076114218, 53.03919443231718]]}}, {"type": "Feature", "properties": {"depth": -5.0}, "geometry": {"type": "LineString", "coordinates": [[0.9443027423850063, 53.038120136901355], [0.944399525985082, 53.0382261888936], [0.9444628818720208, 53.03828976249333], [0.9445691515770542, 53.038365479076454], [0.9445227309688762, 53.0384593880853], [0.9445691515770542, 53.0385922381474], [0.9447387771690263, 53.038590139002245], [0.9448194594020531, 53.038685555541264], [0.9448651419486365, 53.038798639269245], [0.9449649446249893, 53.03890508434415], [0.9450486411472255, 53.03896826486122], [0.9449649446249893, 53.03903557655252], [0.9448683197720522, 53.03896826486122], [0.9447953190330171, 53.03888160762265], [0.9446377272118848, 53.038855181133236], [0.9446256934410449, 53.03871664491386], [0.9445126097130635, 53.03863918918885], [0.9445126097130635, 53.0387707679558], [0.9445691515770542, 53.03880442714748], [0.9444045196376268, 53.038798639269245], [0.9443304189675512, 53.038742097405255], [0.9442801540017222, 53.03862901367727], [0.9441733585291191, 53.03851954791533], [0.9442299003931098, 53.03848110894771], [0.9443671217776273, 53.03851592994929], [0.944399525985082, 53.03863262063673], [0.9444560678490728, 53.038549332160954], [0.944436819847613, 53.0384593880853], [0.9443429841210913, 53.038386505878236], [0.9442825372791253, 53.03840284622131], [0.9443429841210913, 53.03833763819748], [0.9444560678490728, 53.038371462749154], [0.9444425832788405, 53.03828976249333], [0.9443429841210913, 53.03818458121387], [0.9442396175468364, 53.038120136901355]]}}, {"type": "Feature", "properties": {"depth": -5.0}, "geometry": {"type": "LineString", "coordinates": [[0.9461020464490978, 53.0384593880853], [0.9461616647434736, 53.03857247181328], [0.9462088656327851, 53.03863272745521], [0.9461396956958699, 53.03857247181328], [0.9460782137005507, 53.0384593880853]]}}, {"type": "Feature", "properties": {"depth": -5.0}, "geometry": {"type": "LineString", "coordinates": [[0.9439514644376192, 53.03828976249333], [0.9438984799494861, 53.03840284622131], [0.9438341073451748, 53.038380135641276], [0.9438675151572495, 53.03828976249333], [0.9439514644376192, 53.03828976249333]]}}, {"type": "Feature", "properties": {"depth": -5.0}, "geometry": {"type": "LineString", "coordinates": [[0.9430756527549595, 53.03778088571742], [0.9431556049772862, 53.037879196561356], [0.9432121468412769, 53.03798365580608], [0.9433252305692583, 53.03804494569355], [0.9434181163819162, 53.038120136901355], [0.9434389079012776, 53.03823322062934], [0.943381772433249, 53.0382086427288], [0.9433103021580714, 53.038120136901355], [0.9432121468412769, 53.03802502700729], [0.943155513719141, 53.03795051130939], [0.9430425212493048, 53.03785112267534], [0.9429631721029971, 53.03778088571742], [0.9430756527549595, 53.03778088571742]]}}, {"type": "Feature", "properties": {"depth": -5.0}, "geometry": {"type": "LineString", "coordinates": [[0.9439064377203163, 53.03783742758141], [0.9440253577928818, 53.0378939694454], [0.9441168166651284, 53.03798812078954], [0.9442165375791661, 53.03806359503737], [0.9441733585291191, 53.03816912397333], [0.9441498848658744, 53.038176678765346], [0.9441168166651284, 53.03810757405666], [0.9440974138811404, 53.03800705317338], [0.944003732937147, 53.03794105142137], [0.9438906492091655, 53.03784270021749], [0.9439064377203163, 53.03783742758141]]}}, {"type": "Feature", "properties": {"depth": -5.0}, "geometry": {"type": "LineString", "coordinates": [[0.9445458536854421, 53.03795051130939], [0.9446256934410449, 53.038011975207986], [0.9447327377556471, 53.038120136901355], [0.9447387771690263, 53.03818987924419], [0.9446256934410449, 53.03813277774557], [0.9445426102353642, 53.038176678765346], [0.9444346660199264, 53.038120136901355], [0.944399525985082, 53.03805019347608], [0.9445126097130635, 53.03810896989797], [0.9446119817663774, 53.038120136901355], [0.9445449958467503, 53.03800705317338], [0.9444541672616222, 53.03795051130939], [0.9445458536854421, 53.03795051130939]]}}, {"type": "Feature", "properties": {"depth": -5.0}, "geometry": {"type": "LineString", "coordinates": [[0.9428246802321321, 53.03800705317338], [0.9428737167579274, 53.038120136901355], [0.9428163537933418, 53.03807943741349], [0.9427522785402864, 53.03800705317338], [0.9428246802321321, 53.03800705317338]]}}, {"type": "Feature", "properties": {"depth": -5.0}, "geometry": {"type": "LineString", "coordinates": [[0.9430328903838152, 53.03800705317338], [0.9430990631132955, 53.03807475932528], [0.9430519730723684, 53.038120136901355], [0.942985979385314, 53.038034634956375], [0.9430328903838152, 53.03800705317338]]}}, {"type": "Feature", "properties": {"depth": -5.0}, "geometry": {"type": "LineString", "coordinates": [[0.9448518608970078, 53.037531838217674], [0.9447829236762411, 53.037611260125445], [0.9448363756870013, 53.03772434385343], [0.9449263260690969, 53.03778088571742], [0.9450190119056744, 53.0378939694454], [0.9450386472560177, 53.03800705317338], [0.9450934115431556, 53.038120136901355], [0.9451911120809521, 53.038076315880765], [0.9452476539449428, 53.03801098629291], [0.9452555507753564, 53.03795051130939], [0.945176058629373, 53.03795051130939], [0.9451174265986939, 53.0378939694454], [0.9450277393503639, 53.03778088571742], [0.9449649446249893, 53.03769405175498], [0.9448745756876067, 53.037611260125445]]}}, {"type": "Feature", "properties": {"depth": -5.0}, "geometry": {"type": "LineString", "coordinates": [[0.9428313077763409, 53.03778088571742], [0.942775265219875, 53.0378939694454], [0.9427032700653604, 53.037876913266295], [0.942643036613472, 53.03778088571742], [0.9427263736639311, 53.03778088571742], [0.9428163537933418, 53.037770629237464]]}}, {"type": "Feature", "properties": {"depth": -5.0}, "geometry": {"type": "LineString", "coordinates": [[0.9453607376729243, 53.03742433753989], [0.9453041958089335, 53.03754536578408], [0.9453245835850049, 53.037611260125445], [0.945417279536915, 53.03771111701847], [0.9454712762761508, 53.03783742758141], [0.9455102277918144, 53.03778088571742], [0.9455303632648964, 53.037713109219936], [0.945434001849362, 53.037611260125445], [0.9453962402456326, 53.03749817639746]]}}, {"type": "Feature", "properties": {"depth": -5.0}, "geometry": {"type": "LineString", "coordinates": [[0.9431556049772862, 53.03757234391657], [0.9431556049772862, 53.037690014684614], [0.9432686887052676, 53.03775014816338], [0.9432339980732649, 53.037667801989436], [0.9431556049772862, 53.03757234391657]]}}, {"type": "Feature", "properties": {"depth": -5.0}, "geometry": {"type": "LineString", "coordinates": [[0.944003732937147, 53.03740883605553], [0.9439894241701468, 53.037554718261454], [0.9440602748011377, 53.03763483002976], [0.9441733585291191, 53.03772386871705], [0.9441687855841424, 53.037611260125445], [0.9440602748011377, 53.03751037919227], [0.944003732937147, 53.03740883605553]]}}, {"type": "Feature", "properties": {"depth": -5.0}, "geometry": {"type": "LineString", "coordinates": [[0.9441733585291191, 53.03739957110009], [0.9441733585291191, 53.03752948431108], [0.9442299003931098, 53.03762553339534], [0.9443429841210913, 53.03769583276205], [0.9443429841210913, 53.03760758668037], [0.9442664346676926, 53.03749817639746], [0.9441733585291191, 53.03739957110009]]}}, {"type": "Feature", "properties": {"depth": -5.0}, "geometry": {"type": "LineString", "coordinates": [[0.9421378514254533, 53.03742743001466], [0.9421378514254533, 53.037500836511754], [0.9422260964718544, 53.037611260125445], [0.9422929459035752, 53.037554718261454], [0.9421943932894439, 53.0374631451051]]}}, {"type": "Feature", "properties": {"depth": -5.0}, "geometry": {"type": "LineString", "coordinates": [[0.9433252305692583, 53.03726834729393], [0.9432628836423869, 53.03732855080549], [0.9433252305692583, 53.0374147592441], [0.943381772433249, 53.037518288550274], [0.9434945805021725, 53.037554718261454], [0.9434383142972398, 53.03743868481291], [0.943362891154278, 53.03732855080549]]}}, {"type": "Feature", "properties": {"depth": -5.0}, "geometry": {"type": "LineString", "coordinates": [[0.9418551421054996, 53.037196796704286], [0.9418551421054996, 53.037285792834815], [0.9419634191582458, 53.03738509266948], [0.9420341110198799, 53.03738509266948], [0.941968225833481, 53.03730502420357], [0.9418749503747106, 53.03721546707751]]}}, {"type": "Feature", "properties": {"depth": -5.0}, "geometry": {"type": "LineString", "coordinates": [[0.9437775654811841, 53.03719086828758], [0.9437775654811841, 53.03730131066092], [0.9438501527647035, 53.03732855080549], [0.9438023362121959, 53.03721546707751]]}}, {"type": "Feature", "properties": {"depth": -5.0}, "geometry": {"type": "LineString", "coordinates": [[0.944003732937147, 53.037210984399046], [0.9439456510493001, 53.0372720089415], [0.944003732937147, 53.037329816832425], [0.9440069428243121, 53.03721546707751]]}}, {"type": "Feature", "properties": {"depth": -5.0}, "geometry": {"type": "LineString", "coordinates": [[0.9409504722816481, 53.0371341113423], [0.9409504722816481, 53.03722051134435], [0.9410586652733693, 53.0372720089415], [0.9409713263135878, 53.03715892521352]]}}, {"type": "Feature", "properties": {"depth": -5.0}, "geometry": {"type": "LineString", "coordinates": [[0.9425336444733883, 53.03714989286585], [0.9425336444733883, 53.0372664364154], [0.9426223386253223, 53.0372720089415], [0.9425412551608435, 53.03715892521352]]}}, {"type": "Feature", "properties": {"depth": -5.0}, "geometry": {"type": "LineString", "coordinates": [[0.9429294375213233, 53.03714459325501], [0.9429294375213233, 53.037219390407564], [0.9430425212493048, 53.03731902528315], [0.9430012383764985, 53.03721546707751], [0.9429294375213233, 53.03714459325501]]}}, {"type": "Feature", "properties": {"depth": -5.0}, "geometry": {"type": "LineString", "coordinates": [[0.942590186337379, 53.0369200978376], [0.942590186337379, 53.036997200632975], [0.9426793042248534, 53.037045841485536], [0.9426091536550496, 53.036932757757555]]}}, {"type": "Feature", "properties": {"depth": -5.0}, "geometry": {"type": "LineString", "coordinates": [[0.9400458024577966, 53.03678668095423], [0.9400175571860483, 53.036932757757555], [0.9401023443217873, 53.037004935500136], [0.9401023443217873, 53.03692904875738], [0.9400458024577966, 53.03678668095423]]}}, {"type": "Feature", "properties": {"depth": -5.0}, "geometry": {"type": "LineString", "coordinates": [[0.9429294375213233, 53.03673832764184], [0.9429294375213233, 53.036837070569376], [0.9430060435490023, 53.036876215893564], [0.9429440321783817, 53.03676313216558]]}}, {"type": "Feature", "properties": {"depth": -5.0}, "geometry": {"type": "LineString", "coordinates": [[0.9427032700653604, 53.03669088746268], [0.9426647011663222, 53.03681967402957], [0.9427788437722893, 53.03681967402957], [0.9427135915880973, 53.03670659030159]]}}, {"type": "Feature", "properties": {"depth": -5.0}, "geometry": {"type": "LineString", "coordinates": [[0.9399327187298151, 53.03663383145744], [0.9399327187298151, 53.036716104271164], [0.940007255790391, 53.03676313216558], [0.939948911341985, 53.0366500484376]]}}, {"type": "Feature", "properties": {"depth": -10.0}, "geometry": {"type": "LineString", "coordinates": [[0.9131884170622044, 53.04852540554513], [0.9133160428283357, 53.04852383987565], [0.9133013126128824, 53.04841075614767], [0.9133580426541766, 53.04841878745154], [0.913471126382158, 53.04849019517272], [0.9135842101101395, 53.048530539614084], [0.9136352128336944, 53.04841075614767], [0.9137087538193038, 53.04841075614767], [0.9138103775661024, 53.048499675300185], [0.9139041589881038, 53.04841075614767], [0.9140085883790964, 53.04841075614767], [0.914093086886056, 53.048498950745376], [0.9141496287500467, 53.048407225876076], [0.9142859980659415, 53.04841075614767], [0.9143757962060096, 53.04838612732124], [0.9144703134721567, 53.04835421428368], [0.9145454217979817, 53.04845589934233], [0.9146122211117345, 53.04846729801166], [0.9146585055259632, 53.048334033469324], [0.9148260527253369, 53.048297672419686], [0.914867046361014, 53.04835421428368], [0.9149977567099075, 53.04839812919562], [0.9150934490604018, 53.048297672419686], [0.9151673823018797, 53.04823514104813], [0.9152529775413691, 53.048297672419686], [0.9153370078938519, 53.048358363134376], [0.9154122156337295, 53.048297672419686], [0.915506633485824, 53.048212820524164], [0.9155942925026758, 53.048241130555695], [0.9156762590777962, 53.04828574131948], [0.9157893428057776, 53.04830796974049], [0.9158458846697684, 53.04821004149205], [0.915959436541808, 53.048241130555695], [0.9160720521257312, 53.04821445440883], [0.9161851358537126, 53.04816426107425], [0.9162982195816941, 53.048235081943346], [0.916365196087705, 53.048241130555695], [0.9164207674239607, 53.04812804682771], [0.9165243870376569, 53.04814020564175], [0.9166374707656384, 53.0481916074995], [0.9166988089843648, 53.04812804682771], [0.9168636382216012, 53.04812072112428], [0.9169709878448106, 53.048184588691704], [0.9170374398921393, 53.048184588691704], [0.9170283686777245, 53.04807150496372], [0.9171417753753289, 53.04807150496372], [0.9172078906231631, 53.04812804682771], [0.9172658151075265, 53.048184588691704], [0.9173213706810682, 53.04807150496372], [0.9174295828133072, 53.04807150496372], [0.9175425177585417, 53.04812804682771], [0.9176211607615979, 53.04807150496372], [0.9177117661814621, 53.04800070255867], [0.9178248499094435, 53.048046547995185], [0.9179379336374249, 53.048098929481185], [0.9180339518521488, 53.04801496309973], [0.9181641010933879, 53.048001798772624], [0.9182771848213692, 53.04804946954866], [0.9184113556511108, 53.04801496309973], [0.9185598941413229, 53.04796956792037], [0.9186729778693044, 53.048033282018274], [0.9187780603526285, 53.04795842123574], [0.9188991453252672, 53.04793679361582], [0.9190122290532486, 53.04800358729784], [0.9191253127812301, 53.04790462719084], [0.9191910477700349, 53.04790187937175], [0.9193514802371929, 53.047956913535906], [0.9194332327293969, 53.04795842123574], [0.9195211058291651, 53.04786321794857], [0.9196341895571466, 53.0479082263567], [0.9197707742304414, 53.04790187937175], [0.9199168988771002, 53.0478693033959], [0.9200721078007998, 53.04784533750776], [0.9201961357986987, 53.04784533750776], [0.9202561500610444, 53.047810630087206], [0.9203692337890259, 53.0478765374982], [0.9204823175170074, 53.04782669417719], [0.9205950588007437, 53.04784533750776], [0.9206519431089795, 53.04775378481649], [0.9207650268369609, 53.04781249185905], [0.9208781105649424, 53.047845511859464], [0.9208781105649424, 53.04773347981439], [0.9209346524289331, 53.04772176566138], [0.9210477361569146, 53.04774817779088], [0.9211045308924302, 53.047788795643775], [0.9212146042134578, 53.047675711915794], [0.9212739036128774, 53.0476835835871], [0.9214435292048496, 53.047724725325835], [0.9215387830605752, 53.047732253779785], [0.9215770204696239, 53.047675711915794], [0.9216229619202746, 53.047732253779785], [0.9217262385248032, 53.047649611681884], [0.9218393222527846, 53.04770340599518], [0.9219243396224228, 53.0476191700518], [0.9220582597556252, 53.0476191700518], [0.9221729140355717, 53.047675711915794], [0.9221985562587514, 53.0476191700518], [0.9222860330316521, 53.04756262818781], [0.9224047408926919, 53.04761534108488], [0.9225164125309302, 53.0476191700518], [0.922574366484664, 53.04753601916565], [0.9226874502126454, 53.04758513341958], [0.9227460693856899, 53.0476191700518], [0.9228005339406269, 53.0474909750645], [0.9229146133228379, 53.04750608632382], [0.9230267013965898, 53.04757049950543], [0.9230721485085327, 53.04744954445983], [0.9231563824582971, 53.04744954445983], [0.9232694738249969, 53.04750608632382], [0.9233739243664061, 53.04750608632382], [0.9234790363085156, 53.04743291560438], [0.9235921200364969, 53.04746374147357], [0.9237308723724871, 53.04744954445983], [0.923851492899491, 53.04744954445983], [0.9239313712204413, 53.047434796588476], [0.9239938222614908, 53.04739300259584], [0.9241009968124134, 53.04747149778734], [0.9241575386764042, 53.047372020557965], [0.9242834498002902, 53.04739300259584], [0.9243837061323671, 53.047384385156995], [0.9244595832681886, 53.04733646073185], [0.9244975051751685, 53.04739300259584], [0.9246098735883299, 53.04732697180475], [0.9247229573163114, 53.04738737568848], [0.9248360410442928, 53.04728944236909], [0.9249861855968922, 53.04733646073185], [0.9250674560376199, 53.04733646073185], [0.9252318340922279, 53.04731598272058], [0.9253109090068382, 53.04733646073185], [0.9253786334020783, 53.04727991886786], [0.9254805508217462, 53.04733646073185], [0.9255439364085162, 53.04727991886786], [0.9256582792454565, 53.04727991886786], [0.9257588386796892, 53.04727991886786], [0.9258194591725826, 53.04722337700387], [0.9259229359860857, 53.04727991886786], [0.9260069115526339, 53.04722337700387], [0.9260943726504023, 53.04722337700387], [0.9261930457800701, 53.04717867082661], [0.9262495876440608, 53.047280455358845], [0.9263063149944478, 53.04722337700387], [0.9263809726727197, 53.047166835139876], [0.9264757551000237, 53.047251807216334], [0.9265322969640144, 53.04713645145719], [0.9266453806919959, 53.047203835598204], [0.9267584644199773, 53.04715345685046], [0.9268715481479588, 53.047103418163566], [0.926976194950415, 53.047166835139876], [0.9270525341466194, 53.047166835139876], [0.9271542574679124, 53.04710634532217], [0.9272673411958938, 53.04714101284993], [0.9273804249238752, 53.047070737010216], [0.9275500505158474, 53.04707748959283], [0.9276631342438288, 53.04713669540097], [0.927652756876811, 53.047053751411894], [0.9277470969082964, 53.047053751411894], [0.9278327598358009, 53.04712980598514], [0.9278893016997917, 53.04703093719455], [0.9280023854277731, 53.04709496072559], [0.9280589272917639, 53.0469964048395], [0.9281507424587995, 53.047053751411894], [0.9282285528837361, 53.04702932165254], [0.9282953289586813, 53.047053751411894], [0.9283981784757082, 53.04698773597914], [0.9284843175072504, 53.047053751411894], [0.9285678040676804, 53.04704572008078], [0.9286243459316711, 53.0469396366187], [0.9287374296596526, 53.046989263801045], [0.9288241050695256, 53.046997209547904], [0.9288736044469237, 53.04694066768391], [0.9289438518162206, 53.047053751411894], [0.9290201389796061, 53.04701228018416], [0.9290766808435968, 53.04693681484873], [0.9291272992844533, 53.047053751411894], [0.9291897645715783, 53.04701830025456], [0.9293028482995597, 53.046946944820895], [0.9293593901635504, 53.04705607570134], [0.9294159320275411, 53.046972541716535], [0.9295446175620082, 53.046997209547904], [0.9295874643458681, 53.047053751411894], [0.9296817121138701, 53.046997209547904], [0.9297551832114854, 53.0470716006065], [0.9298102462381715, 53.04694066768391], [0.9298577814728917, 53.046997209547904], [0.9299630961399601, 53.046997209547904], [0.9300719659743735, 53.046997209547904], [0.9301705481055735, 53.046997209547904], [0.9302640599874019, 53.04700452427979], [0.9303771437153834, 53.04699648979685], [0.9304902274433648, 53.046940234179765], [0.9306033111713463, 53.04699580769716], [0.9306676972128827, 53.046997209547904], [0.9307269973104006, 53.04694066768391], [0.9308294786273091, 53.047004289572314], [0.9308860204912999, 53.04693978709436], [0.9309931035576833, 53.04694066768391], [0.9310556460832721, 53.04697299449194], [0.9311236676110672, 53.04694066768391], [0.9312252716752442, 53.04692486174957], [0.9312969898862475, 53.04694066768391], [0.9313948972672164, 53.0469548561946], [0.9314578603705642, 53.046997209547904], [0.9315501993082577, 53.04694066768391], [0.9316210647231793, 53.046921126196025], [0.931727168565076, 53.04694066768391], [0.9317906903151514, 53.046944611893736], [0.9318789169037621, 53.04694066768391], [0.931912162876576, 53.046997209547904], [0.9319603159071236, 53.04687860114723], [0.9320168577711143, 53.04698765821346], [0.932073399635105, 53.04692290540048], [0.9320970352601435, 53.04688412581992], [0.9321864833630864, 53.04698739743802], [0.9322430252270771, 53.04687971754476], [0.9322995670910679, 53.04694953033868], [0.9324126508190493, 53.04693618424733], [0.9325795437551925, 53.04694066768391], [0.9326120258772098, 53.04688412581992], [0.9326474322230545, 53.04682758395593], [0.932729129004358, 53.04688412581992], [0.9327622827520862, 53.04682758395593], [0.9328649857309751, 53.04681794575089], [0.9329217848236027, 53.04682758395593], [0.9330398815826328, 53.04682758395593], [0.9331035691794138, 53.04688412581992], [0.9331476950509286, 53.04673468796762], [0.9332534930792928, 53.04682758395593], [0.9333738625068916, 53.04685169176251], [0.9334304043708823, 53.04678770155451], [0.9334769260820766, 53.04671450022795], [0.9335434880988638, 53.04676564774082], [0.9336565718268451, 53.04680677426333], [0.9336496207161173, 53.04671450022795], [0.9337131136908359, 53.04672967773475], [0.9338261974188173, 53.04666369503448], [0.9339392811467988, 53.04675133332518], [0.9340486847237593, 53.04665795836396], [0.9340702323146376, 53.04671450022795], [0.9341157529514554, 53.04677104209194], [0.9342219904667524, 53.046658500403865], [0.9343012459008357, 53.04671450022795], [0.9344387109633685, 53.04671450022795], [0.9345219580231318, 53.04671450022795], [0.9346177835146874, 53.0466484865316], [0.9346743253786781, 53.04674335872654], [0.9347669528551011, 53.04665795836396], [0.9348439509706503, 53.04657118227964], [0.934900492834641, 53.04666274310274], [0.9350135765626224, 53.04660270914361], [0.9351200254888514, 53.04654487463598], [0.9351832021545946, 53.046545478714435], [0.9352962858825761, 53.04661509988997], [0.9354093696105575, 53.04655956412645], [0.9354958565971342, 53.04654487463598], [0.9355789952025296, 53.04660765913256], [0.9356711183119768, 53.04654487463598], [0.9357852871377204, 53.04654487463598], [0.9358617045224833, 53.046601996207436], [0.9359637387313204, 53.04654487463598], [0.9360313301144554, 53.046547087547914], [0.9361444138424369, 53.04660562453763], [0.9362598689743026, 53.04660141649997], [0.9362574975704183, 53.046542654144154], [0.9363705812983998, 53.046563086029884], [0.9364836650263811, 53.046601493355034], [0.9365402068903719, 53.0465774676441], [0.9365927852569271, 53.04654487463598], [0.9366532906183533, 53.046539989484906], [0.9367784799405828, 53.04654487463598], [0.9368794580743163, 53.04653641915106], [0.9370101313755449, 53.04654487463598], [0.9371056255302791, 53.046616342722835], [0.9371621673942698, 53.04657072192344], [0.9371621673942698, 53.04647308052287], [0.9372752511222513, 53.04650229375809], [0.9373883348502328, 53.04655594315494], [0.9374448767142234, 53.04648614958411], [0.9375260595614003, 53.04654487463598], [0.9376145023061956, 53.046607921171805], [0.9376145023061956, 53.046516812126534], [0.9376578075294619, 53.046488332771986], [0.9377389360741925, 53.04654487463598], [0.9378550444143299, 53.04654487463598], [0.9379089225553484, 53.046488332771986], [0.9380102953541306, 53.04658853160558], [0.9381233790821121, 53.04652939954665], [0.9381941537109987, 53.046488332771986], [0.9383222730314958, 53.04654487463598], [0.9383577344095031, 53.04660141649997], [0.9384410941602196, 53.04654487463598], [0.9385290304236305, 53.04654487463598], [0.9385961035874607, 53.046488332771986], [0.9386787661559931, 53.04654487463598], [0.9387847718189393, 53.046488332771986], [0.9388584233139914, 53.04653577897946], [0.9389715070419729, 53.04647363481066], [0.9390845907699543, 53.04651720382737], [0.9391521059815784, 53.04654487463598], [0.9392224419175841, 53.046488332771986], [0.9393107582259173, 53.046585731121226], [0.9393673000899079, 53.04645339626899], [0.93945021670194, 53.04654487463598], [0.9395369256818801, 53.046488723532754], [0.9396114213534646, 53.04654487463598], [0.9397065512738523, 53.046486617119406], [0.939763093137843, 53.0465851655819], [0.9398466975737834, 53.046488332771986], [0.9399806377904584, 53.046488332771986], [0.9400458024577966, 53.04656888243755], [0.9401402376133309, 53.046488332771986], [0.9402154280497688, 53.0464291973455], [0.9403215837430846, 53.046488332771986], [0.9403415282596468, 53.04654487463598], [0.9404981373697223, 53.04650012137123], [0.9404971889847865, 53.046431790907995], [0.940554679233713, 53.046464753422576], [0.9406672618481481, 53.04654487463598], [0.9407036578323158, 53.046488332771986], [0.9407808466896759, 53.04642030071799], [0.9408373885536666, 53.046504641103084], [0.9409049194219253, 53.046488332771986], [0.9410020007673098, 53.046431790907995], [0.9410640141207862, 53.046431790907995], [0.9411022828878752, 53.04660141649997], [0.941123005768849, 53.04654487463598], [0.9412331816016017, 53.04654526114281], [0.9412897234655924, 53.04649381834098], [0.9412939469594529, 53.046488332771986], [0.9414028071935738, 53.046448692694604], [0.941497552111575, 53.046488332771986], [0.9416113660781861, 53.046488332771986], [0.9416855165135275, 53.04646226075914], [0.9417617422474612, 53.046488332771986], [0.9418215890531743, 53.04654487463598], [0.9419116839694903, 53.04649843257736], [0.9420247676974718, 53.04657138144307], [0.9421378514254533, 53.04660629995255], [0.9422509351534346, 53.046589684159365], [0.9423617162506819, 53.04660141649997], [0.9424205607454068, 53.046628899101975], [0.9425336444733883, 53.046580590747226], [0.9426968979703342, 53.04654487463598], [0.9427032700653604, 53.04655676471552], [0.9427598119293511, 53.046649898449225], [0.9428728956573326, 53.04657594422721], [0.942985979385314, 53.0466407009981], [0.9430990631132955, 53.04658181027523], [0.9432121468412769, 53.046603065567], [0.9433252305692583, 53.046569239210086], [0.9434383142972398, 53.04663111126927], [0.9434143018190504, 53.04654487463598], [0.9434964853659605, 53.04654487463598], [0.9436079398892119, 53.04661070413673], [0.9436644817532026, 53.04659339442252], [0.9437130035789077, 53.04654487463598], [0.9438341073451748, 53.04659274192601], [0.943912316287358, 53.04660141649997], [0.9439964335610118, 53.04665795836396], [0.9440602748011377, 53.04660771917059], [0.9441733585291191, 53.04658016502236], [0.9442361411652762, 53.04654487463598], [0.9443429841210913, 53.046543379906005], [0.944399525985082, 53.04661595805643], [0.9445126097130635, 53.04656050365018], [0.9446112594467758, 53.04660141649997], [0.9446822353050356, 53.04661069950434], [0.9447953190330171, 53.04659037694469], [0.9448969709088296, 53.04665795836396], [0.9449649446249893, 53.04671975608881], [0.9450249779909192, 53.04665795836396], [0.9451444290883511, 53.04665795836396], [0.9452476539449428, 53.04676516126845], [0.9453041958089335, 53.04662385315513], [0.9454231831885551, 53.04665795836396], [0.9454738214009057, 53.046794783783774], [0.9455091530474069, 53.04665795836396], [0.9455841176510064, 53.04660141649997], [0.9456327671437862, 53.04671450022795], [0.9456999888568686, 53.04678337982655], [0.9457565307208593, 53.04671549797425], [0.9457552029925759, 53.04660141649997], [0.9457700192059255, 53.04665795836396], [0.9458137293055905, 53.04677104209194], [0.9459261563128315, 53.04676263906352], [0.9460392400408129, 53.04680737999926], [0.9461190305898438, 53.04677104209194], [0.9462654074967758, 53.04678731187414], [0.9463784912247573, 53.0468560515226], [0.9465481168167293, 53.04683284050546], [0.9467177424087015, 53.046827592659255], [0.9468873680006737, 53.046839410946156], [0.9470569935926458, 53.046855321575244], [0.947226619184618, 53.04685808179212], [0.9472946762653711, 53.04688412581992], [0.9474527866405809, 53.04687621253564], [0.9475658703685623, 53.04690909204103], [0.9476730369731842, 53.04688412581992], [0.9477354959605345, 53.04685845167104], [0.9479051215525067, 53.04685713286893], [0.9480713754063812, 53.04688412581992], [0.9481312890084695, 53.046872571716996], [0.948244372736451, 53.0469077274275], [0.9483574564644325, 53.0468815337147], [0.9484468201909348, 53.04688412581992], [0.9485836239203953, 53.04685271087472], [0.9487532495123675, 53.04684296636107], [0.9489228751043397, 53.04684291751312], [0.9490925006963118, 53.04683968482078], [0.949262126288284, 53.04683965203096], [0.9494317518802561, 53.04683222695498], [0.9495173221186336, 53.04682758395593], [0.949657919336219, 53.04682983799897], [0.9498275449281912, 53.046841185451605], [0.9499406286561726, 53.04681340959465], [0.9501102542481448, 53.04680762200534], [0.950279879840117, 53.04681465149462], [0.9504495054320891, 53.04680753470426], [0.9506191310240613, 53.04681271650538], [0.9507887566160333, 53.04680616647344], [0.9509583822080055, 53.046819213873626], [0.9511280077999777, 53.04681618839632], [0.9512976333919498, 53.04682329525951], [0.9514107171199313, 53.04682807490681], [0.9515803427119035, 53.0468700156863], [0.9517499683038757, 53.04687725763307], [0.9518920232042969, 53.04688412581992], [0.9520326776238293, 53.046892484265186], [0.9521137463894492, 53.04688412581992], [0.9522588450797922, 53.0468860794067], [0.9524284706717643, 53.046885258669214], [0.9524956332960887, 53.04688412581992], [0.9526546381277272, 53.04689337020672], [0.9528242637196993, 53.046888917982535], [0.9529938893116715, 53.04688485410358], [0.953106973039653, 53.04687251502766], [0.9532765986316251, 53.04686162412845], [0.9534462242235973, 53.04686261119307], [0.9536158498155695, 53.046863407367326], [0.9537854754075415, 53.046866256738795], [0.9539551009995137, 53.046879596313346], [0.9540681847274952, 53.04688550342087], [0.9542378103194673, 53.046910008388046], [0.9544074359114395, 53.046899159511405], [0.9545770615034117, 53.04691095405839], [0.9547466870953838, 53.04693829837175], [0.9548597708233653, 53.0469882410225], [0.9550293964153375, 53.046968319544405], [0.9551563960652152, 53.04694066768391], [0.955312105735291, 53.04692155282033], [0.9554817313272632, 53.04691449755807], [0.9556513569192353, 53.04690430638541], [0.9558209825112075, 53.04689024990711], [0.9559447089161919, 53.04688412581992], [0.9561036918311612, 53.046881970446755], [0.9562512807342842, 53.04688412581992], [0.9563864011511147, 53.0468919068064], [0.9565560267430868, 53.04689224942676], [0.956725652335059, 53.046902660525596], [0.9568952779270312, 53.046898915616], [0.9570124504106017, 53.04688412581992], [0.957121445382994, 53.0468871421542], [0.9572910709749662, 53.046886552902286], [0.9574606965669384, 53.046892013172936], [0.9576303221589105, 53.04688485243337], [0.9577999477508827, 53.04689372353143], [0.9579695733428548, 53.04689055157543], [0.958139198934827, 53.04689159895224], [0.9583088245267992, 53.04689721592538], [0.9584628561630842, 53.04688412581992], [0.9585915338467528, 53.04687329929299], [0.958761159438725, 53.046859838494875], [0.9589307850306972, 53.04683798639598], [0.9590858987233524, 53.04682758395593], [0.9592134943506507, 53.04681566569848], [0.9593831199426229, 53.046808684263745], [0.959552745534595, 53.0468082958141], [0.9597223711265672, 53.046802577391055], [0.9598919967185393, 53.04679529178384], [0.9600616223105115, 53.04679424051512], [0.9602312479024837, 53.046796679993484], [0.9604008734944558, 53.04679140713868], [0.960570499086428, 53.046779966404706], [0.9606835828144095, 53.046769223809626], [0.9608532084063817, 53.04675899108385], [0.9610228339983538, 53.04675066487771], [0.961192459590326, 53.04674325089451], [0.9613620851822982, 53.04673964490251], [0.9615317107742702, 53.04675604836538], [0.9617013363662424, 53.046754081949686], [0.9618266368764387, 53.04677104209194], [0.961984045686196, 53.0467777556658], [0.9621536712781682, 53.04679909015106], [0.9623232968701403, 53.046810633168114], [0.9624929224621125, 53.04681134311012], [0.9626625480540847, 53.046807539833445], [0.9628321736460568, 53.04679209099162], [0.963001799238029, 53.04680033298464], [0.9631714248300012, 53.04679846911], [0.9633410504219733, 53.04678919629639], [0.9635106760139455, 53.04679233070049], [0.9636781905170151, 53.04677104209194], [0.9637368434699083, 53.04677563341009], [0.9639064690618805, 53.04678322672104], [0.9640463587086672, 53.04677104209194], [0.9641891783818342, 53.04674303738659], [0.9643588039738062, 53.04671681707197], [0.9645093525028593, 53.04671450022795], [0.9645849714297692, 53.046716247178395], [0.9646980551577506, 53.046714097780736], [0.964811138885732, 53.04671624136868], [0.9649242226137135, 53.046711715272224], [0.9650938482056857, 53.046701584263324], [0.9652634737976578, 53.046697714831005], [0.96543309938963, 53.04668041894085], [0.9656027249816022, 53.0466719082164], [0.9657158087095835, 53.04665152219407], [0.9658038345470539, 53.04665795836396], [0.9659419761655464, 53.04664845676281], [0.9661116017575186, 53.04665070057333], [0.9662812273494907, 53.04663688715162], [0.9664508529414629, 53.04661932388727], [0.9666204785334351, 53.04664819700439], [0.9667269347989457, 53.04665795836396], [0.966846645989398, 53.04664002175198], [0.9670162715813702, 53.04661898387241], [0.9671858971733422, 53.0466025027182], [0.9672989809013237, 53.046587059593705], [0.9674686064932959, 53.046570182115595], [0.967638232085268, 53.04655760252973], [0.96778952125973, 53.04654487463598], [0.9679209414052217, 53.04653392072549], [0.9680905669971938, 53.04654012591758], [0.968260192589166, 53.04652149461592], [0.9684298181811382, 53.046506305404876], [0.9685994437731102, 53.04649777054327], [0.9687125275010917, 53.04648091948126], [0.9688821530930639, 53.04647250216053], [0.969051778685036, 53.046457558727255], [0.9692214042770082, 53.04646232686707], [0.9693910298689804, 53.04643723729249], [0.9695606554609525, 53.04644112551814], [0.9697302810529247, 53.04644156231442], [0.9698999066448969, 53.046436565904564], [0.970069532236869, 53.04644894330441], [0.9701954250014344, 53.046488332771986], [0.9702956996928319, 53.04645397974415], [0.9704087834208134, 53.04641649297585], [0.9705784090127855, 53.04638399522808], [0.9706914927407669, 53.04636786520021], [0.9708611183327391, 53.04637090171082], [0.9710307439247112, 53.04636626147682], [0.9712003695166834, 53.04633860349388], [0.9713134532446649, 53.04631612142559], [0.971483078836637, 53.04629064757648], [0.9716527044286092, 53.04629765823702], [0.9717657881565906, 53.04626177650223], [0.9719354137485627, 53.046249898863174], [0.9721050393405349, 53.046237737023795], [0.9722746649325071, 53.04623172824145], [0.9724442905244792, 53.04622322060969], [0.9725573742524607, 53.04619810075281], [0.9727269998444329, 53.046203838117755], [0.972896625436405, 53.04617377629436], [0.9730662510283772, 53.04615260396976], [0.9731793347563586, 53.046145098041634], [0.9733489603483307, 53.046131930351315], [0.9735185859403029, 53.04612866709165], [0.9736882115322751, 53.04610597924514], [0.9738297761208237, 53.04609253972405], [0.9739709208522287, 53.04608243433524], [0.9741405464442009, 53.04606812350226], [0.974310172036173, 53.04605935844405], [0.9744797976281452, 53.04604170756061], [0.9746314044174464, 53.04603599786006], [0.9747625069480987, 53.04602842340045], [0.9749321325400709, 53.04601733886313], [0.9751017581320431, 53.046000287950655], [0.9752713837240152, 53.045980760320624], [0.9753844674519967, 53.04596261659171], [0.9755540930439689, 53.04595294196733], [0.9757237186359411, 53.04595244391228], [0.9758933442279132, 53.04595265786839], [0.9760629698198854, 53.045953779545826], [0.9761760535478667, 53.04599975426238], [0.9763456791398389, 53.04601585753966], [0.9765153047318111, 53.04599543217984], [0.9766283884597926, 53.04597599298217], [0.9767980140517647, 53.04596551568625], [0.9769110977797462, 53.045981672812836], [0.9770241815077276, 53.04595460378124], [0.9771938070996997, 53.04594932529806], [0.9773201905408364, 53.04592291413208], [0.9774765164196534, 53.04591674940488], [0.9776461420116256, 53.04591984714169], [0.9778157676035977, 53.04589908704221], [0.9779853931955699, 53.04589022700716], [0.978155018787542, 53.04588145622859], [0.9783131171570459, 53.04586637226809], [0.9784377281074956, 53.04584725184868], [0.9786073536994677, 53.04583482911962], [0.9787769792914399, 53.04581828801314], [0.9788900630194214, 53.04580605318176], [0.9790031467474029, 53.04581858968261], [0.9791727723393749, 53.04584207430728], [0.9792858560673564, 53.04587970384671], [0.9794554816593286, 53.045876710074396], [0.9795847492250438, 53.04592291413208], [0.9797013195858085, 53.04592291413208], [0.9797947328432729, 53.04592423174667], [0.9799643584352451, 53.045952189663694], [0.9800809496080687, 53.04592291413208], [0.9802470677551987, 53.045915692385314], [0.9803601514831801, 53.04593828205831], [0.9805297770751522, 53.04593553529749], [0.9806994026671244, 53.0459503313147], [0.9808690282590966, 53.04597119707633], [0.9809821119870781, 53.0459883108243], [0.9811517375790502, 53.045996311437065], [0.9813213631710224, 53.046029979095856], [0.9814909887629945, 53.04601479861078], [0.9816606143549667, 53.04600694569953], [0.9818302399469389, 53.04599036538469], [0.9819998655389109, 53.0460196348468], [0.9821694911308831, 53.04602304467223], [0.9823383584367226, 53.04603599786006], [0.9824522004508367, 53.04604181871571], [0.9825652841788182, 53.04601718914252], [0.9827349097707904, 53.0460260209444], [0.9829045353627626, 53.04602520988853], [0.9830741609547347, 53.04602343198654], [0.9832137708714925, 53.04603599786006], [0.9833568702746882, 53.04603875132495], [0.9835264958666604, 53.0460434578617], [0.9836961214586326, 53.04604070420107], [0.9838092051866141, 53.04602210991347], [0.9839788307785862, 53.04600211662034], [0.9841484563705584, 53.04599160969629], [0.9843180819625306, 53.04599099892616], [0.9844877075545027, 53.0459837222127], [0.9846573331464749, 53.045991530981574], [0.9848269587384471, 53.0459859188282], [0.9849965843304191, 53.04599448609862], [0.9851662099223913, 53.045998382237364], [0.9853358355143634, 53.04598993670988], [0.9854293040708162, 53.04597945599607], [0.9855620029703264, 53.04598905767303], [0.9857316285622986, 53.04599034430895], [0.9858447122902799, 53.04597186345626], [0.9860143378822521, 53.04597759333812], [0.9861274216102336, 53.04598636569812], [0.9862970472022057, 53.04598392964739], [0.9864101309301871, 53.045944328061765], [0.9865797565221593, 53.04593100579773], [0.9866521570574435, 53.04592291413208], [0.9868059239781222, 53.04593980503186], [0.9869755495700944, 53.04593461299786], [0.9871451751620666, 53.04595786645904], [0.9873148007540387, 53.04596755100071], [0.9874844263460109, 53.04593938782732], [0.9876540519379831, 53.0459282464828], [0.9878236775299551, 53.0459314500657], [0.9879367612579366, 53.045919453627874], [0.9881063868499088, 53.04591224318171], [0.9882760124418809, 53.04592166753943], [0.9884456380338531, 53.04590581249097], [0.9886152636258252, 53.04589589621825], [0.9887848892177974, 53.04591110021844], [0.9889545148097696, 53.045904021731594], [0.9891241404017417, 53.04590217596797], [0.9892937659937139, 53.04590767039208], [0.9894068497216953, 53.045931606391726], [0.9895764753136675, 53.04594694983068], [0.9897461009056396, 53.045931693949235], [0.9899157264976118, 53.04592825649871], [0.9900648829801845, 53.04592291413208], [0.9901984358175654, 53.045906579527056], [0.9903680614095376, 53.04591069453722], [0.9905376870015097, 53.045915853742926], [0.9907073125934819, 53.04592091744007], [0.9908203963214633, 53.045927160421975], [0.9909900219134355, 53.045950090596946], [0.9911596475054076, 53.045969395157606], [0.9913292730973798, 53.0459739992095], [0.9914423568253613, 53.04598101331763], [0.9915023161694354, 53.04597945599607], [0.9916685242813241, 53.0460133041366], [0.9918381498732963, 53.046031856271135], [0.9919512336012778, 53.04607092163067], [0.9921208591932499, 53.04608088255131], [0.9922339429212313, 53.046105140290955], [0.9924035685132035, 53.04613950323037], [0.9925166522411849, 53.04616273555892], [0.9926297359691664, 53.04621890377729], [0.9927941933595479, 53.04626216531602], [0.9929089256171357, 53.04631870718001], [0.9929689871531107, 53.04628874598715], [0.9930820708810921, 53.046356512762436], [0.9931951546090736, 53.04638928106606], [0.9933082383370551, 53.046354613542405], [0.9934303668139757, 53.04631870718001], [0.9935909476570086, 53.04627016198862], [0.9937040313849901, 53.04625950925064], [0.993793511477698, 53.04626216531602], [0.993930198840953, 53.04622701443903], [0.9940305331826035, 53.04626216531602], [0.9940998244329251, 53.0462689905683], [0.9942129081609066, 53.04624195501471], [0.9942849257018584, 53.04626216531602], [0.9943825337528787, 53.04620163639516], [0.9944390756168694, 53.04626990477817], [0.9946087012088416, 53.0462816076746], [0.9947750893349582, 53.04631870718001], [0.9948914105287952, 53.046332477749516], [0.9950610361207674, 53.04635270876479], [0.9952306617127396, 53.04632342895019], [0.995343745440721, 53.04629943122739], [0.9955133710326931, 53.04627495156937], [0.9956829966246653, 53.04626743938992], [0.9957960803526467, 53.04623528793173], [0.9959657059446189, 53.04623844122887], [0.9961353315365911, 53.04622328655852], [0.9963049571285632, 53.04621084256016], [0.9964180408565446, 53.04619323971559], [0.9965876664485168, 53.04615986785603], [0.9966528998496298, 53.04614908158804], [0.9968138339044796, 53.04615210973882], [0.9968755079756378, 53.04614908158804], [0.9970400013604426, 53.0461706503891], [0.9972096269524148, 53.04616189907551], [0.9973227106803961, 53.04611539336831], [0.9973939295510836, 53.04614908158804], [0.9975488781363591, 53.046129972994116], [0.9977185037283312, 53.04610764158473], [0.9978881293203034, 53.04613648335582], [0.9980577549122756, 53.04611920457514], [0.9981236144668236, 53.04614908158804], [0.9982839223682384, 53.04611298369751], [0.9983970060962198, 53.04616065923383], [0.998566631688192, 53.04617143689902], [0.9987362572801641, 53.04618327681779], [0.9988493410081456, 53.04622321231942], [0.9990189666001178, 53.04624606624953], [0.9991320503280993, 53.046204499671994], [0.9992451340560806, 53.04624298519178], [0.9993582177840621, 53.04626913294055], [0.9995000881640845, 53.04631870718001], [0.999584385240025, 53.04630541605796], [0.9996431266205191, 53.04626216531602], [0.9996409271040156, 53.04632219039472], [0.9998105526959878, 53.046333289350564], [0.99998017828796, 53.04633201090753], [1.0001426234603663, 53.04631870718001], [1.0002628876079136, 53.04628521217906], [1.0004325131998857, 53.04627333493223], [1.00059642461459, 53.04626216531602], [1.0006586806558486, 53.04628859368754], [1.0008283062478207, 53.04627722770359], [1.0009413899758022, 53.0462438727868], [1.0009135188593263, 53.04614908158804], [1.000943342369331, 53.04609253972405], [1.0010326287083897, 53.04614908158804], [1.0010544737037836, 53.04615854283146], [1.0010544737037836, 53.04627015737328], [1.001167557431765, 53.046239676645], [1.0012528695335814, 53.04614908158804], [1.001167557431765, 53.04605725661802], [1.001167557431765, 53.04594251852669], [1.0013371830237374, 53.04595452606322], [1.0014139453462896, 53.04597945599607], [1.0014502667517187, 53.04587851965036], [1.0014756555748225, 53.04586637226809], [1.0015633504797001, 53.045827250513426], [1.0016764342076816, 53.045807614069076], [1.001789517935663, 53.045826398610146], [1.0018800460006103, 53.045809830404096], [1.002015685391626, 53.045859920386825], [1.0021515639241516, 53.04586637226809], [1.002241852847589, 53.045859796376185], [1.0023549365755702, 53.04590394368844], [1.0024680203035516, 53.04595056889257], [1.0025245621675425, 53.04590308155966], [1.002411478439561, 53.04582555824621], [1.0023505173532845, 53.045753288540105], [1.002241852847589, 53.04565799885648], [1.002264900753821, 53.04558366294813], [1.0024071348606622, 53.04552712108414], [1.0024680203035516, 53.04557000909853], [1.002532706696353, 53.04564020481212], [1.002637645895524, 53.045726418001934], [1.0027262474959666, 53.045753288540105], [1.002807271487496, 53.045779621394054], [1.0029203552154775, 53.04581822211089], [1.0029834577387606, 53.045809830404096], [1.0030899808074496, 53.04591262402129], [1.0030899808074496, 53.04578365686759], [1.003033438943459, 53.04568724040346], [1.0029628301314788, 53.04558366294813], [1.0029203552154775, 53.04546169423573], [1.0029203552154775, 53.0453463232875], [1.0030130324112263, 53.04530095362818], [1.0031296706798, 53.04530095362818], [1.0032340107031885, 53.04524441176419], [1.0033161482634125, 53.04527794379409], [1.0033922164741633, 53.04524441176419], [1.0034959400496841, 53.04530095362818], [1.003598857583366, 53.04527797369687], [1.0036913705472807, 53.04524441176419], [1.0037119413113476, 53.04536039789279], [1.0037753247138275, 53.04535749549217], [1.0037593663656657, 53.04547057922015], [1.003825025039329, 53.04544750180138], [1.0039056545854892, 53.04552712108414], [1.003994650631301, 53.0456065108341], [1.004097864322589, 53.045696746676114], [1.004220818087264, 53.045719803697054], [1.0043339018152455, 53.045800962423364], [1.0044258665043198, 53.045809830404096], [1.0043741028988122, 53.045696746676114], [1.0043291068370757, 53.04558366294813], [1.0042779763381324, 53.04541403735616], [1.004249154416019, 53.04530095362818], [1.0042203755158277, 53.0451878699002], [1.004220818087264, 53.04507644119541], [1.0042475327922313, 53.045018244308224], [1.0043074556900202, 53.04496170244423], [1.0043904436792361, 53.04503673155295], [1.0044853985843236, 53.045018244308224], [1.0045904419269147, 53.045074786172215], [1.0047296948631805, 53.04509129635751], [1.004814027134396, 53.045131328036206], [1.0048993204551526, 53.0451820611795], [1.0049558623191435, 53.045045851875095], [1.0050169434106222, 53.045018244308224], [1.0051254879111156, 53.04508009929333], [1.005238571639097, 53.045057061150935], [1.0053516553670785, 53.04512132817156], [1.005420297068002, 53.0451878699002], [1.00546473909506, 53.04530806879487], [1.0055519401591293, 53.04530095362818], [1.0056088918148463, 53.04541403735616], [1.0056909065510227, 53.04550015765923], [1.0057924658123656, 53.04558366294813], [1.005860532142995, 53.04564225156163], [1.0059454860593926, 53.045753288540105], [1.0059875827978528, 53.045696746676114], [1.0059510359387356, 53.04558366294813], [1.0059170740069856, 53.0454329666335], [1.0058873823532235, 53.04530095362818], [1.005860532142995, 53.045176389671475], [1.0058915123059757, 53.045074786172215], [1.0059623624802254, 53.04496170244423], [1.006034481180103, 53.04496170244423], [1.0061997833269392, 53.04498270729695], [1.0063128670549206, 53.045055684290624], [1.0064814289961068, 53.045018244308224], [1.0065390345108836, 53.045040110632335], [1.0066105245876087, 53.045018244308224], [1.0067086601028556, 53.04511311459891], [1.0067950296091777, 53.045074786172215], [1.0067652019668465, 53.045147662864785], [1.0069348275588186, 53.045172714587565], [1.0069913694228094, 53.04527281030809], [1.0069683819903852, 53.04535749549217], [1.0070363167987617, 53.04547057922015], [1.0071044531507907, 53.04545315782475], [1.0071001737735321, 53.04552712108414], [1.0071914891011053, 53.04558366294813], [1.0072335306513607, 53.04564020481212], [1.0072175368787721, 53.04548512596866], [1.007188542276109, 53.04535749549217], [1.0071382343898903, 53.04524441176419], [1.0071609950147815, 53.04516477850209], [1.0071609950147815, 53.04505090012884], [1.007274078742763, 53.04497296057428], [1.0073871624707444, 53.044952014077545], [1.0074630740935435, 53.04496170244423], [1.0075567880627165, 53.04497942739786], [1.007669871790698, 53.04495568307298], [1.0077754834745076, 53.045018244308224], [1.00783949738267, 53.045003762730786], [1.0079497351042945, 53.045018244308224], [1.007993264897651, 53.045074786172215], [1.0081222067026236, 53.045091255176786], [1.0082597689670878, 53.045131328036206], [1.008359604694267, 53.0451878699002], [1.008461457886568, 53.04527327362858], [1.0085745416145495, 53.045334619853016], [1.0086316526119872, 53.04541403735616], [1.0087441672065216, 53.045506879898454], [1.0088310662029603, 53.04558366294813], [1.0088572700559717, 53.04552712108414], [1.0088007090705124, 53.04544914556953], [1.008719675169223, 53.04535749549217], [1.0086862264248952, 53.04524441176419], [1.0086362088163434, 53.045074786172215], [1.0086310834785401, 53.04496834798179], [1.008733535660539, 53.04490516058024], [1.0088007090705124, 53.044912615708085], [1.008913792798494, 53.04488969118148], [1.0089703346624845, 53.04497689693578], [1.0090268765264754, 53.04490467798046], [1.0091399602544566, 53.04494204980825], [1.0092522459076472, 53.04490516058024], [1.009309585846429, 53.04486672323222], [1.0094191676450666, 53.04484861871625], [1.009479211438401, 53.044847390848936], [1.0095922951663825, 53.04487644062757], [1.0096938514191578, 53.04490516058024], [1.009705378894364, 53.044915768017944], [1.0097300213283817, 53.045018244308224], [1.00978354344331, 53.045074786172215], [1.009856678811674, 53.045018244308224], [1.0099315463503267, 53.04499722105462], [1.0099880882143175, 53.045095238777314], [1.0100446300783081, 53.045017932892996], [1.0100446300783081, 53.04507948715133], [1.010101171942299, 53.04514146750421], [1.0102142556702804, 53.04520578598669], [1.010327339398262, 53.04525532739894], [1.0103995786048814, 53.04524441176419], [1.010496964990234, 53.045323244294174], [1.0105535068542246, 53.04543041741432], [1.0105433704675315, 53.04552712108414], [1.0106100487182155, 53.045601207653775], [1.0106904295714845, 53.045696746676114], [1.0107576549338317, 53.04564020481212], [1.0107528727912185, 53.04547057922015], [1.010723132446197, 53.04531903894655], [1.0106725302837691, 53.0451878699002], [1.0106438988489648, 53.045074786172215], [1.0106100487182155, 53.045005695160846], [1.010723132446197, 53.044958553736684], [1.0108007621787538, 53.04490516058024], [1.010892758038169, 53.0448893646615], [1.0110058417661505, 53.04494267395814], [1.011108199497512, 53.04484861871625], [1.0111754673581226, 53.04490406639653], [1.0112609260663408, 53.04490516058024], [1.0114016348140855, 53.04488178873083], [1.0115458871054055, 53.04484861871625], [1.0116278022700484, 53.044871422031655], [1.0117057182137126, 53.04484861871625], [1.0117974278620205, 53.04481980496133], [1.0118539697260114, 53.044756193532294], [1.0119015918694596, 53.04473553498827], [1.0120124311882226, 53.04473553498827], [1.012080137181974, 53.0446429941084], [1.0120390261097363, 53.04473553498827], [1.012136679045965, 53.04480592576794], [1.0121932209099556, 53.044695542559744], [1.0122920453355284, 53.04462245126029], [1.0123628465019276, 53.0446627875063], [1.0123087347452286, 53.04473553498827], [1.0123803331475822, 53.04479207685226], [1.012461537547149, 53.04467899312428], [1.01248937796337, 53.04473553498827], [1.0125890139578906, 53.044715824587065], [1.012702097685872, 53.04474953452445], [1.0128151814138535, 53.04482785269201], [1.0129259062698577, 53.04473553498827], [1.0128717232778444, 53.04467674193517], [1.01295572064955, 53.04467899312428], [1.0129848070058256, 53.04470251150148], [1.0128786799510003, 53.04479207685226], [1.012928265141835, 53.04492720482223], [1.0129887372914241, 53.04490516058024], [1.0130479241438757, 53.04496170244423], [1.013154432597798, 53.04486500653442], [1.013146036796847, 53.04479207685226], [1.0132109744617885, 53.04480986905231], [1.0132822946524227, 53.04479207685226], [1.0133806000537606, 53.044777858189505], [1.013475588114182, 53.04467899312428], [1.0134371419177515, 53.044620918056076], [1.0135231218916798, 53.04467899312428], [1.0134371419177515, 53.044781382352525], [1.013408466411025, 53.04490516058024], [1.013518155988878, 53.04496170244423], [1.0136067675097236, 53.04495187344436], [1.013719851237705, 53.04490064266874], [1.0137886932637667, 53.04496170244423], [1.013888874975074, 53.045074786172215], [1.013946018693668, 53.04503942333286], [1.0140198522467003, 53.045018244308224], [1.01411564428564, 53.04508361219693], [1.01417446497376, 53.045131328036206], [1.0142852698776124, 53.04516870150981], [1.0143790828999588, 53.045074786172215], [1.0144548954695845, 53.04501022548457], [1.014567979197566, 53.04503531473245], [1.0146526620972127, 53.04496170244423], [1.014718100406779, 53.04490516058024], [1.0147941466535286, 53.044890621006715], [1.0149433027294188, 53.04484861871625], [1.0150659469628291, 53.04479207685226], [1.015133397837473, 53.04472926796095], [1.0152464815654545, 53.04466737793517], [1.0153489879370314, 53.04467899312428], [1.0154161071574266, 53.04459821353754], [1.015529190885408, 53.04453798999248], [1.0156366063091717, 53.044565909396304], [1.0156988164773804, 53.044493196726386], [1.0158119002053616, 53.04444080204922], [1.0158777341234235, 53.04439628380433], [1.0158684420693525, 53.044500015958626], [1.015971678895728, 53.044509367532314], [1.0160380676613245, 53.044432017252575], [1.016128362830265, 53.04433974194034], [1.0162076932532966, 53.04425217444116], [1.0161953470345622, 53.04417011634837], [1.0160946095253154, 53.04409376969516], [1.0160366965572045, 53.04411357448438], [1.0160946095253154, 53.04402195502238], [1.016191529580363, 53.04405703262039], [1.0162642351172875, 53.04410018113629], [1.016377318845269, 53.04401114261528], [1.0163747900521725, 53.043943948892405], [1.0164002993481551, 53.043887407028414], [1.0164598310954456, 53.043943948892405], [1.016546944437241, 53.04387298384165], [1.0166315630616942, 53.043943948892405], [1.016546944437241, 53.04391739522989], [1.0164571220242953, 53.044000490756396], [1.0166034863012317, 53.04400513040798], [1.0166034863012317, 53.04412146933296], [1.0164904025732504, 53.04419851630884], [1.0164338607092596, 53.044308290133145], [1.016377318845269, 53.0443618346296], [1.0164338607092596, 53.04442867237786], [1.0163711033825962, 53.044509367532314], [1.0162642351172875, 53.04456812543544], [1.0161969127957269, 53.04467899312428], [1.0162642351172875, 53.04466046901476], [1.0163511887679881, 53.04473553498827], [1.016400232985269, 53.04467899312428], [1.016377318845269, 53.04461410646458], [1.0164797280235565, 53.04462245126029], [1.016546944437241, 53.04466520269544], [1.0166600281652225, 53.04461200644843], [1.016773111893204, 53.044638096656215], [1.0168399062335483, 53.04473553498827], [1.016773111893204, 53.04470250837533], [1.0166965440545044, 53.04479207685226], [1.0166114672302746, 53.04484861871625], [1.016572631138665, 53.04479207685226], [1.016546944437241, 53.04488638783565], [1.016502981853064, 53.04490516058024], [1.0164601728099187, 53.04496170244423], [1.0165389560618787, 53.045074786172215], [1.0165957860858594, 53.045018244308224], [1.016623336131489, 53.045074786172215], [1.0167165700292131, 53.04505795618514], [1.016813201853665, 53.045131328036206], [1.016866226800107, 53.045074786172215], [1.0169104281493737, 53.045131328036206], [1.016999279349167, 53.045114138347124], [1.0170826253154208, 53.0451878699002], [1.017168904941139, 53.04524956516676], [1.0172819886691205, 53.045228748100016], [1.017395072397102, 53.045265794404656], [1.0175081561250834, 53.04533766986653], [1.0176026193483891, 53.04541403735616], [1.0176777817170555, 53.04547531788963], [1.0177506670201757, 53.04547057922015], [1.0178474073090276, 53.04555766247102], [1.017960491037009, 53.04563651893219], [1.0179500160615913, 53.045696746676114], [1.0180170329009999, 53.045780964575314], [1.0181134010694608, 53.045809830404096], [1.0181331169890695, 53.045696746676114], [1.0181805883836208, 53.04552712108414], [1.018186658492972, 53.04538226095857], [1.0181559523948887, 53.04530095362818], [1.0181301166289813, 53.04523798056857], [1.0182128416078056, 53.045131328036206], [1.0182432003569626, 53.045024488572246], [1.0182760140238591, 53.045018244308224], [1.018356284084944, 53.04497014780141], [1.018412825948935, 53.04495018537283], [1.0184315540055724, 53.04484861871625], [1.0185259096769164, 53.04486748125704], [1.0185259096769164, 53.04474585415364], [1.0185344746141833, 53.04473553498827], [1.0186389934048976, 53.04468919210777], [1.0186955352688885, 53.04460270174626], [1.0187731614974422, 53.044509367532314], [1.0188651608608605, 53.044432393251455], [1.018948372391682, 53.04439628380433], [1.019025271733535, 53.04433974194034], [1.019074614748334, 53.04422665821236], [1.0190347864528326, 53.04417000766113], [1.0191230318517506, 53.04417011634837], [1.0191806323390216, 53.04411357448438], [1.0192609539087956, 53.04409102010113], [1.0194169045240837, 53.04405703262039], [1.019460889923686, 53.043943948892405], [1.0194871213647585, 53.043855819859665], [1.0193827012218426, 53.04383086516442], [1.019374037636777, 53.0439352436968], [1.0193674572583888, 53.043943948892405], [1.0192609539087956, 53.04395004617254], [1.019198850912656, 53.043887407028414], [1.0192609539087956, 53.04392995071345], [1.0193619469475694, 53.04383086516442], [1.0194305795007679, 53.04376765584818], [1.0194871213647585, 53.043649962209365], [1.01960020509274, 53.04358475620529], [1.0196567469567306, 53.04349505593164], [1.0195938991732254, 53.04343507211649], [1.01960020509274, 53.043347482469606], [1.0196199103145211, 53.043265446524515], [1.0195436632287493, 53.04318401505273], [1.0194871213647585, 53.0432619477319], [1.0194871213647585, 53.043328797596395], [1.019374037636777, 53.04328730811747], [1.019297544513568, 53.043321988388506], [1.019374037636777, 53.0432448220373], [1.019482756274636, 53.04315236279653], [1.019599651899568, 53.04309582093254], [1.01960020509274, 53.043007545834264], [1.0195436632287493, 53.04289152695788], [1.0194305795007679, 53.04294236194592], [1.0193174957727864, 53.043001927815006], [1.0192609539087956, 53.04287178932328], [1.019198652902193, 53.04281311161259], [1.0190913283168235, 53.042825016547816], [1.0190247239325967, 53.0427565697486], [1.019060754778275, 53.042643486020616], [1.018978244588842, 53.04266003388469], [1.0189217027248514, 53.042576484310096], [1.0188591354396692, 53.042643486020616], [1.0188651608608605, 53.04271256409286], [1.018752077132879, 53.04276041488502], [1.018655440861177, 53.0427565697486], [1.0186389934048976, 53.04273480091869], [1.018582451540907, 53.04266379382002], [1.0184693678129255, 53.04272179409749], [1.0184051762552233, 53.0427565697486], [1.018412825948935, 53.04266729889839], [1.0183064495115701, 53.0427565697486], [1.0182980527084242, 53.04270002788461], [1.018342721772211, 53.042586944156625], [1.0182997422209534, 53.04243350054582], [1.0182432003569626, 53.04250635188355], [1.0182432003569626, 53.042615888222976], [1.0181730634335326, 53.042643486020616], [1.01806202755598, 53.042586944156625], [1.017960491037009, 53.04262367481048], [1.0178895045964649, 53.04270002788461], [1.017790865445037, 53.042649732141136], [1.01769720842855, 53.04270002788461], [1.0175900348716782, 53.04270002788461], [1.0176777817170555, 53.04280641224823], [1.0176669820190136, 53.04281311161259], [1.017564697989074, 53.04272135634737], [1.0174516142610925, 53.04265097908484], [1.0174535252587358, 53.0427565697486], [1.0175081561250834, 53.0428226585118], [1.0174492443459182, 53.0427565697486], [1.017395072397102, 53.042696703646655], [1.0175081561250834, 53.042621670539226], [1.0176045157468618, 53.042530402292634], [1.0176889658913009, 53.04247386042864], [1.017564697989074, 53.04242131651212], [1.017457378213039, 53.04241731856465], [1.0173585905894496, 53.04241731856465], [1.0173086047638182, 53.04230423483667], [1.017246147765385, 53.04224769297268], [1.0172476178898384, 53.04241731856465], [1.0172819886691205, 53.0424858113991], [1.017168904941139, 53.042420422224765], [1.017172263470106, 53.04236077670066], [1.017168904941139, 53.0422696618053], [1.0172525786031668, 53.04219115110869], [1.017338530533111, 53.04221914794897], [1.017395072397102, 53.042174783767145], [1.0173161285758343, 53.04207806738071], [1.0172393892659874, 53.04202152551672], [1.017168904941139, 53.04202057660243], [1.017141767162263, 53.0421346092447], [1.017074936524031, 53.04224769297268], [1.0170030895203654, 53.04230423483667], [1.0169860511244124, 53.04236077670066], [1.0170620799093326, 53.04241731856465], [1.0169912816667526, 53.04241731856465], [1.0168861956211854, 53.042333575716235], [1.016815590911945, 53.04224769297268], [1.0169141385661375, 53.04224769297268], [1.0169469922747771, 53.04219115110869], [1.0171003166150983, 53.0421346092447], [1.0170229591912785, 53.04207806738071], [1.0169226529018733, 53.0421346092447], [1.0168296537571946, 53.042133097156174], [1.0167165700292131, 53.04206453626868], [1.0166600281652225, 53.04192347018233], [1.0166348826400433, 53.04207806738071], [1.0166600281652225, 53.04217133261041], [1.0165868886035871, 53.04207806738071], [1.0164904025732504, 53.04210197344347], [1.0164205575379648, 53.04202152551672], [1.016329683564057, 53.04207806738071], [1.0162642351172875, 53.042036926783446], [1.0162076932532966, 53.04196208057649], [1.016151151389306, 53.04206368498391], [1.0160380676613245, 53.04199324437026], [1.0160530756794632, 53.04207806738071], [1.015969250038997, 53.04207806738071], [1.0158684420693525, 53.04200130451742], [1.0157677890464274, 53.041908441788735], [1.0156988164773804, 53.04181878788599], [1.015592782023009, 53.04173881619676], [1.0154889781006073, 53.04173881619676], [1.015381817691252, 53.04173881619676], [1.0153030234294451, 53.041642501121636], [1.0152770016560306, 53.04179535806075], [1.0151899397014637, 53.04177297090948], [1.0150768559734824, 53.04181232980697], [1.0150203141094916, 53.04178916794996], [1.015133397837473, 53.041713342306466], [1.0151899397014637, 53.04167791727742], [1.0150987528614452, 53.04156919060479], [1.0150381854493997, 53.04162573246878], [1.0149973211703165, 53.04168227433277], [1.0149447153187245, 53.04156919060479], [1.0148506885175195, 53.04147527095793], [1.0147941466535286, 53.0415880047689], [1.0147135869128467, 53.0415126487408], [1.0146245210615565, 53.041451342395234], [1.014559142447178, 53.0415126487408], [1.0143983536055936, 53.04153048925444], [1.0143158879422511, 53.04145610687681], [1.0142527564236437, 53.041343023148826], [1.0141423673043166, 53.04128648128484], [1.0141059162836439, 53.041343023148826], [1.0140591024216494, 53.041496446142176], [1.014019673269113, 53.041343023148826], [1.0139859687625004, 53.04128648128484], [1.0139251576374297, 53.04139956501282], [1.0138894768296771, 53.04152273790554], [1.0138323804143732, 53.04145610687681], [1.013860654321896, 53.041343023148826], [1.0137763931016956, 53.04125961956875], [1.0136633093737144, 53.04121137526486], [1.013550225645733, 53.04127295637025], [1.0134469984881214, 53.04117339755686], [1.0134139294139786, 53.04122993942085], [1.013446448635217, 53.041343023148826], [1.0133806000537606, 53.041333890270124], [1.01332405818977, 53.041217893321466], [1.0132358633775254, 53.04117339755686], [1.01317061019437, 53.04111685569287], [1.013097890733807, 53.04105813818032], [1.0130481238635494, 53.04117339755686], [1.0129848070058256, 53.041232611666246], [1.013030709180024, 53.04117339755686], [1.0129264780791913, 53.04111685569287], [1.0128151814138535, 53.04104777493608], [1.0128151814138535, 53.041145237018306], [1.0128717232778444, 53.0412729432992], [1.0129293519570353, 53.041343023148826], [1.0128717232778444, 53.04129915280683], [1.0127586395498627, 53.04123290676222], [1.0126999667697827, 53.04117339755686], [1.0125890139578906, 53.04111023098478], [1.0124759302299091, 53.04105217483136], [1.0123863084056226, 53.0409472301009], [1.0123554078789434, 53.04089068823691], [1.0123628465019276, 53.041027146579694], [1.0124252237488032, 53.04111685569287], [1.0123628465019276, 53.041092964041255], [1.0122497627739464, 53.041147719235624], [1.012136679045965, 53.041081919839414], [1.0120235953179835, 53.04112777935898], [1.012073393328508, 53.04106031382888], [1.0119357372166142, 53.04106031382888], [1.0118539697260114, 53.04103807129399], [1.01174088599803, 53.04095693701813], [1.0116818871823527, 53.04089068823691], [1.0115712604060576, 53.040791805798406], [1.0114581766780761, 53.04084539268438], [1.0113820816693082, 53.040777604508925], [1.0113450929500947, 53.040616501959185], [1.011315283617967, 53.040777604508925], [1.0113457525869898, 53.04089068823691], [1.0112864486650288, 53.04089068823691], [1.0112037746566087, 53.040777604508925], [1.0110623836301411, 53.04073229854507], [1.0110058417661505, 53.04083680853567], [1.010892758038169, 53.04081973148662], [1.010819168058943, 53.040721062644934], [1.0108362161741784, 53.04063712658076], [1.0107656548574748, 53.04055143705296], [1.0106801969010355, 53.04049489518897], [1.0105649423815397, 53.04049489518897], [1.0105294634287518, 53.04038181146099], [1.0104523826548208, 53.04026872773301], [1.0104050835265699, 53.040325269597], [1.0104454842948103, 53.04043835332498], [1.0103838812622525, 53.040415719076854], [1.0103052715547969, 53.040325269597], [1.010270797534271, 53.04019580625856], [1.0101577138062896, 53.040152198756644], [1.0100765836715435, 53.04021218586902], [1.010047595987423, 53.04038181146099], [1.0099785239091172, 53.04038181146099], [1.0099880882143175, 53.04023768459235], [1.0099842979104772, 53.040155644005026], [1.01002600871717, 53.040099102141035], [1.0100836801596667, 53.040042560277044], [1.0099880882143175, 53.03995464523172], [1.009902244855967, 53.03987293468507], [1.0098343753265067, 53.03975985095709], [1.0097932268197227, 53.03964676722911], [1.0097881737830394, 53.039477141637136], [1.0097619207583546, 53.03934539157036], [1.0096696180319469, 53.03925097418117], [1.009584149045563, 53.03919443231718], [1.009565527377653, 53.03902480672521], [1.0095357533023916, 53.038901688004756], [1.009479211438401, 53.03878840047432], [1.0094096152649976, 53.038685555541264], [1.0093661277104196, 53.03855396337745], [1.009258837313652, 53.0384593880853], [1.0091965021184475, 53.03840190756164], [1.0091692911250632, 53.03823322062934], [1.0091098364335895, 53.038120136901355], [1.0090268765264754, 53.03815747324609], [1.009083418390466, 53.03821736150062], [1.0090769891374352, 53.03828976249333], [1.009112237783602, 53.03840284622131], [1.0091471926072504, 53.03851592994929], [1.009253729438324, 53.03857247181328], [1.0093047788179614, 53.038742097405255], [1.009342964632666, 53.038855181133236], [1.009251649847365, 53.038855181133236], [1.0092053852454308, 53.038685555541264], [1.0091399602544566, 53.03860937111662], [1.009083418390466, 53.03849871979029], [1.0089703346624845, 53.038410166781404], [1.008960896092104, 53.03828976249333], [1.0089703346624845, 53.038229632908646], [1.0088883108090685, 53.038120136901355], [1.0088007090705124, 53.038013128595125], [1.0087164772199353, 53.03795051130939], [1.0086611573523816, 53.03800705317338], [1.0086310834785401, 53.03814599196312], [1.0085745416145495, 53.03803719957676], [1.008590671238968, 53.03795051130939], [1.008550368850731, 53.03783742758141], [1.0085409756253267, 53.037667801989436], [1.0085525187177455, 53.03749817639746], [1.0084926489996615, 53.03744163453347], [1.0084482770270902, 53.037554718261454], [1.0084490025883965, 53.03772434385343], [1.008461457886568, 53.037817700180874], [1.008370107249103, 53.03783742758141], [1.0083309579169397, 53.03772434385343], [1.008291832294596, 53.03760998542341], [1.0082067833817134, 53.03749817639746], [1.008123597718139, 53.03738509266948], [1.0080618722617516, 53.03732855080549], [1.0080507973759572, 53.03715892521352], [1.007914490955509, 53.03710238334953], [1.0080091229746424, 53.03699327875055], [1.008072280613099, 53.03710238334953], [1.0081879047340916, 53.03715892521352], [1.0082760466447067, 53.0372720089415], [1.008291832294596, 53.03740034467615], [1.0083052265233685, 53.0372720089415], [1.008286192624989, 53.03715892521352], [1.008291832294596, 53.037008024224136], [1.0084049160225774, 53.03706762075226], [1.008461457886568, 53.03703382704395], [1.0083483741585866, 53.036948147748966], [1.0082352904306051, 53.03688043456553], [1.0081307062453635, 53.03681967402957], [1.0080965701801319, 53.036876215893564], [1.0079697205306557, 53.036876215893564], [1.0079603170553888, 53.03670659030159], [1.0079285575808292, 53.03659350657361], [1.007896039246661, 53.03643832673941], [1.00783949738267, 53.03657569346979], [1.00783949738267, 53.036688336952615], [1.007896039246661, 53.03681935579674], [1.0078956964581238, 53.03681967402957], [1.0078001877007996, 53.036876215893564], [1.0078261131144985, 53.037045841485536], [1.007888064258866, 53.03715892521352], [1.0079176930909175, 53.0372720089415], [1.00783949738267, 53.03725487565267], [1.0077625081727006, 53.03715892521352], [1.0077006065272436, 53.037045841485536], [1.0077731508190597, 53.036932757757555], [1.0077264136546886, 53.03684869099726], [1.0077264136546886, 53.03673418516402], [1.0077222039342735, 53.03659350657361], [1.0077264136546886, 53.036504607351226], [1.0077264136546886, 53.03636771859704], [1.0077142881518324, 53.036310797253655], [1.0076613044634206, 53.036254255389665], [1.0076380326074572, 53.03642388098164], [1.0076018788797965, 53.03653696470962], [1.0075567880627165, 53.03666911108365], [1.0074893639660785, 53.03659350657361], [1.007506556109692, 53.03648042284563], [1.0075002461987257, 53.03636376749281], [1.0074312476694574, 53.036254255389665], [1.0073098322494864, 53.036254255389665], [1.0073306545984444, 53.036367339117646], [1.0073343848108245, 53.03653696470962], [1.0073306206067536, 53.03666793586602], [1.007274078742763, 53.036586415528376], [1.0072081786662426, 53.03648042284563], [1.0071044531507907, 53.036485756208705], [1.0070123844960335, 53.03648042284563], [1.0070490184165344, 53.03659350657361], [1.0069913694228094, 53.0365713813558], [1.0069065981418688, 53.03648042284563], [1.006878285694828, 53.03641657890026], [1.0069913694228094, 53.03645627667944], [1.0069913694228094, 53.03634371153216], [1.0069348275588186, 53.03622868782378], [1.006860710640427, 53.03614117166168], [1.0068992851455734, 53.0360280879337], [1.006878285694828, 53.03591312051504], [1.0067838906461195, 53.03580192047774], [1.006712949675706, 53.03585846234173], [1.0067003178357434, 53.03597154606971], [1.0067086601028556, 53.03609141268129], [1.0067219914388141, 53.03597154606971], [1.0068217438308371, 53.03600252533507], [1.0067704116145337, 53.03608462979769], [1.0067201608301226, 53.036197713525674], [1.006652118238865, 53.03618528484758], [1.0065750111587795, 53.036254255389665], [1.006482492646893, 53.03623480228641], [1.0064065544771108, 53.03614117166168], [1.0063263883814826, 53.0360280879337], [1.006425950782902, 53.03592010161333], [1.0064219075324345, 53.03585846234173], [1.0063465003758671, 53.03580192047774], [1.0062981122543975, 53.03591500420572], [1.00625632519093, 53.036069002482975], [1.006157967506933, 53.03608462979769], [1.0061997833269392, 53.03591545783968], [1.0062781499071356, 53.03585846234173], [1.0063514792138766, 53.03574537861375], [1.00625632519093, 53.0356481106206], [1.006176006847946, 53.035632294885765], [1.006224614576335, 53.03574537861375], [1.0061620808022442, 53.03585846234173], [1.0060866995989577, 53.035827580910635], [1.006085678741659, 53.03597154606971], [1.006030157734967, 53.03610321897303], [1.0059690601589708, 53.0360280879337], [1.0059995695468158, 53.03591500420572], [1.0059170740069856, 53.035810640915535], [1.005860532142995, 53.0357195315605], [1.0057474484150135, 53.035795211530456], [1.0056379786416847, 53.03574537861375], [1.0056065870508113, 53.035688836749756], [1.005634364687032, 53.035536296758295], [1.0056499577132958, 53.0354061274298], [1.005634364687032, 53.03528434899133], [1.0056164221701027, 53.0354061274298], [1.0055530885602326, 53.035519211157784], [1.005543957884823, 53.035688836749756], [1.0055778228230414, 53.03584219368802], [1.005636050902976, 53.03591500420572], [1.0055778228230414, 53.03598166505887], [1.005553754505051, 53.03585846234173], [1.00546473909506, 53.03576554232271], [1.0054052959697068, 53.035688836749756], [1.0053004154032663, 53.035632294885765], [1.005260347966261, 53.035575753021774], [1.005188611225424, 53.03546266929379], [1.0051254879111156, 53.03538878048588], [1.0050978655583045, 53.03523650183783], [1.0050198912808488, 53.03529304370182], [1.0049404388998846, 53.03529304370182], [1.0048596769532705, 53.03523650183783], [1.0048057381739655, 53.03529304370182], [1.0047511147942119, 53.03517995997384], [1.0046731529991897, 53.03508505768669], [1.0045558244941994, 53.03512341810985], [1.0045600692712084, 53.03519911679857], [1.0044835926678513, 53.03512341810985], [1.0045035274072176, 53.03504180451634], [1.0043904436792361, 53.03508913107493], [1.0043089060633035, 53.03506687624586], [1.004196220052404, 53.03506687624586], [1.004220818087264, 53.03491329253088], [1.0042358256001518, 53.03478416692591], [1.0042123160244774, 53.0348407087899], [1.0040805330979232, 53.034897250653884], [1.00401361201245, 53.034953792517875], [1.0038815669033196, 53.034911092466515], [1.003825025039329, 53.035056651539], [1.0037624161603853, 53.03506687624586], [1.0036658426905027, 53.034953792517875], [1.0037119413113476, 53.03488727597927], [1.0036550463880134, 53.03478416692591], [1.0035389364739922, 53.03472762506192], [1.0034986903285246, 53.034557999469946], [1.0034718547451429, 53.03461454133394], [1.0033936144320765, 53.03472762506192], [1.0033161482634125, 53.034681317514114], [1.0032466339184432, 53.03461454133394], [1.003197841896559, 53.034501457605955], [1.0031168498245095, 53.034557999469946], [1.0031681792424807, 53.03467108319793], [1.0031456150038867, 53.03461454133394], [1.0029944199695926, 53.03461454133394], [1.0029203552154775, 53.03467831735188], [1.0029316400842532, 53.03461454133394], [1.0029203552154775, 53.03454475206634], [1.0030147112563355, 53.034557999469946], [1.0029337778430074, 53.034444915741965], [1.0028638133514867, 53.03448857769952], [1.0028017266678284, 53.034557999469946], [1.002807271487496, 53.03463076499951], [1.0026941877595146, 53.03470783809371], [1.0025875046061745, 53.03461454133394], [1.0024955849894346, 53.03461454133394], [1.0025245621675425, 53.03469000310049], [1.002411478439561, 53.034638818713326], [1.002320788704138, 53.03461454133394], [1.0022213905935602, 53.03467108319793], [1.0021172379262495, 53.03467108319793], [1.002015685391626, 53.03467930901229], [1.0019815306205366, 53.034557999469946], [1.001908143098953, 53.03461454133394], [1.0018037000876632, 53.03461454133394], [1.0016927073547832, 53.034557999469946], [1.0016590765124143, 53.03461454133394], [1.001570364319143, 53.034557999469946], [1.0015068086157095, 53.0344798128403], [1.001393724887728, 53.034543622402566], [1.001326358691456, 53.034557999469946], [1.0013483539252628, 53.034444915741965], [1.0012833501064766, 53.03433183201398], [1.0012304260389087, 53.034388373877974], [1.0011963356904099, 53.03433183201398], [1.0012758277688378, 53.034218748286], [1.0012024247845601, 53.03416220642201], [1.0011526188596043, 53.034218748286], [1.0010544737037836, 53.03424243634742], [1.0009413899758022, 53.03430931193701], [1.0008283062478207, 53.03425261810057], [1.0007530442584183, 53.03433183201398], [1.0008283062478207, 53.03442686229032], [1.00077176438383, 53.03445222307404], [1.0007152225198395, 53.034374415789856], [1.000623330732489, 53.034444915741965], [1.0006586806558486, 53.03453930433922], [1.0005581786138897, 53.034501457605955], [1.0004890550638765, 53.03456122087719], [1.0004325131998857, 53.03447670525434], [1.000341010583317, 53.034557999469946], [1.0003001052847065, 53.03461454133394], [1.0002628876079136, 53.03449444214584], [1.0001675822379907, 53.034557999469946], [1.0000932620159415, 53.03462555417506], [0.99998017828796, 53.03458233451215], [0.9998886483527593, 53.03461454133394], [0.9998105526959878, 53.034512633977165], [0.9997540108319971, 53.034441161072955], [0.9996802123743986, 53.034501457605955], [0.9995692480571592, 53.034557999469946], [0.9994213085045998, 53.034557999469946], [0.9993104496976751, 53.034557999469946], [0.9993582177840621, 53.03466254960154], [0.9992935831922074, 53.034557999469946], [0.99918859219209, 53.034501326738635], [0.9991171440876467, 53.034444915741965], [0.9991544033571818, 53.034557999469946], [0.9991067593884865, 53.03461454133394], [0.9990189666001178, 53.0345536473263], [0.9989624247361271, 53.03463831786851], [0.9988631456658456, 53.034557999469946], [0.9988365495029595, 53.03461454133394], [0.9988493410081456, 53.034679300763784], [0.9987752212347856, 53.03461454133394], [0.9986797154161735, 53.03450304722469], [0.9985963999376533, 53.034501457605955], [0.9985116102388891, 53.034557999469946], [0.9984654773656584, 53.034444915741965], [0.9984127109895057, 53.03433183201398], [0.9983538448684686, 53.034388373877974], [0.9984096004705189, 53.034501457605955], [0.9983241071360153, 53.034501457605955], [0.9982839223682384, 53.034381357951624], [0.9982839223682384, 53.03423426353355], [0.9982839223682384, 53.03415812047613], [0.9982006752374604, 53.034218748286], [0.9981142967762663, 53.03431434548536], [0.9980495767049052, 53.034218748286], [0.9979883508647629, 53.03416220642201], [0.9979535824536238, 53.03433183201398], [0.9980617577580199, 53.034388373877974], [0.9979676171555869, 53.034388373877974], [0.9979200621542832, 53.03427529014999], [0.9978315874563126, 53.034175794517644], [0.9977619652392538, 53.03427529014999], [0.997626341085636, 53.03433183201398], [0.9975457262057772, 53.03433183201398], [0.9974357944083776, 53.03437322417734], [0.99737288626602, 53.034388373877974], [0.997247749844627, 53.034388373877974], [0.997153085088424, 53.03445511488841], [0.9970400013604426, 53.03440363943677], [0.9969771420780541, 53.034388373877974], [0.9969269176324611, 53.03449533581562], [0.9969258619053424, 53.034501457605955], [0.9967992474045586, 53.034501457605955], [0.9968138339044796, 53.0345727568383], [0.9967007501764983, 53.03450216886897], [0.9965876664485168, 53.03449896930456], [0.9964745827205354, 53.03440068120473], [0.9963650629524649, 53.034444915741965], [0.9963049571285632, 53.03438480048032], [0.9963010218731778, 53.034501457605955], [0.9961728384881896, 53.034501457605955], [0.9961353315365911, 53.034368601460415], [0.9960787896726003, 53.03450075270278], [0.9959657059446189, 53.03454965286503], [0.9958650440726847, 53.03461454133394], [0.9958173872149416, 53.034557999469946], [0.995739538488656, 53.03457303505117], [0.995717999950053, 53.034444915741965], [0.9956782383928071, 53.034501457605955], [0.9955699128966838, 53.034470758007394], [0.9956264547606746, 53.03441376416056], [0.9956829966246653, 53.03431163108226], [0.995739538488656, 53.03423073473436], [0.9956874108715341, 53.03410566455802], [0.9956199321408092, 53.03410566455802], [0.9956264547606746, 53.03420204822385], [0.995516832370742, 53.03410566455802], [0.9955859723772985, 53.03399258083004], [0.9955133710326931, 53.034006756071136], [0.9954079971151025, 53.03410566455802], [0.995343745440721, 53.034050997484485], [0.9952581097370062, 53.03416220642201], [0.9951175779847581, 53.03419081630217], [0.9949735099686141, 53.034218748286], [0.9948821607243727, 53.034218748286], [0.9947783268008138, 53.034272323347956], [0.9947990357537121, 53.03433183201398], [0.9947217849368231, 53.03441931517183], [0.9947034617096497, 53.03427529014999], [0.9946545372052022, 53.034218748286], [0.9946087012088416, 53.03433405471466], [0.9944956174808601, 53.03439974195839], [0.9943825337528787, 53.034469671970925], [0.9942694500248973, 53.03451067586486], [0.9941707176767588, 53.034444915741965], [0.9941558884044392, 53.034388373877974], [0.9940998244329251, 53.03454284889287], [0.9940236267199098, 53.034444915741965], [0.9940998244329251, 53.034348990380416], [0.994061547322625, 53.03427529014999], [0.9939867407049436, 53.03431703774788], [0.9939062747188698, 53.034388373877974], [0.9938171151129715, 53.03445071199063], [0.9937277065020029, 53.034444915741965], [0.9936474895209993, 53.034507600378106], [0.9936161678124413, 53.034388373877974], [0.9935344057930179, 53.03429565272192], [0.9934303426015608, 53.03427529014999], [0.9935155205787874, 53.034388373877974], [0.9934439667832399, 53.034501457605955], [0.993338600389383, 53.034501457605955], [0.9932608570748322, 53.034557999469946], [0.9931951546090736, 53.034517423803784], [0.9931386127450829, 53.0344347670703], [0.9930626066250093, 53.034501457605955], [0.99291244528912, 53.03453007851898], [0.9928404863691208, 53.034557999469946], [0.9927428196971478, 53.034463447086814], [0.9926675160573235, 53.034557999469946], [0.9926862778331571, 53.0346209030615], [0.9925731941051756, 53.03457265617955], [0.9924601103771942, 53.034621355800404], [0.9923529455297345, 53.034557999469946], [0.9922904847852221, 53.034606134124324], [0.9922339429212313, 53.03449442556548], [0.9921422745112202, 53.034557999469946], [0.9920643173292591, 53.03452011846593], [0.9920077754652685, 53.03466389690565], [0.9918946917372871, 53.034572645928485], [0.9917816080093056, 53.034545511772784], [0.9917250661453149, 53.034424619958514], [0.9916490688484988, 53.034388373877974], [0.9915738027409922, 53.034501457605955], [0.9916346051449297, 53.03461454133394], [0.9915554405533427, 53.03458737463823], [0.9915549582452936, 53.034444915741965], [0.9914917782170009, 53.03433183201398], [0.9913858149613706, 53.03426084536191], [0.9913985720000354, 53.03433183201398], [0.9913858149613706, 53.0344107207478], [0.9913858149613706, 53.03452156032799], [0.9913292730973798, 53.03442723120371], [0.9912161893693984, 53.03447118233737], [0.9911031056414169, 53.0344097082811], [0.9909334800494448, 53.03440614781085], [0.9909824955404968, 53.034501457605955], [0.9908852603249364, 53.034557999469946], [0.9907638544574726, 53.034502117315384], [0.9905942288655004, 53.03451610891032], [0.9904811451375191, 53.03457507573913], [0.9903680614095376, 53.03454507390822], [0.9902549776815561, 53.03456440073146], [0.9901803073637614, 53.034501457605955], [0.9900480822172206, 53.034501457605955], [0.9900288102255933, 53.03461552783508], [0.9899614932792787, 53.034557999469946], [0.9898591846336211, 53.03458682986533], [0.9897700678286819, 53.03461454133394], [0.9896895590416489, 53.03464363941484], [0.9895764753136675, 53.034574511723314], [0.9895199334496768, 53.03453235559097], [0.9894633915856861, 53.03447739713553], [0.9893503078577046, 53.03453948097235], [0.9892937659937139, 53.03442994837027], [0.9891806822657324, 53.034470250605104], [0.9891806822657324, 53.03437123956819], [0.9891806822657324, 53.034257145031596], [0.989022909570878, 53.03427529014999], [0.9890675985377511, 53.03437359303033], [0.9889710223134381, 53.034388373877974], [0.9889491199311855, 53.03433183201398], [0.9888630583044453, 53.03427529014999], [0.9887848892177974, 53.034312085564146], [0.9887059825154154, 53.034218748286], [0.9886383396476449, 53.03427529014999], [0.9886152636258252, 53.03438960323569], [0.988590166262109, 53.03427529014999], [0.9884456380338531, 53.034257720856075], [0.9884549232528852, 53.03433183201398], [0.988346484826178, 53.034388373877974], [0.9882760124418809, 53.034461246751945], [0.9882194705778902, 53.0343800529762], [0.9881629287138995, 53.0344769463389], [0.9880498449859181, 53.03441801865544], [0.9879933031219273, 53.03450312306878], [0.9879077402414165, 53.034501457605955], [0.9878236775299551, 53.03455973946426], [0.9877671356659644, 53.03447340046796], [0.9876701644718424, 53.034557999469946], [0.9876197735797249, 53.034501457605955], [0.9875095640352763, 53.034501457605955], [0.9874278844820201, 53.034560461643], [0.9873594735426394, 53.034501457605955], [0.9872582588900479, 53.034411840555286], [0.9872017170260572, 53.034477961145704], [0.9871949504215025, 53.034501457605955], [0.9870756774855798, 53.034444915741965], [0.9870631024087168, 53.03427529014999], [0.9871451751620666, 53.03428203912422], [0.9872017170260572, 53.03424937312516], [0.9870917105087675, 53.03416220642201], [0.9869999752905306, 53.03416220642201], [0.9869417848782597, 53.03427529014999], [0.9869190077061036, 53.034395499926006], [0.9868186869770632, 53.03433183201398], [0.9867493821141315, 53.03425884455071], [0.9867722682025575, 53.03433183201398], [0.9866928402501407, 53.03444330739776], [0.9866362983861501, 53.03431206193115], [0.9865797565221593, 53.034396224428484], [0.9864331156051764, 53.034444915741965], [0.9863535890661964, 53.03454234589913], [0.9862405053382151, 53.03448638874251], [0.9861274216102336, 53.03453529499041], [0.9860005983700993, 53.034501457605955], [0.9858806861592555, 53.034501457605955], [0.9857881704262892, 53.03455941214631], [0.9857316285622986, 53.03450038273664], [0.9856730494162257, 53.034557999469946], [0.9855620029703264, 53.03463442103223], [0.9854811409338259, 53.034557999469946], [0.9853923773783542, 53.034563211751305], [0.9852792936503727, 53.03464797453913], [0.9852112854532268, 53.03461454133394], [0.9850881369268628, 53.03461454133394], [0.9849707409607753, 53.03461454133394], [0.9848835006024377, 53.03459588426951], [0.9847737804494355, 53.034501457605955], [0.984711262513926, 53.034501457605955], [0.9847424465086682, 53.03461454133394], [0.9846573331464749, 53.03459731081091], [0.9845486622250408, 53.03461454133394], [0.9845442494184934, 53.03455295814372], [0.9844877075545027, 53.034492128858304], [0.9844311656905119, 53.03436921747049], [0.9843933959667122, 53.034501457605955], [0.984444011908124, 53.03461454133394], [0.9843746238265212, 53.03459935919089], [0.9842615400985398, 53.03452950009502], [0.9841484563705584, 53.0345807739286], [0.9840353726425769, 53.03462762293456], [0.9838953453816675, 53.03467108319793], [0.9838034596875787, 53.03467108319793], [0.9836961214586326, 53.03470822484986], [0.9835862511382207, 53.03461454133394], [0.9835264958666604, 53.03465715510752], [0.9834134121386789, 53.034605756682815], [0.9833568702746882, 53.03469611400287], [0.9832437865467069, 53.034637098012695], [0.9831737958546926, 53.03472762506192], [0.9831247910798652, 53.03478416692591], [0.9830176190907439, 53.03469561712988], [0.9829610772267532, 53.03479261551688], [0.9828479934987718, 53.034730185960214], [0.9827708869571457, 53.03478416692591], [0.9826783679067996, 53.034683045894674], [0.9825736566555792, 53.03478416692591], [0.9825087423148274, 53.03484277490058], [0.9823956585868461, 53.034831694398584], [0.9822823903875765, 53.03478416692591], [0.9821694911308831, 53.03470607933042], [0.9821129492668924, 53.03479223761695], [0.9820021737075545, 53.03472762506192], [0.9819858213960037, 53.03461454133394], [0.9818919228193921, 53.03467108319793], [0.9818302399469389, 53.03464182390069], [0.9817736980829481, 53.034554977753196], [0.9817207579651318, 53.03467108319793], [0.9817037616865433, 53.03472762506192], [0.9816040724909759, 53.0347318353333], [0.9814909887629945, 53.034707005818014], [0.9814093050530446, 53.03478416692591], [0.9813213631710224, 53.03473931089133], [0.9812082794430409, 53.034800723126736], [0.9811517375790502, 53.034713304554295], [0.9811002390223464, 53.0348407087899], [0.9810386538510687, 53.03478611434501], [0.9809715518207545, 53.0348407087899], [0.9808174648630051, 53.0348407087899], [0.9807559445311151, 53.0348239898409], [0.9806682984765795, 53.0348407087899], [0.9805863189391429, 53.03484367584039], [0.9805171020395926, 53.0348407087899], [0.9804112739021207, 53.0348407087899], [0.9803036096191894, 53.034877008602365], [0.9801905258912079, 53.03491144002714], [0.9800774421632265, 53.03485569058679], [0.9800209002992357, 53.034759735148036], [0.9799679793714725, 53.034897250653884], [0.9799078165712544, 53.0348901964111], [0.9798429586005284, 53.034897250653884], [0.979778818451863, 53.0348407087899], [0.9796363821857118, 53.0348407087899], [0.9795685653873101, 53.03476552787393], [0.9795120235233192, 53.03487669356082], [0.9794462262041531, 53.034897250653884], [0.9793423979313471, 53.034811905044485], [0.9792858560673564, 53.0349091903232], [0.9791727723393749, 53.0348617554282], [0.9790776729359821, 53.034897250653884], [0.9790031467474029, 53.03484018854017], [0.9789466048834121, 53.03490018860315], [0.9787861293691648, 53.034953792517875], [0.9787204374274492, 53.034944353268926], [0.9786073536994677, 53.0348725916085], [0.9785508118354771, 53.03496017169088], [0.9784942699714864, 53.03489701942371], [0.9783811862435049, 53.034933248219886], [0.9782681025155234, 53.034855454763836], [0.978155018787542, 53.03492030899029], [0.9780541385626244, 53.0348407087899], [0.9779853931955699, 53.034776021941724], [0.9779853931955699, 53.03488060673547], [0.9779377304353738, 53.034953792517875], [0.9779262896376824, 53.034897250653884], [0.9778157676035977, 53.034803718546385], [0.9777026838756162, 53.03486832344121], [0.9776188945200225, 53.0348407087899], [0.9775330582836441, 53.03482920058549], [0.9774765164196534, 53.03490501876237], [0.9774018335105257, 53.0348407087899], [0.9773556358362145, 53.03478416692591], [0.9772503489636905, 53.03485239127892], [0.9771372652357091, 53.03491859226827], [0.9770241815077276, 53.03489637780848], [0.9769429578709471, 53.034953792517875], [0.9768545559157554, 53.03502094979974], [0.9767980140517647, 53.03490259430694], [0.9766938584254314, 53.035010334381866], [0.9766283884597926, 53.03498523025233], [0.9765153047318111, 53.03493794356376], [0.9765153047318111, 53.03505764818856], [0.9765035735764932, 53.03506687624586], [0.9763544526778746, 53.03506687624586], [0.9762891372758482, 53.03504973287345], [0.976180837827181, 53.034953792517875], [0.9761416429095064, 53.035010334381866], [0.9760629698198854, 53.03498975364051], [0.9759683468222309, 53.034953792517875], [0.9758758090040149, 53.035010334381866], [0.9757802604999317, 53.034975450631336], [0.9757237186359411, 53.03509132236601], [0.9756671767719504, 53.034989951930896], [0.9756106349079596, 53.03507452379721], [0.9755477437190416, 53.035010334381866], [0.9754975511799782, 53.03489009396364], [0.9754410093159874, 53.034907851635104], [0.9754410093159874, 53.03505515125622], [0.975330194005934, 53.03506687624586], [0.9752275443112337, 53.03506687624586], [0.9751524816002932, 53.03506687624586], [0.9751017581320431, 53.03494556324044], [0.9750526229291746, 53.03506687624586], [0.9749567362450147, 53.03506687624586], [0.9748494050740555, 53.03506687624586], [0.9747625069480987, 53.03515134512424], [0.9747059650841081, 53.0350391445652], [0.9746494232201174, 53.0351353429922], [0.9745650309389315, 53.03506687624586], [0.9744797976281452, 53.035080664758304], [0.9744174687656829, 53.03506687624586], [0.974361634909269, 53.03512341810985], [0.9742536301721823, 53.03515711643945], [0.9741405464442009, 53.03508947981862], [0.9740394088117662, 53.03512341810985], [0.9739545188841882, 53.03506687624586], [0.973892816955325, 53.035010334381866], [0.9738012952602566, 53.03509376184651], [0.9737447533962659, 53.03496431173699], [0.9736814464317899, 53.034953792517875], [0.9736467316168925, 53.03512341810985], [0.9735751278042937, 53.035089740994714], [0.9735200916452539, 53.034953792517875], [0.9734970272403991, 53.0348407087899], [0.9734582004197865, 53.034897250653884], [0.9734620440763122, 53.03505267466899], [0.9734484744245712, 53.03506687624586], [0.9733748879002706, 53.034953792517875], [0.9733188210643251, 53.034897250653884], [0.9732358766203494, 53.03488562610482], [0.9731227928923679, 53.034943072122026], [0.973016172825747, 53.034897250653884], [0.9729235599422618, 53.034953792517875], [0.9728599569155315, 53.035010334381866], [0.9727507548426911, 53.035010334381866], [0.9726750604460526, 53.03512341810985], [0.9726139161164514, 53.03507801298567], [0.97250083238847, 53.035173562188845], [0.9723408833421506, 53.03512341810985], [0.9722971733642645, 53.03517995997384], [0.9722181230685164, 53.03515597246177], [0.9721050393405349, 53.03520214857303], [0.9719919556125535, 53.03517275437541], [0.9718792647918268, 53.03523650183783], [0.9718788718845721, 53.035235508651965], [0.9718223300205814, 53.03517178109958], [0.9717657881565906, 53.03524510983509], [0.9716527044286092, 53.03520780502614], [0.9715717694959576, 53.03517995997384], [0.9715307157002693, 53.03523650183783], [0.9714265369726462, 53.035268350396606], [0.9713526729856616, 53.03523650183783], [0.9713022065023035, 53.03529304370182], [0.9711614895423083, 53.03529304370182], [0.971087285788702, 53.035237877272856], [0.9709922771784802, 53.03529304370182], [0.9709176601967298, 53.035315699573516], [0.9708045764687484, 53.03523744683256], [0.970721856416595, 53.03529304370182], [0.9705906336555633, 53.03529304370182], [0.9704811339424185, 53.03529304370182], [0.9704087834208134, 53.035338133659145], [0.9702956996928319, 53.03526662904679], [0.9702391578288412, 53.03535391324415], [0.9701826159648504, 53.03527407573904], [0.970069532236869, 53.0352307633266], [0.9699564485088876, 53.03526568174874], [0.9698433647809062, 53.03530822342615], [0.969673739188934, 53.03531025401807], [0.9696005887009956, 53.03529304370182], [0.9695589059455578, 53.03534958556581], [0.9694475717329711, 53.03535728687083], [0.9693344880049897, 53.035303357215746], [0.9692482712926807, 53.03529304370182], [0.9691648624130175, 53.03529169806574], [0.969027013891854, 53.03529304370182], [0.9689386949570546, 53.03528708880954], [0.9688256112290732, 53.03531341099377], [0.9687499995647553, 53.03529304370182], [0.968655985637101, 53.03528896771419], [0.9685129843008686, 53.03529304370182], [0.9684694044771976, 53.03523650183783], [0.9683732763171474, 53.03527100211616], [0.968284435175625, 53.03523650183783], [0.9681954585298014, 53.03529304370182], [0.9680905669971938, 53.03527604428869], [0.967983030932474, 53.03534958556581], [0.9679774832692124, 53.03534034645026], [0.9679209414052217, 53.03528095136776], [0.9678435769838878, 53.03534958556581], [0.9678078576772402, 53.035470099072306], [0.9677177167931622, 53.0354061274298], [0.967597245585512, 53.0354061274298], [0.9675251483572866, 53.03550791057534], [0.9674152856534913, 53.0354061274298], [0.9673733862390557, 53.03546266929379], [0.9673424372181454, 53.035519211157784], [0.9672989809013237, 53.03539363741366], [0.967242439037333, 53.03541371515149], [0.9671858971733422, 53.03551439686748], [0.9671293553093515, 53.03540342844253], [0.9670162715813702, 53.035327742836735], [0.9669031878533887, 53.03525593331413], [0.9667913240761564, 53.03529304370182], [0.9667335622614165, 53.03523313226013], [0.9666204785334351, 53.03525950139459], [0.9665136335576966, 53.03517995997384], [0.9664508529414629, 53.03521576307203], [0.9663943110774722, 53.035311162288366], [0.9662812273494907, 53.03525618702589], [0.9661681436215093, 53.03519546936593], [0.9661116017575186, 53.035083408539364], [0.9660694518268943, 53.034953792517875], [0.9660168075910546, 53.0348407087899], [0.9659419761655464, 53.034769626576896], [0.9658745531650987, 53.03472762506192], [0.9657723505735742, 53.0346899462759], [0.9657158087095835, 53.034764911303206], [0.9657158087095835, 53.03485057778858], [0.96563783111803, 53.03478416692591], [0.9655461831176114, 53.03482170563972], [0.9654749474495372, 53.03478416692591], [0.9653765575256392, 53.03485894493121], [0.9653470379056902, 53.03472762506192], [0.9652634737976578, 53.03475495072206], [0.9651503900696763, 53.034712957818115], [0.9650938482056857, 53.03481948957908], [0.9649651883202436, 53.03478416692591], [0.9648676807497227, 53.03472207031574], [0.964811138885732, 53.03481839183882], [0.9646980551577506, 53.03476485865062], [0.9646368083930456, 53.03472762506192], [0.9645284295657784, 53.034799309064695], [0.9644718877017877, 53.03470842034887], [0.9643588039738062, 53.03473239827147], [0.9642287079358347, 53.03472762506192], [0.9641326365178434, 53.03476310735281], [0.9639866055595515, 53.03472762506192], [0.9639064690618805, 53.03466328974085], [0.963812274720669, 53.03467108319793], [0.9637347049558446, 53.03467108319793], [0.9637368434699083, 53.03474101909036], [0.9636422032294738, 53.03467108319793], [0.9636803016059177, 53.03461075899893], [0.9636176114864485, 53.03467108319793], [0.9635106760139455, 53.03473008879642], [0.9635255750046173, 53.03467108319793], [0.9634127866599782, 53.03467108319793], [0.9632851688993822, 53.03467108319793], [0.9632502179754654, 53.034557999469946], [0.9631378184291464, 53.034501457605955], [0.9630339535858307, 53.034501457605955], [0.9631148829660104, 53.03458109685321], [0.9631148829660104, 53.034691488259774], [0.9630583411020197, 53.03463406335773], [0.963001799238029, 53.03458936310149], [0.9628887155100475, 53.03461777894977], [0.9627756317820662, 53.0345814668238], [0.9627070850703932, 53.03461454133394], [0.9627190899180754, 53.03452153831396], [0.962606006190094, 53.03449577078758], [0.9624973884530503, 53.034388373877974], [0.9624500301693323, 53.034444915741965], [0.9624929224621125, 53.03450382339908], [0.962379838734131, 53.034464194082545], [0.9623232968701403, 53.034366923859324], [0.9622102131421589, 53.03440516797779], [0.9621536712781682, 53.03430203650056], [0.9620405875501867, 53.03435173892568], [0.9619811263038825, 53.034388373877974], [0.9619234243204642, 53.03433183201398], [0.9618270114212418, 53.03427529014999], [0.9618065325293879, 53.034218748286], [0.9617013363662424, 53.03429332936229], [0.9617141898406524, 53.034218748286], [0.9616547226120521, 53.03410566455802], [0.961588252638261, 53.03412415640485], [0.9615317107742702, 53.03422501085709], [0.9615048137499247, 53.03410566455802], [0.9614186270462888, 53.03411310554056], [0.9613055433183074, 53.03419895531263], [0.9612455342757531, 53.03410566455802], [0.9613540605024528, 53.03410566455802], [0.9614186270462888, 53.03409152831895], [0.9613620851822982, 53.03403756163522], [0.9612708381779185, 53.03393603896605], [0.9611583730831934, 53.03393603896605], [0.961192459590326, 53.03400228902456], [0.9611510518946337, 53.03416220642201], [0.9611139787037306, 53.03410566455802], [0.9610925853188366, 53.03393603896605], [0.9609900466701783, 53.03393603896605], [0.9610228339983538, 53.034046352969675], [0.9609503056870043, 53.03393603896605], [0.960966292134363, 53.03386583894355], [0.9608040177920213, 53.033822955238065], [0.960693772043849, 53.033822955238065], [0.9607966665423909, 53.03393280554592], [0.9608532084063817, 53.03394668471633], [0.9607401246784002, 53.03391515253414], [0.9606270409504187, 53.03384018161872], [0.9605133530956614, 53.033822955238065], [0.9604136633473567, 53.033766413374074], [0.9604001312856836, 53.033709871510084], [0.9603342630037489, 53.033766413374074], [0.9602312479024837, 53.0338315993806], [0.960174706038493, 53.03374792351615], [0.9601181641745022, 53.03382446067293], [0.9600862145336131, 53.033709871510084], [0.9601798715123582, 53.03365332964609], [0.9600804320492917, 53.0335967877821], [0.9600050804465208, 53.033627665815516], [0.9598919967185393, 53.0335718333425], [0.9597942285984801, 53.0335967877821], [0.9597223711265672, 53.03363323373026], [0.9596092873985858, 53.03358634509005], [0.959552745534595, 53.033455936553246], [0.9594691281751649, 53.03348370405412], [0.9593831199426229, 53.03340806044538], [0.9592830627414, 53.03348370405412], [0.9592134943506507, 53.03344986912138], [0.9591004106226693, 53.03348817419525], [0.959035885180785, 53.03342716219013], [0.9591004106226693, 53.03334033844704], [0.9590636598806012, 53.03325753659816], [0.9589561637857186, 53.03325753659816], [0.9589873268946878, 53.03335257313868], [0.9589249221157603, 53.03331407846215], [0.9588548717494253, 53.03337062032614], [0.9587682962472484, 53.03325753659816], [0.9587563318960848, 53.033200994734166], [0.9586714806420075, 53.03331407846215], [0.9587046175747342, 53.03339256405372], [0.9586345495936976, 53.03331407846215], [0.9585915338467528, 53.03318137014753], [0.9584784501187713, 53.03321542043546], [0.95836536639079, 53.03317449664942], [0.9582756967256705, 53.033144452870175], [0.9582174133313346, 53.033200994734166], [0.9581886520371579, 53.033087911006184], [0.9581309001634756, 53.033144452870175], [0.9580012160599118, 53.033144452870175], [0.9579137186898888, 53.033200994734166], [0.9578676728090388, 53.033144452870175], [0.9577706830960018, 53.033144452870175], [0.9577264379739284, 53.033200994734166], [0.9576303221589105, 53.03312832907485], [0.9575194163281391, 53.033200994734166], [0.9574596020362239, 53.033200994734166], [0.9573256935369163, 53.033144452870175], [0.9572345291109755, 53.033192644112354], [0.9571477675465934, 53.033087911006184], [0.9571024144921502, 53.03303136914219], [0.9570247556031806, 53.033144452870175], [0.9569819622417086, 53.033087911006184], [0.9569387268739932, 53.0329748272782], [0.9568640904690706, 53.03303136914219], [0.9568259748085224, 53.033087911006184], [0.9567821941990498, 53.03293550345541], [0.9566691104710683, 53.03299528882264], [0.956560165281679, 53.0329748272782], [0.9565186639839288, 53.03291828541421], [0.9563864011511147, 53.03291648584244], [0.9564146184596616, 53.0329748272782], [0.9564429430151055, 53.03303803464771], [0.9563492406238865, 53.033144452870175], [0.956303996433328, 53.033087911006184], [0.9562167755591425, 53.03302500586451], [0.9561036918311612, 53.03307085400831], [0.9559906081031797, 53.03309521507974], [0.9559906081031797, 53.03300385434909], [0.955945480347835, 53.03291828541421], [0.9558775243751982, 53.03285742731311], [0.9558619488800811, 53.0329748272782], [0.9558049895022176, 53.033087911006184], [0.9557644406472168, 53.03306997042688], [0.9557489059241762, 53.0329748272782], [0.9556513569192353, 53.03290809770056], [0.9556132367437179, 53.03303136914219], [0.9555496511925644, 53.0329748272782], [0.9554817313272632, 53.0329153428275], [0.9554469730442383, 53.03303136914219], [0.9553686475992818, 53.03300590954555], [0.9552879373765167, 53.0329748272782], [0.9552352071020156, 53.03303136914219], [0.9551720219122773, 53.0329748272782], [0.9550792144291289, 53.0329748272782], [0.9549737341224016, 53.03303136914219], [0.9549493746234671, 53.0329748272782], [0.9548597708233653, 53.03287564110605], [0.9548032289593745, 53.03298603483251], [0.9547190885387241, 53.0329748272782], [0.9546797819409802, 53.03303136914219], [0.9546079023668634, 53.03291828541421], [0.954520519639421, 53.0328524259821], [0.9544415983033737, 53.03291828541421], [0.9543641650478805, 53.03303136914219], [0.95431695304753, 53.0329748272782], [0.9542778508537859, 53.03303136914219], [0.9541768970767166, 53.03303136914219], [0.9540681847274952, 53.03304442851865], [0.9540293642535694, 53.03291828541421], [0.9539145494363107, 53.03291828541421], [0.9538846264232522, 53.03303136914219], [0.9537873440383394, 53.0329748272782], [0.9537289335435508, 53.03290209140831], [0.9536494245750317, 53.0329748272782], [0.9535740946326168, 53.033087911006184], [0.9535257126208238, 53.03303136914219], [0.953502766087588, 53.03291078986289], [0.9533998387862744, 53.0329748272782], [0.9533331404956158, 53.03304420567517], [0.9532696661343106, 53.0329748272782], [0.953217366010143, 53.03291828541421], [0.9531635149036437, 53.03306725611777], [0.9530884809171484, 53.0329748272782], [0.9529938893116715, 53.032996868581414], [0.9528906694141325, 53.0329748272782], [0.9528335193155996, 53.033087911006184], [0.9527677218557086, 53.033059722149865], [0.9526546381277272, 53.03308986476057], [0.9525819355531902, 53.03303136914219], [0.952485012535755, 53.03292656947677], [0.9524284706717643, 53.03308373820794], [0.9523689590067297, 53.033087911006184], [0.952279605631313, 53.0329748272782], [0.9522528191790598, 53.03303136914219], [0.9521457613518107, 53.03309073038549], [0.9520967543076602, 53.0329748272782], [0.9520326776238293, 53.03300972778331], [0.9519761357598385, 53.03314202816769], [0.9519204809253646, 53.0329748272782], [0.951913504395095, 53.03303136914219], [0.9518065101678663, 53.03313165165709], [0.9517039993687534, 53.033087911006184], [0.9516284094634082, 53.033087911006184], [0.9515323541063924, 53.0329748272782], [0.9515153946983809, 53.03303136914219], [0.9514242301930728, 53.033087911006184], [0.9512976333919498, 53.03305151142704], [0.9511293713776698, 53.033087911006184], [0.951074289849348, 53.03303136914219], [0.9509645416503807, 53.03303136914219], [0.950902482330845, 53.033144452870175], [0.9508793139076032, 53.033087911006184], [0.9508310069617698, 53.03303136914219], [0.9507537313287027, 53.033144452870175], [0.950675672888052, 53.03312338280127], [0.9505625891600705, 53.03315220080573], [0.9504495054320891, 53.03321057362972], [0.9503892049669799, 53.033144452870175], [0.9502938419230338, 53.033200994734166], [0.9501847676409141, 53.033200994734166], [0.9500829734090278, 53.033200994734166], [0.949957439599778, 53.033200994734166], [0.9498982138915395, 53.03325753659816], [0.9498232117899839, 53.03325753659816], [0.9497144612002097, 53.0331752548629], [0.9496013774722283, 53.033238844607176], [0.9494478609829983, 53.03325753659816], [0.9493893427950727, 53.033200994734166], [0.9493186681522747, 53.03323288331896], [0.9492212313448266, 53.03325753659816], [0.9491490425603025, 53.03317166643922], [0.9490925006963118, 53.033266187168145], [0.9489794169683303, 53.033247859266524], [0.948866333240349, 53.03327881794511], [0.9488051041631774, 53.03325753659816], [0.9486745181811977, 53.03325753659816], [0.9485676098387277, 53.03325753659816], [0.9484768594696766, 53.033200994734166], [0.948461245831045, 53.03325753659816], [0.9483574564644325, 53.03332506972274], [0.9482945047663136, 53.03331407846215], [0.9481654944316358, 53.03331407846215], [0.9480670021482417, 53.03331407846215], [0.9479250842404228, 53.03331407846215], [0.947848579688516, 53.03335928079677], [0.9477907654797055, 53.03337062032614], [0.9476224122325531, 53.03332989577609], [0.9475093285045716, 53.03330705205739], [0.9474164418751655, 53.03337062032614], [0.9473312692400653, 53.03337062032614], [0.9472386329299971, 53.03342716219013], [0.9471388066016153, 53.03342716219013], [0.9470569935926458, 53.033450589284904], [0.9469439098646645, 53.03337257944863], [0.946830826136683, 53.03348036011209], [0.9466618038021755, 53.03348370405412], [0.9466108842087585, 53.03342716219013], [0.9465234998775215, 53.03342716219013], [0.946435033088748, 53.033490745135836], [0.9463219493607665, 53.03342778919793], [0.9461915157881585, 53.03348370405412], [0.9460392400408129, 53.03349778946824], [0.9459261563128315, 53.03348283732857], [0.9458212023634278, 53.03348370405412], [0.9457565307208593, 53.03353362355152], [0.945692161254611, 53.03354024591811], [0.9455399712591958, 53.03354024591811], [0.945417279536915, 53.033555674831284], [0.9453041958089335, 53.03352507313827], [0.9451911120809521, 53.03356895566178], [0.94502148648898, 53.03355257540385], [0.9449084027609985, 53.033615476782266], [0.9448031300419168, 53.0335967877821], [0.9446822353050356, 53.03363865344876], [0.9445685550223506, 53.03365332964609], [0.9444560678490728, 53.03362060134691], [0.9443886792928794, 53.0335967877821], [0.9442864422571006, 53.03367960855197], [0.9442081110735756, 53.03365332964609], [0.9441168166651284, 53.033726020670606], [0.944003732937147, 53.03368691093099], [0.9438906492091655, 53.033730006428655], [0.9438132927627341, 53.033709871510084], [0.9436749973206789, 53.033709871510084], [0.9436079398892119, 53.03372587305871], [0.9434948561612305, 53.03369299277817], [0.9433892726825966, 53.033766413374074], [0.9432686887052676, 53.03379419294364], [0.9431556049772862, 53.033829620871224], [0.9430425212493048, 53.03379438582328], [0.9429294375213233, 53.03384822645402], [0.9428163537933418, 53.033782832442625], [0.9427032700653604, 53.0338679029847], [0.9425475097435334, 53.033822955238065], [0.9424771026093975, 53.03387302360338], [0.9423565997232662, 53.033879497102056], [0.9422509351534346, 53.033939246536455], [0.9421378514254533, 53.03392261452091], [0.9420247676974718, 53.0339375317923], [0.9418661151776332, 53.03393603896605], [0.9417826140087322, 53.03393603896605], [0.9416855165135275, 53.03400861935269], [0.941572432785546, 53.03398236737794], [0.9414593490575646, 53.034028948087425], [0.9413462653295831, 53.03398168264476], [0.9412580028089389, 53.03404912269403], [0.941176639737611, 53.03404827839405], [0.9410635560096295, 53.03406586956386], [0.9409504722816481, 53.03403486311088], [0.940848851515392, 53.03410566455802], [0.9407735391270792, 53.03410566455802], [0.9406763063513697, 53.03416220642201], [0.9406112210977038, 53.034135065326254], [0.9404981373697223, 53.0341804791734], [0.9403850536417409, 53.034134769376294], [0.940286067307235, 53.034218748286], [0.9402154280497688, 53.034194618365454], [0.9401023443217873, 53.03425455382171], [0.9399892605938058, 53.03430149843231], [0.9398761768658244, 53.034261903096336], [0.9397704441446076, 53.03433183201398], [0.9397065512738523, 53.03428780856624], [0.9395934675458708, 53.03437122738186], [0.93943169023626, 53.03433183201398], [0.9393673000899079, 53.03438747651301], [0.9392542163619265, 53.03441405059926], [0.9391913675402875, 53.034388373877974], [0.9390280489059636, 53.03442050312604], [0.9389149651779821, 53.03447214474349], [0.9388018814500008, 53.03451515525281], [0.9386887977220193, 53.0344822078864], [0.9385845144680246, 53.034557999469946], [0.9385191721300471, 53.034553314074], [0.9384060884020656, 53.034585320065645], [0.9382364628100935, 53.03460563985091], [0.9381233790821121, 53.03461561291662], [0.9379537534901399, 53.03466659463839], [0.9378406697621585, 53.03470490202307], [0.9376751056496648, 53.03472762506192], [0.9376145023061956, 53.03471679033908], [0.9375014185782141, 53.03476350355911], [0.9373883348502328, 53.03479590056874], [0.9372752511222513, 53.034776443943855], [0.9371621673942698, 53.03483483271693], [0.9370490836662884, 53.03485899686698], [0.9369359999383069, 53.03490247075698], [0.9367663743463348, 53.03492222101626], [0.9366532906183533, 53.03497650733816], [0.9365402068903719, 53.035015352728216], [0.9364271231623905, 53.03499331466564], [0.9363394109202947, 53.03506687624586], [0.9362009557064276, 53.03508860727715], [0.9360878719784461, 53.03514355676766], [0.9359198471732633, 53.03517995997384], [0.9358617045224833, 53.035164210178785], [0.9357477889501254, 53.03517995997384], [0.9356355370665204, 53.03523903868025], [0.9355224533385389, 53.035231295732174], [0.935417468307703, 53.03523650183783], [0.9353287892777827, 53.03523650183783], [0.9352397440185853, 53.035300847650205], [0.9351266602906039, 53.035286646319086], [0.9350135765626224, 53.035336341359574], [0.934900492834641, 53.03537950548297], [0.9347443375448415, 53.0354061274298], [0.9346743253786781, 53.03540168627042], [0.9345612416506967, 53.03543691080268], [0.9344481579227153, 53.03546817232272], [0.9343350741947338, 53.03553722121316], [0.9342219904667524, 53.035584601537174], [0.9341089067387709, 53.03563461093368], [0.9339392811467988, 53.035683850466626], [0.9338261974188173, 53.0357225553394], [0.9337131136908359, 53.03576657482373], [0.9336000299628544, 53.035818435762565], [0.933486946234873, 53.03586172993513], [0.9333738625068916, 53.03591823265235], [0.9332042369149194, 53.03595682556637], [0.9330911531869379, 53.03600521621512], [0.9329516378467634, 53.0360280879337], [0.9328084438669844, 53.0360721214775], [0.9326953601390029, 53.03610921237493], [0.9326277534298563, 53.036197713525674], [0.9324691926830401, 53.03624199811352], [0.9323561089550586, 53.03628821452051], [0.9322430252270771, 53.03634421189928], [0.9321299414990958, 53.0363813876076], [0.9320168577711143, 53.0364706679144], [0.9319037740431328, 53.03648964263691], [0.9318413182167428, 53.03648042284563], [0.9317341484511606, 53.036540138832365], [0.9316210647231793, 53.0365314612441], [0.9315079809951978, 53.03659334518254], [0.9314191124718663, 53.03659350657361], [0.9313383554032256, 53.03660069982092], [0.9312252716752442, 53.036651315423676], [0.9310613128530421, 53.03670659030159], [0.9309991042192813, 53.036776733690736], [0.9308503996483337, 53.03681967402957], [0.9308860204912999, 53.03688105376998], [0.930752154126639, 53.036932757757555], [0.9306337044721326, 53.036989299621546], [0.9305467693073556, 53.03697773298767], [0.9304902274433648, 53.037047809175654], [0.9303771437153834, 53.03703451075231], [0.9303206018513926, 53.03710760075145], [0.9302075181234113, 53.03708802152821], [0.9300944343954298, 53.03713209573093], [0.9300355502894607, 53.03721546707751], [0.9298733744404927, 53.0372720089415], [0.9298117250754762, 53.037266156424266], [0.9296986413474948, 53.0373155960391], [0.9295953972930854, 53.03738509266948], [0.9294724738915319, 53.03743275400976], [0.9294078620168, 53.03744163453347], [0.9292862467355052, 53.03744163453347], [0.9291897645715783, 53.037499874457566], [0.9290766808435968, 53.03758686685456], [0.9290489852509578, 53.03772434385343], [0.9289070552516246, 53.03776235341176], [0.9287817471896828, 53.03778088571742], [0.9288411117705513, 53.0378939694454], [0.9286808877956618, 53.03789583160404], [0.9286186093860932, 53.0378939694454], [0.9285112622036896, 53.037969738201426], [0.9283981784757082, 53.03794566916894], [0.9282850947477268, 53.037988616967624], [0.9281154691557546, 53.03799416716615], [0.9280023854277731, 53.03801530419708], [0.9278382974049184, 53.03800705317338], [0.9277762179718103, 53.03803357907106], [0.9277092482723638, 53.03806359503737], [0.9275712891584633, 53.03806359503737], [0.9274465970381044, 53.038120136901355], [0.9273980627088216, 53.03823322062934], [0.9273238830598846, 53.03829340700671], [0.9272186099230122, 53.03828976249333], [0.9271542574679124, 53.03837064034097], [0.9270411737399309, 53.03843379643177], [0.9268784459803336, 53.0384593880853], [0.9268150062839681, 53.03843262507187], [0.9267019225559866, 53.03847142768976], [0.9265888388280051, 53.03842022539572], [0.9264192132360329, 53.038441422266736], [0.9262971809594093, 53.0384593880853], [0.9261365039160794, 53.038507127460065], [0.9259668783241072, 53.038493314147004], [0.9258654834713532, 53.03857247181328], [0.9257462094545266, 53.03857247181328], [0.9256841690041536, 53.038595658294696], [0.9255340962901835, 53.03862901367727], [0.925410909531676, 53.03862901367727], [0.9252883759562186, 53.03862061780062], [0.9251187503642464, 53.03858105471532], [0.9249732800106378, 53.03857247181328], [0.9248360410442928, 53.03854765308851], [0.9247185189536861, 53.03851592994929], [0.9245533317243392, 53.03846955739286], [0.9243839540054675, 53.0384593880853], [0.9242706224043856, 53.038423025736066], [0.9241551473265864, 53.03840284622131], [0.9240444549484227, 53.03833806251427], [0.9239313712204413, 53.038271943290816], [0.9238182874924599, 53.03819830214746], [0.9237052037644784, 53.03816742125303], [0.9235921200364969, 53.03809161276398], [0.9234790363085156, 53.03805160232991], [0.9235355781725063, 53.03797368162694], [0.9235921200364969, 53.0379273298801], [0.9235355781725063, 53.03782767429638], [0.9234224944445248, 53.03776270444381], [0.9232914615655663, 53.03772434385343], [0.9231963269885619, 53.03766194570813], [0.9231367831454309, 53.037667801989436], [0.9229701595325991, 53.03761838929658], [0.9228570758046176, 53.03758827383127], [0.9227439920766362, 53.03755083042712], [0.9226309083486547, 53.03749495928354], [0.9225178246206733, 53.03742124243089], [0.9224047408926919, 53.03735955183067], [0.9223054160604385, 53.0372720089415], [0.9221785734367289, 53.037223798953], [0.9220654897087476, 53.03720969556339], [0.9219925011911159, 53.03721546707751], [0.9218393222527846, 53.03718281906776], [0.9217205784986431, 53.03715892521352], [0.9216131547968218, 53.03709099379202], [0.9215000710688404, 53.0371039965126], [0.9213869873408589, 53.037074313983915], [0.9212770774597222, 53.036989299621546], [0.9211991950836594, 53.036932757757555], [0.9210895346156129, 53.036876215893564], [0.9209982927813775, 53.03676313216558], [0.9209163439064898, 53.03670659030159], [0.9208036072348308, 53.0366500484376], [0.9206942840132503, 53.03659350657361], [0.9205954012449888, 53.03652107836866], [0.9204790023566032, 53.03648042284563], [0.9203692337890259, 53.036375753659804], [0.9203692337890259, 53.03648120477637], [0.9204823175170074, 53.03655629843352], [0.9205816835079637, 53.0366500484376], [0.9206519431089795, 53.0367151463619], [0.9207650268369609, 53.03680758570341], [0.9208337895415125, 53.036876215893564], [0.9209346524289331, 53.03698547724622], [0.9209941245132859, 53.037045841485536], [0.9210544081889642, 53.03715892521352], [0.921160819884896, 53.037256105553524], [0.9212599802223607, 53.03732855080549], [0.9213304454768682, 53.037398255613915], [0.9214435292048496, 53.037441765628046], [0.9215566129328311, 53.037522692672866], [0.9217092707688497, 53.037554718261454], [0.9218035017485722, 53.037611260125445], [0.9219322128046635, 53.037667801989436], [0.9220089478447568, 53.03776725048436], [0.9221220315727382, 53.03780116278265], [0.9221956585231283, 53.0378939694454], [0.9222971022082289, 53.03795051130939], [0.9224047408926919, 53.038063027177024], [0.9224998284612828, 53.038120136901355], [0.922574366484664, 53.03818024767033], [0.9226874502126454, 53.03825312550052], [0.9228005339406269, 53.03830118826375], [0.9229136176686084, 53.0383657333111], [0.9230267013965898, 53.03842610159458], [0.9231397851245712, 53.03847747990363], [0.923263374085914, 53.03851592994929], [0.9233659525805341, 53.03858106570549], [0.9235355781725063, 53.03861357134346], [0.9236486619004877, 53.03867407419198], [0.9237617456284691, 53.038689596144295], [0.9238748293564506, 53.03874293623055], [0.9240444549484227, 53.038793563232254], [0.9241575386764042, 53.03884155129044], [0.9242645823493775, 53.03891172299723], [0.9243271642683764, 53.03898216411401], [0.9244263443780854, 53.03891172299723], [0.9244933413133636, 53.03896826486122], [0.9245533317243392, 53.038933206289805], [0.9246664154523206, 53.038994041507216], [0.9247259582738173, 53.0390813485892], [0.9246827720263071, 53.03919443231718], [0.9246098735883299, 53.03914695707873], [0.9245165005006825, 53.0390813485892], [0.9244402479963578, 53.039105482942965], [0.9243752243341853, 53.03919443231718], [0.9243129979003344, 53.03925097418117], [0.9242140805403949, 53.03918980308429], [0.9241575386764042, 53.03925837944912], [0.9240444549484227, 53.03923380846117], [0.9238815658070596, 53.03925097418117], [0.9238182874924599, 53.03921719916482], [0.9236486619004877, 53.039216155503084], [0.9235804443146096, 53.03919443231718], [0.9234790363085156, 53.03917207288055], [0.9233659525805341, 53.03913645189063], [0.9232485836348044, 53.0390813485892], [0.9231397851245712, 53.039013523994434], [0.922995109062575, 53.03896826486122], [0.9229094944098778, 53.03891172299723], [0.9227597186282602, 53.038855181133236], [0.9226543069033909, 53.038798639269245], [0.9225635470310931, 53.038742097405255], [0.922452926924268, 53.038685555541264], [0.9223341254436216, 53.03862901367727], [0.9222280129893863, 53.03857247181328], [0.9221220315727382, 53.03851160111339], [0.9220089478447568, 53.03845280394008], [0.9218958641167754, 53.03839558030896], [0.9217827803887939, 53.03833222486868], [0.9216494340690519, 53.03828976249333], [0.9215316690205059, 53.03823322062934], [0.9214435292048496, 53.038172903030684], [0.9212837768971622, 53.038120136901355], [0.921160819884896, 53.038082722605516], [0.9210888746713102, 53.03806359503737], [0.9209370551439575, 53.03806359503737], [0.9208781105649424, 53.03806532376397], [0.9207765720100487, 53.03800705317338], [0.9206519431089795, 53.037967179720155], [0.9205388593809981, 53.037938993835304], [0.9204257756530166, 53.037893622800695], [0.9203126919250352, 53.03783474347296], [0.9201832853603822, 53.03778088571742], [0.9200299826050816, 53.03773442054833], [0.9199232943280437, 53.037667801989436], [0.9198038151491187, 53.03765238994483], [0.9196907314211373, 53.03757885601625], [0.9195776476931559, 53.037651791070964], [0.9194771327458633, 53.03772434385343], [0.9195221177634462, 53.03783742758141], [0.9196048879817752, 53.03795051130939], [0.9196937804596149, 53.03800705317338], [0.9198038151491187, 53.038109330364364], [0.9199168988771002, 53.03817662471926], [0.9199928256506484, 53.03823322062934], [0.9201028828003355, 53.03828976249333], [0.9201996081970537, 53.03836313269221], [0.9203126919250352, 53.03845829882884], [0.9204250341058502, 53.03851592994929], [0.9204823175170074, 53.0385817052379], [0.9205388593809981, 53.03869131074687], [0.9206158378838202, 53.038798639269245], [0.9206519431089795, 53.03887823381434], [0.9205388593809981, 53.03894790523036], [0.9204257756530166, 53.038995170049084], [0.9203126919250352, 53.0390264968758], [0.9202258955922535, 53.03913789045319], [0.9200865244690724, 53.03915773239854], [0.9200083341323613, 53.03919443231718], [0.9199168988771002, 53.039238897000345], [0.9198600484928698, 53.03919443231718], [0.9197157733337715, 53.03925097418117], [0.9196907314211373, 53.039317838424225], [0.9196341895571466, 53.03937582297832], [0.9195776476931559, 53.03948241542305], [0.9194645639651744, 53.03945603266507], [0.9193514802371929, 53.03941280301146], [0.9192383965092115, 53.03946574952151], [0.9190687709172394, 53.0394542893467], [0.918935195501452, 53.039420599773145], [0.9188127217363857, 53.039420599773145], [0.9188426034612764, 53.03947951472662], [0.918729519733295, 53.039577680724285], [0.9186164360053136, 53.03960847491484], [0.9185033522773322, 53.03957531317827], [0.9183902685493507, 53.039591200646164], [0.918310633574583, 53.03959022536512], [0.9181641010933879, 53.039609771086205], [0.9181075592293971, 53.03969586009287], [0.9180885582336065, 53.0397033090931], [0.9180051673318098, 53.03975985095709], [0.9179372400589055, 53.03975985095709], [0.9178248499094435, 53.03981457027042], [0.917767928793129, 53.03981639282108], [0.9175986824534806, 53.03977014501694], [0.9174855987254992, 53.03973236290508], [0.9174087044778094, 53.0397033090931], [0.917315973133527, 53.03968035855189], [0.9171579005332537, 53.0397033090931], [0.9171463475415549, 53.039801736035386], [0.9170898056775642, 53.03984494885871], [0.9170898056775642, 53.039935505468776], [0.9172028894055456, 53.0398967520114], [0.9171771015043406, 53.03998601841305], [0.9170332638135734, 53.04001490197484], [0.916920180085592, 53.03996547883911], [0.9167505544936199, 53.039963293614925], [0.9167748267772886, 53.040042560277044], [0.9166737589761497, 53.040042560277044], [0.9165809289016477, 53.03995375513394], [0.9164678451736662, 53.039989889997095], [0.9164748967695814, 53.040099102141035], [0.9163671563639805, 53.040155644005026], [0.9162596520847477, 53.040155644005026], [0.9161561386168414, 53.040155644005026], [0.9161851358537126, 53.040222949117684], [0.9160780204181678, 53.040155644005026], [0.9160470617140721, 53.040099102141035], [0.9159976306236643, 53.040155644005026], [0.915902426533759, 53.04005827630624], [0.9158417405571535, 53.040099102141035], [0.9158458846697684, 53.040030920685325], [0.9157328009417869, 53.039935990517215], [0.9156461322465047, 53.03992947654906], [0.9156197172138054, 53.040069292121046], [0.915506633485824, 53.04010527638042], [0.9153935497578425, 53.04007663526873], [0.9152804660298611, 53.040108877998435], [0.9151673823018797, 53.04009730383347], [0.9150542985738982, 53.04003925156909], [0.9150542985738982, 53.040129213263036], [0.9150374391481906, 53.040155644005026], [0.9149412148459167, 53.040084731584265], [0.9148281311179354, 53.040027722369686], [0.9148604708178573, 53.040099102141035], [0.9148846729819261, 53.04019846670782], [0.9147150473899539, 53.04018063911102], [0.9146019636619724, 53.04015225496912], [0.914488879933991, 53.040097366379406], [0.9143757962060096, 53.040016584438526], [0.9143192543420189, 53.04004727725274], [0.914379968384106, 53.040155644005026], [0.9143192543420189, 53.040129229899605], [0.9142627124780282, 53.0402327166981], [0.914168468838823, 53.040155644005026], [0.9140365450220652, 53.04012832931368], [0.9139234612940839, 53.04004489700064], [0.9138182905483835, 53.03998601841305], [0.9136973531308558, 53.03992947654906], [0.9135842101101395, 53.03992168852413], [0.913455220185044, 53.03987293468507], [0.9134080065716282, 53.03981639282108], [0.9134145845181674, 53.039955351089944], [0.9134048767399778, 53.040042560277044], [0.9134145845181674, 53.040108861514206], [0.9133015007901859, 53.040173428366124], [0.9132130890798362, 53.040099102141035], [0.9131216544759373, 53.040042560277044], [0.9130187914702322, 53.03996754954014], [0.9129222138174862, 53.03987293468507], [0.9128491658782601, 53.03989642005305], [0.9129057077422509, 53.03994427483253], [0.9129057077422509, 53.040068230607304], [0.9128135693767779, 53.040099102141035], [0.9127360821502787, 53.040033283753324], [0.9126411067644601, 53.03998601841305], [0.9125917901980808, 53.040042560277044], [0.9124563419550716, 53.040042560277044], [0.9125099146943159, 53.040197914747694], [0.9125664565583065, 53.04025553405664], [0.9124533728303251, 53.04018444457755], [0.9124432248938883, 53.040042560277044], [0.912306143239282, 53.040042560277044], [0.9122705517625237, 53.040099102141035], [0.9123228540358057, 53.03998601841305], [0.9122272053743622, 53.03988935086835], [0.9121172926365364, 53.03981639282108], [0.91205757978239, 53.03970553167312], [0.91205757978239, 53.03964500292132], [0.9120323742337739, 53.039533683501126], [0.9119444960544086, 53.039439904220984], [0.9118319294076765, 53.039364057909154], [0.9117470948805183, 53.039364057909154], [0.9117910532351505, 53.039477141637136], [0.9118539267111035, 53.03959022536512], [0.9117967241470665, 53.0397033090931], [0.91186195890957, 53.03981639282108], [0.9118959044072715, 53.03992947654906], [0.912022771058879, 53.03998601841305], [0.9119123936349656, 53.03998601841305], [0.9118314123264272, 53.03999446956659], [0.9117183285984457, 53.04004326052839], [0.9117594314596271, 53.03998601841305], [0.9117183285984457, 53.03985745565463], [0.9116663789913203, 53.0397033090931], [0.9117584988153851, 53.03959022536512], [0.9116625142390934, 53.039477141637136], [0.9116052448704642, 53.03952584280996], [0.9115487030064736, 53.03936722914792], [0.9114921611424829, 53.039263811868345], [0.9115487030064736, 53.03921133149005], [0.9115487030064736, 53.0391356497992], [0.9114921611424829, 53.03898776421683], [0.9113790774145014, 53.038938058833715], [0.91126599368652, 53.03890723351468], [0.9112094518225292, 53.038787096180265], [0.9112094518225292, 53.03867782575556], [0.9112975979878026, 53.038742097405255], [0.911426245227502, 53.038798639269245], [0.9115487030064736, 53.038836690569404], [0.911654478241635, 53.038742097405255], [0.9115552628227066, 53.03862901367727], [0.9114742628615385, 53.03857247181328], [0.9114356192784921, 53.03851443605534], [0.9115487030064736, 53.03855155520243], [0.911661786734455, 53.038605766043055], [0.9117748704624364, 53.03854960594649], [0.9118354253658514, 53.0384593880853], [0.9117874721043684, 53.03834630435732], [0.9117070954182035, 53.03828976249333], [0.9118314123264272, 53.03827135239896], [0.9119444960544086, 53.03830100038458], [0.9120010379183994, 53.03828177933634], [0.9118879541904179, 53.038191082946575], [0.9118684725069455, 53.03806359503737], [0.9119444960544086, 53.037959888959556], [0.9121141216463807, 53.03797986503165], [0.9121706635103715, 53.03794551698375], [0.9122272053743622, 53.037854828365816], [0.9123679285853735, 53.0378939694454], [0.9124533728303251, 53.037871937438986], [0.9124035617098238, 53.03778088571742], [0.9125341722943348, 53.03772434385343], [0.9125099146943159, 53.03765033901205], [0.9125664565583065, 53.037562241306006], [0.9125758497178049, 53.03749817639746], [0.9125579801003564, 53.03738509266948], [0.9126229984222972, 53.03732380077167], [0.9127360821502787, 53.037363681682244], [0.9128491658782601, 53.037397022442704], [0.913006805733774, 53.03738509266948], [0.9129521013521643, 53.0372720089415], [0.9129057077422509, 53.03719490450925], [0.9130187914702322, 53.037242226994884], [0.9131412229375638, 53.03721546707751], [0.9132864328030669, 53.03715892521352], [0.9132448818333202, 53.037045841485536], [0.9132568140101893, 53.03710238334953], [0.9133580426541766, 53.03707040194794], [0.913471126382158, 53.0369968243776], [0.9135276682461487, 53.03691814934828], [0.9136407519741302, 53.03698429194199], [0.9137538357021117, 53.03699376802098], [0.9138103775661024, 53.03697835617594], [0.913805085845286, 53.03681967402957], [0.9138103775661024, 53.03667609916275], [0.9139584747749574, 53.0366500484376], [0.9139234612940839, 53.03658613797723], [0.9139234612940839, 53.036431255784024], [0.9139132015001925, 53.036310797253655], [0.9139234612940839, 53.03618758219351], [0.9140037456393096, 53.036254255389665], [0.9140711418688181, 53.036367339117646], [0.9141496287500467, 53.03643004288099], [0.9142653234573933, 53.03642388098164], [0.9143757962060096, 53.036349081273734], [0.9144366213356461, 53.036367339117646], [0.9144962024130683, 53.036310797253655], [0.91454593107224, 53.036367339117646], [0.9146585055259632, 53.03640888382564], [0.9147752870940228, 53.03642388098164], [0.9148846729819261, 53.036499229169806], [0.9149977567099075, 53.03656026146844], [0.9151108404378889, 53.03662472528044], [0.9152239241658704, 53.036688969860634], [0.9153370078938519, 53.03673252720959], [0.9154500916218332, 53.03677513732598], [0.9155631753498147, 53.03682322662154], [0.9156269993901343, 53.036876215893564], [0.9157328009417869, 53.03688487116784], [0.9157328009417869, 53.03680260556104], [0.9156197172138054, 53.036713071868014], [0.9156762590777962, 53.036684370756625], [0.9157517786527838, 53.03659350657361], [0.9157893428057776, 53.036505112474934], [0.9158458846697684, 53.03645223529175], [0.9159028230547789, 53.036367339117646], [0.9158549459351637, 53.036254255389665], [0.9158056925706383, 53.03614117166168], [0.9157073575853949, 53.03608462979769], [0.9156791114336723, 53.03591500420572], [0.9157893428057776, 53.035835192343], [0.9157893428057776, 53.03572281313382], [0.9157041584395824, 53.035632294885765], [0.9156197172138054, 53.03555203537018], [0.9155248145281615, 53.03546266929379], [0.9154859490585359, 53.03534958556581], [0.9154017608182119, 53.03523650183783], [0.915506633485824, 53.03524368630446], [0.9156197172138054, 53.035299593174486], [0.9156700820798225, 53.03517995997384], [0.9156016320840664, 53.03506687624586], [0.9155631753498147, 53.03500235137737], [0.9156762590777962, 53.03504606307452], [0.915706603260311, 53.034897250653884], [0.9157352501514444, 53.0348407087899], [0.9158458846697684, 53.034935735485135], [0.9159589683977497, 53.03496835574134], [0.9160720521257312, 53.0349276265668], [0.9161863114456711, 53.034953792517875], [0.9162982195816941, 53.035024632333624], [0.9164113033096755, 53.03507368453617], [0.9164565149119592, 53.034953792517875], [0.9163799862585028, 53.0348407087899], [0.9162982195816941, 53.03474800297258], [0.9162161256230452, 53.03467108319793], [0.9161478382615194, 53.034557999469946], [0.9162416777177034, 53.034589345245166], [0.9162982195816941, 53.03467170438394], [0.9164113033096755, 53.03465315556928], [0.916478664949684, 53.03467108319793], [0.9164678451736662, 53.03453496098476], [0.9164113033096755, 53.03441385300604], [0.9164113033096755, 53.03430709687779], [0.9165243870376569, 53.03435715749701], [0.9166227750420692, 53.034444915741965], [0.9166940126296291, 53.034515716615324], [0.9167744043759992, 53.03461454133394], [0.9168636382216012, 53.03468692679767], [0.9169704431366252, 53.03461454133394], [0.9170050899692989, 53.034501457605955], [0.9169428596338441, 53.034388373877974], [0.916920180085592, 53.03432135780925], [0.9169024378183002, 53.034218748286], [0.9169307555335001, 53.03416220642201], [0.9170332638135734, 53.03424167218978], [0.9171576136364702, 53.03427529014999], [0.9173150818349468, 53.03433183201398], [0.9174290568615084, 53.034365622871334], [0.9175945788138742, 53.03433183201398], [0.9176391282564377, 53.03427529014999], [0.9177396620736812, 53.03427529014999], [0.9178248499094435, 53.03430296039055], [0.9179944755014157, 53.03428604492181], [0.9181075592293971, 53.03427325263141], [0.9182206429573786, 53.034298360013295], [0.9183007983463123, 53.034218748286], [0.9182206429573786, 53.03413934705987], [0.9181533273538693, 53.03404912269403], [0.918247404392582, 53.03399258083004], [0.91833372668536, 53.034022676942996], [0.9184468104133414, 53.03406854018762], [0.9185230558089128, 53.03404912269403], [0.9186175090417, 53.03404912269403], [0.918729519733295, 53.03407282593409], [0.9188579864593404, 53.03410566455802], [0.918976800018787, 53.03416220642201], [0.9190687709172394, 53.03424660688183], [0.9191649633242389, 53.03427529014999], [0.9191685003474078, 53.03410566455802], [0.9192753634709544, 53.03410566455802], [0.9194080221011837, 53.03413638467855], [0.9195211058291651, 53.034202193984214], [0.919636084533529, 53.034218748286], [0.9198038151491187, 53.03424509120323], [0.9199168988771002, 53.0343002514468], [0.9200299826050816, 53.03433773159683], [0.9201632330910612, 53.034388373877974], [0.920282591903558, 53.034444915741965], [0.9203692337890259, 53.034413970643655], [0.9204823175170074, 53.03447314955734], [0.9205388593809981, 53.03444162506156], [0.9204823175170074, 53.03434269045268], [0.9204530402234897, 53.03427529014999], [0.9204257756530166, 53.03419142761718], [0.9204893987280435, 53.034218748286], [0.9206303772028857, 53.034218748286], [0.9206823607610697, 53.03427529014999], [0.9206519431089795, 53.03414077164098], [0.9205717894841149, 53.03404912269403], [0.920470428336651, 53.03399258083004], [0.9205205103543737, 53.033879497102056], [0.9206226548841793, 53.033879497102056], [0.9207084849729702, 53.03395962594428], [0.9207650268369609, 53.03387124985408], [0.9208781105649424, 53.03390277610736], [0.9209429880053664, 53.033822955238065], [0.9210477361569146, 53.03382382404064], [0.9211042780209053, 53.03380087694264], [0.9209911942929239, 53.03374648046438], [0.9208215687009517, 53.0337144855937], [0.9207402003013921, 53.03365332964609], [0.9206352747045783, 53.0335967877821], [0.9205388593809981, 53.033490101210745], [0.9204257756530166, 53.033562643479065], [0.9203269843574328, 53.03348370405412], [0.9202454075013775, 53.03342716219013], [0.9201740012237288, 53.03331407846215], [0.9202094865132906, 53.033200994734166], [0.9201430663330631, 53.03314135461369], [0.9200865244690724, 53.033194621320014], [0.9200299826050816, 53.033210203985604], [0.9199734407410909, 53.033328955674044], [0.9198634156223554, 53.03325753659816], [0.9197911024916486, 53.033200994734166], [0.9197117586229827, 53.033087911006184], [0.9196907314211373, 53.03295451174854], [0.9196341895571466, 53.03303848000462], [0.9195776476931559, 53.03295006546282], [0.9194645639651744, 53.03288948928017], [0.9193514802371929, 53.032845589267566], [0.9192319846229979, 53.03280520168623], [0.9191253127812301, 53.0327415664178], [0.9190271432105157, 53.03269211795825], [0.9189144905059132, 53.03269211795825], [0.9188205501035183, 53.03263557609426], [0.9187276917152851, 53.03257903423027], [0.9185834099307919, 53.032522492366276], [0.9184468104133414, 53.032495481929516], [0.9183315183950156, 53.032465950502285], [0.9182098157919335, 53.032409408638294], [0.9180907383376101, 53.0323528667743], [0.9179876091437662, 53.03229632491031], [0.9178813917734342, 53.032218148978735], [0.9177683080454528, 53.03229278848805], [0.9176709421011714, 53.03218324118233], [0.9175421405894899, 53.032150404959964], [0.9173799295746987, 53.03212669931834], [0.917315973133527, 53.032047820835736], [0.9171995468794208, 53.03201361559036], [0.9171355624155358, 53.03190053186238], [0.9170332638135734, 53.03182609227227], [0.9168918396177843, 53.031787448134395], [0.9168070963576106, 53.03172628186019], [0.9166940126296291, 53.03166010041769], [0.9165243870376569, 53.0316447732477], [0.9164230825700742, 53.03156128067844], [0.9163263933840521, 53.03150473881445], [0.9162416777177034, 53.0314302498333], [0.9160946812281497, 53.031391655086466], [0.9160155102617404, 53.03129205506009], [0.915902426533759, 53.03126122745095], [0.9157893428057776, 53.03116913616112], [0.9156866667060699, 53.03110894576651], [0.9156197172138054, 53.03102658669043], [0.9155631753498147, 53.03111446588085], [0.9154766331876235, 53.03105240390252], [0.9153935497578425, 53.030963149330894], [0.9153935497578425, 53.03086743823534], [0.9153370078938519, 53.0307785162314], [0.9152338500761897, 53.030713152718576], [0.9151495316895469, 53.030713152718576], [0.9151804662758093, 53.03082623644656], [0.9152556865829443, 53.03093932017454], [0.9151815606978863, 53.03088277831055], [0.9151108404378889, 53.03081516456064], [0.9150215787859729, 53.030713152718576], [0.9149412148459167, 53.03064959276147], [0.9148696630112066, 53.030656610854585], [0.9147952388845197, 53.030713152718576], [0.9147552383602442, 53.03076969458257], [0.9147150473899539, 53.03065557165358], [0.9146019636619724, 53.0305931268475], [0.9144354663823954, 53.030600068990594], [0.9143888541203871, 53.0305435271266], [0.914297588999864, 53.03048698526261], [0.9142553277453616, 53.03043044339862], [0.914134117770487, 53.03048698526261], [0.9141496287500467, 53.030550471530034], [0.9140365450220652, 53.03064429635859], [0.9139672903012238, 53.0305435271266], [0.9139234612940839, 53.03038898124117], [0.9137777824207561, 53.03043044339862], [0.9137117689846295, 53.03048698526261], [0.9136972938381209, 53.030383144807246], [0.9137538357021117, 53.03032319260204], [0.9136034959471316, 53.03031735967064], [0.913471126382158, 53.03026608707762], [0.9134145845181674, 53.030343383278236], [0.9134145845181674, 53.03043605947869], [0.9133580426541766, 53.030371996848146], [0.9133015007901859, 53.03025168723279], [0.9132165416365724, 53.03031735967064], [0.9131754407554138, 53.03043044339862], [0.913075333334223, 53.030403299936204], [0.9129924406351074, 53.03031735967064], [0.9129622496062416, 53.03020071403998], [0.9128491658782601, 53.030124752166564], [0.91285765320789, 53.03020427594266], [0.9127812047097565, 53.03020427594266], [0.912679540286288, 53.030124644311876], [0.9125664565583065, 53.03004243622054], [0.9124902399427722, 53.029978108486695], [0.9123968309663344, 53.029904932795276], [0.9122488941660416, 53.02986502475871], [0.9121755203660874, 53.02975194103073], [0.9121241176864013, 53.02980848289472], [0.9120119187041791, 53.02980848289472], [0.9120680115576029, 53.02969539916674], [0.9119682919556796, 53.02969539916674], [0.9119258157169131, 53.02963885730275], [0.9119775932543167, 53.02952577357477], [0.9118338351230377, 53.02946923171078], [0.9119128265282982, 53.02941268984679], [0.9120010379183994, 53.02936495693088], [0.912008541334163, 53.029243064254814], [0.9120010379183994, 53.029176820161396], [0.912099658039217, 53.02912998052683], [0.9121706635103715, 53.029093556943096], [0.9122335315960617, 53.02912998052683], [0.9123691213862192, 53.02907343866284], [0.9122272053743622, 53.02903608829858], [0.9121141216463807, 53.029014113536554], [0.91205757978239, 53.0288843164516], [0.9119776143777213, 53.02879072934289], [0.9120490141410126, 53.028677645614906], [0.9120793553664085, 53.028734187478896], [0.9121322218357941, 53.02879072934289], [0.9121181472611586, 53.028621103750915], [0.9120010379183994, 53.02857223912963], [0.9118879541904179, 53.028513310960925], [0.9118236899188557, 53.028564561886924], [0.9118346817070155, 53.02845147815894], [0.9117838083603443, 53.02833839443097], [0.9117748704624364, 53.028265542999954], [0.9117368418481382, 53.028168768838995], [0.9116052448704642, 53.028141662805034], [0.9114356192784921, 53.02811355254367], [0.911306273580777, 53.028112226975004], [0.91126599368652, 53.02799846263421], [0.9112094518225292, 53.028072346362826], [0.9111201136735776, 53.02805568511101], [0.9110398262305571, 53.028004101836245], [0.910916320526366, 53.02799914324702], [0.9109267425025757, 53.027940552959855], [0.9108197287751549, 53.02782951765505], [0.9107005750466127, 53.027827866574526], [0.9105878625575035, 53.02788605951904], [0.9105734630888932, 53.02782951765505], [0.9104879233738965, 53.02777297579106], [0.9104178657266592, 53.02773577853015], [0.9103047819986777, 53.02778548827757], [0.9102125655242974, 53.02777297579106], [0.9101351564067055, 53.02772089305444], [0.9099750067949879, 53.02771643392707], [0.9099089889507427, 53.0277619992781], [0.9097959052227612, 53.02770892950462], [0.9096828214947797, 53.027737114086996], [0.9095948549548359, 53.02771643392707], [0.9094654610313947, 53.02771643392707], [0.9093485130971256, 53.02765989206308], [0.909230486582854, 53.02763490762446], [0.9091174028548726, 53.02768245952877], [0.9090043191268912, 53.02764240368189], [0.9088912353989097, 53.02767750693263], [0.9087805142770868, 53.02765989206308], [0.9087216098069375, 53.02773309145031], [0.9086142871571897, 53.02765989206308], [0.9085827202781468, 53.02760335019909], [0.9084954423509747, 53.02767743689686], [0.9083258167590025, 53.02767166489314], [0.908212733031021, 53.02772802372526], [0.9080996493030397, 53.027681469294315], [0.907996952700866, 53.02765989206308], [0.907887258108086, 53.02771643392707], [0.907816939983086, 53.02768352713612], [0.9077589462595349, 53.02765989206308], [0.9075907725271232, 53.02770422615722], [0.9074776887991417, 53.027610952644665], [0.9073646050711602, 53.027680838215346], [0.907283256102309, 53.02765989206308], [0.9071655032156171, 53.02765989206308], [0.907025353887216, 53.02762895093838], [0.9068862526762431, 53.02765989206308], [0.9069780226501205, 53.02771643392707], [0.9068731058352381, 53.02771643392707], [0.906799186431253, 53.02775227486243], [0.9067362672360648, 53.02771643392707], [0.9066295608392809, 53.02778724917274], [0.9065164771112995, 53.02776696008502], [0.906403393383318, 53.02778753920249], [0.90633138446574, 53.02777297579106], [0.906212453575234, 53.02782951765505], [0.906118920856008, 53.02788605951904], [0.906007600335383, 53.02788066487214], [0.9058945166074015, 53.027914230777874], [0.9057404435858044, 53.02794260138303], [0.905611807287448, 53.02799399429329], [0.9054421816954757, 53.02799770986674], [0.9053185375203526, 53.02799914324702], [0.9053290979674944, 53.02806692079792], [0.905269020738592, 53.02805568511101], [0.905131791989182, 53.02805568511101], [0.90498984678355, 53.02803940662254], [0.9048767630555685, 53.02809187205587], [0.9047742827179681, 53.028168768838995], [0.9047071374635964, 53.028229735478874], [0.904641249168207, 53.028225310702986], [0.9045281284940577, 53.02828185256698], [0.9044532778172976, 53.02833839443097], [0.904367886279652, 53.0283652763525], [0.9041982606876799, 53.028394476074986], [0.9040851769596985, 53.02829943859089], [0.9039747068189438, 53.028225310702986], [0.903972093231717, 53.02805695312375], [0.9039834330061179, 53.02799914324702], [0.903947172717589, 53.02788605951904], [0.9039003615654423, 53.02777297579106], [0.9039155513677263, 53.0276340232789], [0.9039686172681697, 53.027490266471105], [0.9040286350957077, 53.02740155889987], [0.9040851769596985, 53.02728235756196], [0.9041417188236892, 53.02719826718142], [0.9042178489932663, 53.02709447342317], [0.9041982606876799, 53.026966335820944], [0.9041417188236892, 53.02706386230634], [0.9040553260016079, 53.02715101528716], [0.903972093231717, 53.027214881559345], [0.9039016085362517, 53.02732064087913], [0.9038160858766583, 53.027433724607114], [0.9037459257757542, 53.027518379584585], [0.9036586755605349, 53.02760335019909], [0.903576300183782, 53.027694180060486], [0.9035257018061303, 53.02782951765505], [0.9034632164558005, 53.02789260699193], [0.9033833127393488, 53.02799914324702], [0.9032935908638284, 53.028083629675855], [0.9032370489998377, 53.02818364533966], [0.9031616810349331, 53.02828185256698], [0.9030395023720714, 53.02833839443097], [0.9030713213375388, 53.02845147815894], [0.9030108815438748, 53.02843326212406], [0.9029216605755073, 53.02845147815894], [0.9027847140879119, 53.02841993032065], [0.9026528985967924, 53.02845147815894], [0.902558546631949, 53.028553339885285], [0.9024504678862766, 53.028621103750915], [0.9023889210399769, 53.028577473870044], [0.9023889210399769, 53.02849339855417], [0.9024592291845291, 53.02839493629496], [0.9023987877128197, 53.02828185256698], [0.902385849930932, 53.028168768838995], [0.9024380258992798, 53.02805568511101], [0.9024791493536147, 53.02794260138303], [0.9024800224378332, 53.02777297579106], [0.9025025292362937, 53.02765989206308], [0.9025224981819461, 53.027490266471105], [0.902558546631949, 53.02736436911315], [0.9026150884959397, 53.02721109899859], [0.9026386335624236, 53.02709447342317], [0.9026737388649314, 53.02698138969519], [0.9026716303599305, 53.02682424898562], [0.902603586070433, 53.0269248478312], [0.9025335670915471, 53.02703793155918], [0.9024631540478412, 53.02715101528716], [0.9023921200664842, 53.02726409901514], [0.9023323791759862, 53.02736141706747], [0.9022758373119955, 53.02743606470604], [0.9022097476286116, 53.027546808335096], [0.9021315930079822, 53.02765989206308], [0.9020496698560325, 53.02776458056246], [0.9019931279920418, 53.027844520885424], [0.9019106325145279, 53.02794260138303], [0.9018298371350835, 53.02805568511101], [0.9017625889819602, 53.028112226975004], [0.9016538768080975, 53.02820935530162], [0.9015559159038306, 53.02828185256698], [0.9014842512161254, 53.02838114314289], [0.9013711674881439, 53.028433064869304], [0.901302663489293, 53.02850802002293], [0.9012015418961717, 53.02858303332952], [0.9011370568836967, 53.028677645614906], [0.9010319163041995, 53.028652891117886], [0.9009753744402089, 53.02873778995425], [0.9008622907122275, 53.028795973323106], [0.900749206984246, 53.02877133552355], [0.900749206984246, 53.02888220434789], [0.9006926651202553, 53.02892745794636], [0.900611387256281, 53.02890381307087], [0.9005100787755076, 53.02896035493486], [0.9004189488999716, 53.02907343866284], [0.9003350842972205, 53.02907343866284], [0.9002682348830338, 53.02896035493486], [0.900353413936311, 53.028851984194304], [0.9003620485282494, 53.028734187478896], [0.9003839191360149, 53.028564561886924], [0.9004576198197295, 53.02845147815894], [0.9004664976642924, 53.028357521086], [0.9005035172679177, 53.02828185256698], [0.9004664976642924, 53.028158492757356], [0.9003407596049483, 53.028168768838995], [0.9002968720723202, 53.02828425943663], [0.9001837883443388, 53.02836640055034], [0.900127246480348, 53.028451571147706], [0.9000571967006535, 53.02845147815894], [0.8999010790243852, 53.02850317079873], [0.8997879952964037, 53.028538823401725], [0.8996927638642612, 53.028564561886924], [0.8996183697044315, 53.028609370969164], [0.8995239058302474, 53.028677645614906], [0.899409074210998, 53.028734187478896], [0.8993773222626532, 53.02879072934289], [0.899326786212864, 53.028734187478896], [0.8992225766564965, 53.02881157731461], [0.8991558507802391, 53.02879072934289]]}}, {"type": "Feature", "properties": {"depth": -10.0}, "geometry": {"type": "LineString", "coordinates": [[0.9687125275010917, 53.048049206604155], [0.9685994437731102, 53.04808968131251], [0.9684863600451289, 53.048161782977395], [0.9683732763171474, 53.04822045725732], [0.968260192589166, 53.04827745608023], [0.9681471088611845, 53.048344777834394], [0.9681471088611845, 53.04841137473625], [0.968260192589166, 53.04836929519945], [0.9683732763171474, 53.048317954152296], [0.9684863600451289, 53.04825975244379], [0.9685994437731102, 53.04818879238264], [0.9686897441987208, 53.04812804682771], [0.9687125275010917, 53.048049206604155]]}}, {"type": "Feature", "properties": {"depth": -10.0}, "geometry": {"type": "LineString", "coordinates": [[1.024858598443877, 53.045627106225815], [1.0247902841929077, 53.04564020481212], [1.024695700900335, 53.045696746676114], [1.024858598443877, 53.045703656543026], [1.0249716821718584, 53.04578356170413], [1.0250847658998399, 53.04584123017701], [1.0252382937037925, 53.04586637226809], [1.0253633113219631, 53.04592291413208], [1.025480558947775, 53.045931715500224], [1.0256071809865277, 53.04597945599607], [1.0257632682677285, 53.04600189120175], [1.0257067264037376, 53.04595691010576], [1.0255936426757564, 53.04589320199234], [1.025480558947775, 53.04585582518208], [1.0253420274861225, 53.045809830404096], [1.0252157069782604, 53.045753288540105], [1.0250847658998399, 53.0457161029754], [1.0249716821718584, 53.04567638331055], [1.024858598443877, 53.045627106225815]]}}, {"type": "Feature", "properties": {"depth": -10.0}, "geometry": {"type": "LineString", "coordinates": [[1.0335660454984479, 53.04461624030049], [1.0334807960578085, 53.04467899312428], [1.0333964199064756, 53.04464813233399], [1.0333887881675539, 53.04479207685226], [1.0334529617704664, 53.044885168838185], [1.0335494941961152, 53.04479207685226], [1.0335660454984479, 53.04484344556184], [1.0335063863616305, 53.04490516058024], [1.033514632572257, 53.045018244308224], [1.033488149565756, 53.04496170244423], [1.0333964199064756, 53.04488025250537], [1.033298351677127, 53.04496170244423], [1.0332316852978933, 53.045074786172215], [1.0332267943145035, 53.04515375756811], [1.033339878042485, 53.04522779991299], [1.0333123572191736, 53.045131328036206], [1.0333964199064756, 53.04518681746499], [1.033509503634457, 53.04512008819616], [1.0336760315757108, 53.045131328036206], [1.0335753490806876, 53.04524441176419], [1.0336225873624385, 53.045307385373384], [1.033561067414098, 53.04524441176419], [1.0334144401121361, 53.04524441176419], [1.0334529617704664, 53.04531738171159], [1.0333589868905284, 53.04530095362818], [1.033265181948333, 53.04530095362818], [1.0332053880500185, 53.04524441176419], [1.033113710586522, 53.04531736698589], [1.0331210375434803, 53.04541403735616], [1.0332267943145035, 53.04549720291242], [1.0332857626233134, 53.04558366294813], [1.0332267943145035, 53.045560964687226], [1.0332267943145035, 53.04567341342618], [1.033339878042485, 53.045728193146005], [1.0333931800749387, 53.04558366294813], [1.0334529617704664, 53.04551402001649], [1.0334017421291701, 53.04558366294813], [1.0333964199064756, 53.04572546260046], [1.0333964199064756, 53.04581555174927], [1.0334807938752093, 53.045753288540105], [1.0335660454984479, 53.045802629266646], [1.0336791292264293, 53.04581447844109], [1.0337922129544108, 53.04580589147089], [1.0338487548184014, 53.04588138550217], [1.0339391971308771, 53.045809830404096], [1.0339052966823923, 53.04573133839738], [1.0339819692089003, 53.045753288540105], [1.0340731419116544, 53.04564020481212], [1.0340183804103735, 53.04548740058234], [1.0339437069261794, 53.04552712108414], [1.0339052966823923, 53.0454208535941], [1.0340183804103735, 53.0454037271804], [1.034077891318657, 53.04535749549217], [1.034041629209243, 53.04547057922015], [1.0340897080959286, 53.04558366294813], [1.0341880060023458, 53.045534889417965], [1.0341880060023458, 53.04543364495475], [1.0342264280154176, 53.04541403735616], [1.0343010897303273, 53.045479393651284], [1.034357631594318, 53.0453743641599], [1.0343498016681734, 53.04530095362818], [1.0344141734583086, 53.04535564393332], [1.0344149959654463, 53.0451878699002], [1.0344707153222994, 53.04504426947493], [1.034506886655025, 53.04490516058024], [1.0344141734583086, 53.044827989913856], [1.0343408357188166, 53.04484861871625], [1.0342445478663365, 53.04485081495796], [1.034131464138355, 53.04483445954035], [1.0340749222743644, 53.04492120074483], [1.0340183804103735, 53.04480851533526], [1.033961838546383, 53.04492022013491], [1.0339052966823923, 53.04484424568216], [1.0338487548184014, 53.04490947069497], [1.0337566631027835, 53.045018244308224], [1.0336791292264293, 53.044985371805694], [1.033613393037715, 53.045018244308224], [1.0336225873624385, 53.044939874178894], [1.0336517293967298, 53.04484861871625], [1.0336898563465968, 53.04479207685226], [1.0337922129544108, 53.044737891631605], [1.0339052966823923, 53.04471072393892], [1.0338487548184014, 53.04464784689749], [1.03373567109042, 53.04468574663536], [1.0336490585111575, 53.04467899312428], [1.0335715827469316, 53.04462245126029]]}}, {"type": "Feature", "properties": {"depth": -10.0}, "geometry": {"type": "LineString", "coordinates": [[1.0216922540603965, 53.04370470530279], [1.0215917018021303, 53.04377432330043], [1.021579170332415, 53.04392014032602], [1.0215226284684245, 53.04378760688638], [1.0214660866044336, 53.043895175526444], [1.021409544740443, 53.04380563975069], [1.0213039863067477, 53.043887407028414], [1.021409544740443, 53.043959546834714], [1.021409544740443, 53.04410161121541], [1.021409544740443, 53.04422551837637], [1.0215050359103106, 53.04411357448438], [1.0215226284684245, 53.044126182339745], [1.0215346327117474, 53.04422665821236], [1.0214731696046768, 53.04433974194034], [1.0214653996711085, 53.04428320007635], [1.0213530028764524, 53.04418825395551], [1.0212857139723694, 53.04422665821236], [1.02118337728448, 53.04425888929332], [1.021074291313381, 53.04433974194034], [1.021013751692508, 53.04443194701347], [1.0209572098285173, 53.044493631393095], [1.0209572098285173, 53.04458770025011], [1.0209006679645265, 53.04449227689834], [1.0208011822052239, 53.044565909396304], [1.020875994595329, 53.04467899312428], [1.020787584236545, 53.04464232342224], [1.0207310423725544, 53.04455268473576], [1.0207129130716268, 53.04467899312428], [1.0206745005085636, 53.04484333278958], [1.0206294244671674, 53.04496170244423], [1.0206745005085636, 53.04505893032423], [1.0206934209077225, 53.045131328036206], [1.020617958644573, 53.045213472365646], [1.020617958644573, 53.045310162923876], [1.0207153985331636, 53.04524441176419], [1.0207310423725544, 53.04529099960621], [1.0207310423725544, 53.04536540890128], [1.0208125539554098, 53.04535749549217], [1.0209006679645265, 53.04534645661813], [1.020876709469413, 53.04541403735616], [1.021013751692508, 53.04545740130219], [1.0210944417057861, 53.04547057922015], [1.02118337728448, 53.0455205080653], [1.0211724629163306, 53.04558366294813], [1.0212722072871645, 53.04564020481212], [1.021372402594751, 53.045696746676114], [1.021512252185215, 53.045753288540105], [1.021635712196406, 53.045809139867984], [1.0217487959243874, 53.045856413907714], [1.0217407316146077, 53.045753288540105], [1.0216744460946139, 53.04564020481212], [1.0215890163735026, 53.04552712108414], [1.021579170332415, 53.04547004818859], [1.0215307034925043, 53.04535749549217], [1.0214961668342029, 53.04524441176419], [1.021579170332415, 53.04517558248572], [1.0216365457474574, 53.045074786172215], [1.021579170332415, 53.04498533453897], [1.0215960540936015, 53.04496170244423], [1.0216922540603965, 53.044909539926394], [1.0216887864321547, 53.04484861871625], [1.0216922540603965, 53.0447660560037], [1.0217292667436713, 53.04467899312428], [1.0217730152149893, 53.044565909396304], [1.0218223316560293, 53.04445282566832], [1.0217541121117937, 53.04439628380433], [1.0217487959243874, 53.04439012327746], [1.0218493992611453, 53.04428320007635], [1.0219184215163595, 53.04418038114182], [1.022031505244341, 53.04413414439829], [1.0221085796747467, 53.04405703262039], [1.022201130836313, 53.04395686159777], [1.022201130836313, 53.04386864010491], [1.0221280889214577, 53.043887407028414], [1.022152841736627, 53.04377432330043], [1.0220880471083316, 53.04378879829531], [1.0219245308167424, 53.04377432330043], [1.0218618796523686, 53.04381911826725], [1.0217487959243874, 53.043770849311336]]}}, {"type": "Feature", "properties": {"depth": -10.0}, "geometry": {"type": "LineString", "coordinates": [[1.0314739965307913, 53.045666908253665], [1.0314739965307913, 53.04579706388234], [1.0315427609649017, 53.045809830404096], [1.0315870802587725, 53.04571722386807], [1.0314739965307913, 53.045666908253665]]}}, {"type": "Feature", "properties": {"depth": -10.0}, "geometry": {"type": "LineString", "coordinates": [[1.0138329349656865, 53.04529853787372], [1.0137243118452923, 53.04535749549217], [1.0138329349656865, 53.04544440772835], [1.013946018693668, 53.04550705514435], [1.0140591024216494, 53.04555367315435], [1.014172186149631, 53.045640157829894], [1.0142287280136215, 53.045698767682595], [1.0142964348829475, 53.045753288540105], [1.0142852698776124, 53.04563718958602], [1.0141832148587535, 53.04552712108414], [1.01411564428564, 53.04546313594248], [1.0140025605576586, 53.04540281027379], [1.0138894768296771, 53.04532844182924]]}}, {"type": "Feature", "properties": {"depth": -10.0}, "geometry": {"type": "LineString", "coordinates": [[1.032095957034689, 53.045278038959125], [1.0320068690383595, 53.04535749549217], [1.0319221402417351, 53.04535749549217], [1.0317912680841679, 53.04535749549217], [1.0316635718261649, 53.04541403735616], [1.0317262308047823, 53.04552712108414], [1.0316436221227634, 53.045491257250696], [1.0315571226093632, 53.04558366294813], [1.031700163986754, 53.045589586467834], [1.0318132477147355, 53.045695173512925], [1.0318697895787263, 53.045545334568516], [1.031926331442717, 53.04545659725066], [1.032016075820634, 53.04547057922015], [1.0320572873873795, 53.04552712108414], [1.0321010720179034, 53.04558366294813], [1.0321806394763493, 53.04547057922015], [1.0321524988986799, 53.045312793530336]]}}, {"type": "Feature", "properties": {"depth": -10.0}, "geometry": {"type": "LineString", "coordinates": [[1.0330571687225314, 53.04546665659736], [1.0329598298109535, 53.04552712108414], [1.0330557578022568, 53.04564020481212], [1.033113710586522, 53.04559476321051], [1.033113710586522, 53.04548591057014]]}}, {"type": "Feature", "properties": {"depth": -10.0}, "geometry": {"type": "LineString", "coordinates": [[1.0338276881356085, 53.04558366294813], [1.03373567109042, 53.04567114811773], [1.0336396182500032, 53.04564020481212], [1.0335660454984479, 53.04560935709859], [1.033482119951453, 53.04564020481212], [1.0335660454984479, 53.04555172157397], [1.03373567109042, 53.04554025683136]]}}, {"type": "Feature", "properties": {"depth": -10.0}, "geometry": {"type": "LineString", "coordinates": [[1.0323786663546428, 53.045322275025654], [1.0323492196377142, 53.04547057922015], [1.0324209806734248, 53.04558366294813], [1.0324678275578751, 53.04552712108414], [1.0323914661086688, 53.04541403735616]]}}, {"type": "Feature", "properties": {"depth": -10.0}, "geometry": {"type": "LineString", "coordinates": [[1.0314739965307913, 53.04534201768763], [1.0314739965307913, 53.045436565053016], [1.03162615245706, 53.04541403735616], [1.0315175962350933, 53.04535749549217]]}}, {"type": "Feature", "properties": {"depth": -10.0}, "geometry": {"type": "LineString", "coordinates": [[1.0327744594025778, 53.04525150944709], [1.032710917823101, 53.04535749549217], [1.0328310012665685, 53.045368310669616], [1.0328893210570038, 53.04541403735616], [1.0328310012665685, 53.04535119586493]]}}, {"type": "Feature", "properties": {"depth": -10.0}, "geometry": {"type": "LineString", "coordinates": [[1.03294408499455, 53.04517701492973], [1.032901747461575, 53.04530095362818], [1.0330006268585405, 53.045382764315775], [1.0330571687225314, 53.04528947161393], [1.0330006268585405, 53.045217005167935]]}}, {"type": "Feature", "properties": {"depth": -10.0}, "geometry": {"type": "LineString", "coordinates": [[1.031926331442717, 53.045105153834164], [1.0318697895787263, 53.04515062383446], [1.0318949040736238, 53.04530095362818], [1.032012769139519, 53.04530095362818], [1.0319828733067076, 53.04521269002196], [1.0319531830864248, 53.045131328036206]]}}, {"type": "Feature", "properties": {"depth": -10.0}, "geometry": {"type": "LineString", "coordinates": [[1.0324917500826243, 53.04486823100121], [1.0324216457285345, 53.04496170244423], [1.0323564272719987, 53.04490516058024], [1.0322655826266613, 53.0449594602813], [1.0321687066732106, 53.04496170244423], [1.032095957034689, 53.04499324890518], [1.0320218823377696, 53.04496170244423], [1.0319401390328666, 53.045074786172215], [1.0320472725262264, 53.045131328036206], [1.0321165918883257, 53.04524441176419], [1.0322090407626705, 53.04524393720044], [1.0322960604372384, 53.045131328036206], [1.032327714481342, 53.045074786172215], [1.032409472022482, 53.045131328036206], [1.032548291946615, 53.045127566061936], [1.0324917500826243, 53.04505427048544], [1.0324917500826243, 53.04492907961912]]}}, {"type": "Feature", "properties": {"depth": -10.0}, "geometry": {"type": "LineString", "coordinates": [[1.0326048338106055, 53.0451092281024], [1.0324917500826243, 53.045143539400776], [1.0324917500826243, 53.04525648619811], [1.0326048338106055, 53.04520292244876], [1.0326048338106055, 53.0451092281024]]}}, {"type": "Feature", "properties": {"depth": -10.0}, "geometry": {"type": "LineString", "coordinates": [[1.0339243020843765, 53.045074786172215], [1.0339822508669296, 53.0451878699002], [1.033920625902483, 53.045131328036206], [1.0338764091231065, 53.0451878699002], [1.0338271497070584, 53.045131328036206], [1.0339052966823923, 53.045037874943965]]}}, {"type": "Feature", "properties": {"depth": -10.0}, "geometry": {"type": "LineString", "coordinates": [[1.0343809457923927, 53.045074786172215], [1.034357631594318, 53.04514361988936], [1.034318656162915, 53.0451878699002], [1.0343010897303273, 53.0451109527877], [1.0343809457923927, 53.045074786172215]]}}, {"type": "Feature", "properties": {"depth": -10.0}, "geometry": {"type": "LineString", "coordinates": [[1.0316436221227634, 53.0449370957092], [1.0315759368447182, 53.045018244308224], [1.0314907745319755, 53.045131328036206], [1.0315870802587725, 53.0451160390319], [1.0316644335569705, 53.045018244308224]]}}, {"type": "Feature", "properties": {"depth": -10.0}, "geometry": {"type": "LineString", "coordinates": [[1.0125890139578906, 53.04474285017002], [1.0125543734037832, 53.04490516058024], [1.012504103620187, 53.04484861871625], [1.0124400450374953, 53.04490516058024], [1.0123628465019276, 53.04488878944452], [1.0123350009727434, 53.045018244308224], [1.0123653080104198, 53.045074786172215], [1.0124759302299091, 53.04498628833361], [1.0125890139578906, 53.04505770662608], [1.0126656781391643, 53.04496170244423], [1.0126455558218814, 53.044874376429554], [1.012702097685872, 53.044836658119955], [1.0125890139578906, 53.04474285017002]]}}, {"type": "Feature", "properties": {"depth": -10.0}, "geometry": {"type": "LineString", "coordinates": [[1.0332267943145035, 53.04483640886718], [1.0331702524505129, 53.04494906632277], [1.0331702524505129, 53.0450600714834], [1.0332564908693809, 53.04496170244423], [1.0332833361784943, 53.04490486026276]]}}, {"type": "Feature", "properties": {"depth": -10.0}, "geometry": {"type": "LineString", "coordinates": [[1.0154161071574266, 53.04471756614596], [1.0153030234294451, 53.04478065646613], [1.0153562938027438, 53.04484861871625], [1.0152464815654545, 53.044933924479125], [1.0153030234294451, 53.044971404154495], [1.01537908299634, 53.04490516058024], [1.0154161071574266, 53.04477958763393]]}}, {"type": "Feature", "properties": {"depth": -10.0}, "geometry": {"type": "LineString", "coordinates": [[1.0204483330526006, 53.04475054719567], [1.02039179118861, 53.04479741775512], [1.0203901085302574, 53.04490516058024], [1.0204483330526006, 53.04499266935458], [1.0205045650062776, 53.04484861871625]]}}, {"type": "Feature", "properties": {"depth": -10.0}, "geometry": {"type": "LineString", "coordinates": [[1.0208063868223305, 53.04479207685226], [1.0207373540852434, 53.04490516058024], [1.0207310423725544, 53.04490007372631], [1.020787584236545, 53.04474487921954]]}}, {"type": "Feature", "properties": {"depth": -10.0}, "geometry": {"type": "LineString", "coordinates": [[1.0327744594025778, 53.044655747568875], [1.0326613756745964, 53.044726853178865], [1.0325906778218559, 53.04467899312428], [1.0326540369561714, 53.04479207685226], [1.0325225250668622, 53.04484861871625], [1.0326048338106055, 53.04492757337591], [1.0326869786794435, 53.04484861871625], [1.0327744594025778, 53.04474934370297], [1.0327744594025778, 53.044655747568875]]}}, {"type": "Feature", "properties": {"depth": -10.0}, "geometry": {"type": "LineString", "coordinates": [[1.0164904025732504, 53.0446350785101], [1.0164338607092596, 53.04478988364555], [1.0164338607092596, 53.04486445969996], [1.0165091032302889, 53.04479207685226], [1.0164904025732504, 53.0446350785101]]}}, {"type": "Feature", "properties": {"depth": -10.0}, "geometry": {"type": "LineString", "coordinates": [[1.0328875431305593, 53.04466414463914], [1.0328310012665685, 53.044779094585344], [1.0328875431305593, 53.04481818395745], [1.0329117138943396, 53.04467899312428]]}}, {"type": "Feature", "properties": {"depth": -10.0}, "geometry": {"type": "LineString", "coordinates": [[1.0332267943145035, 53.044659242726034], [1.0332267943145035, 53.044771111309224], [1.0332839548647446, 53.04479207685226], [1.0332635660825515, 53.04467899312428]]}}, {"type": "Feature", "properties": {"depth": -10.0}, "geometry": {"type": "LineString", "coordinates": [[1.0343010897303273, 53.04460791635256], [1.0341880060023458, 53.04466586827211], [1.0342286942629253, 53.04473553498827], [1.0341880060023458, 53.04483315962222], [1.0343010897303273, 53.04477818112313], [1.0342585476173842, 53.04467899312428], [1.0343010897303273, 53.04460791635256]]}}, {"type": "Feature", "properties": {"depth": -10.0}, "geometry": {"type": "LineString", "coordinates": [[1.015529190885408, 53.04458352520936], [1.0154265584022795, 53.04467899312428], [1.0155820729635516, 53.04473553498827], [1.0156187068061793, 53.04467899312428], [1.015529190885408, 53.04458352520936]]}}, {"type": "Feature", "properties": {"depth": -10.0}, "geometry": {"type": "LineString", "coordinates": [[1.0158119002053616, 53.04447882049896], [1.0156988164773804, 53.044540668543384], [1.0157475332219068, 53.04462245126029], [1.0156637284927306, 53.04473553498827], [1.015755358341371, 53.04468191496955], [1.0158372175573434, 53.04462245126029], [1.0158684420693525, 53.04455897280067]]}}, {"type": "Feature", "properties": {"depth": -10.0}, "geometry": {"type": "LineString", "coordinates": [[1.0323786663546428, 53.044603695508336], [1.0322825452741873, 53.04467899312428], [1.0323562697123256, 53.04473553498827], [1.0324192471475153, 53.04462245126029]]}}, {"type": "Feature", "properties": {"depth": -10.0}, "geometry": {"type": "LineString", "coordinates": [[1.0213149029267328, 53.04445282566832], [1.0213694751442173, 53.044565909396304], [1.021324621793354, 53.044509367532314], [1.021242891153352, 53.044565909396304], [1.02118337728448, 53.04463258524679], [1.021236057357486, 53.044565909396304], [1.0211656908223694, 53.04445282566832], [1.021239919148471, 53.04449926741394], [1.0213149029267328, 53.04445282566832]]}}, {"type": "Feature", "properties": {"depth": -10.0}, "geometry": {"type": "LineString", "coordinates": [[1.016320776981278, 53.044364043899755], [1.0162140445627734, 53.04445282566832], [1.0162750156419176, 53.044509367532314], [1.016358219696078, 53.04439628380433]]}}, {"type": "Feature", "properties": {"depth": -10.0}, "geometry": {"type": "LineString", "coordinates": [[1.0172463479266922, 53.04405703262039], [1.017168904941139, 53.04413723055225], [1.0170868823156363, 53.04422665821236], [1.016999279349167, 53.044285694967044], [1.016893057499763, 53.04439628380433], [1.0168296537571946, 53.0443664410199], [1.0167377884909712, 53.04445282566832], [1.0166600281652225, 53.04452244131247], [1.0166826664807367, 53.04445282566832], [1.016773111893204, 53.04436136014857], [1.016773111893204, 53.04424428257995], [1.0166653708584674, 53.04433974194034], [1.0166034863012317, 53.044302843040725], [1.0165449279812435, 53.04433974194034], [1.0166034863012317, 53.04425926027063], [1.0167049395007068, 53.04417011634837], [1.0167211291922404, 53.04411357448438], [1.016821769349849, 53.04417011634837], [1.0168861956211854, 53.04408384538815], [1.0169530562382307, 53.04405703262039], [1.016942737485176, 53.04415805163456], [1.0170550427650964, 53.04417011634837], [1.0171533197388198, 53.04411357448438], [1.0172254468051296, 53.04402417220387]]}}, {"type": "Feature", "properties": {"depth": -10.0}, "geometry": {"type": "LineString", "coordinates": [[1.0348665083702344, 53.04438951171705], [1.034753424642253, 53.04442439802884], [1.0347991852858984, 53.044509367532314], [1.0348970407508198, 53.044509367532314], [1.0348665083702344, 53.04438951171705]]}}, {"type": "Feature", "properties": {"depth": -10.0}, "geometry": {"type": "LineString", "coordinates": [[1.0162642351172875, 53.044294581007], [1.016151151389306, 53.0443865455496], [1.016151151389306, 53.04449407969407], [1.0162491036314547, 53.04439628380433], [1.0162642351172875, 53.044294581007]]}}, {"type": "Feature", "properties": {"depth": -10.0}, "geometry": {"type": "LineString", "coordinates": [[1.0208441261005359, 53.044198685798406], [1.020787584236545, 53.04433336773259], [1.0207310423725544, 53.0443922107144], [1.020810218761994, 53.04439628380433], [1.0209364880528786, 53.04433974194034], [1.020867509323487, 53.04422665821236]]}}, {"type": "Feature", "properties": {"depth": -10.0}, "geometry": {"type": "LineString", "coordinates": [[1.033961838546383, 53.04413396693307], [1.0338976011230223, 53.04422665821236], [1.033961838546383, 53.04429024687453], [1.0340183804103735, 53.04425043747439], [1.033961838546383, 53.04413396693307]]}}, {"type": "Feature", "properties": {"depth": -10.0}, "geometry": {"type": "LineString", "coordinates": [[1.0164338607092596, 53.04402955800214], [1.0163277777472806, 53.04411357448438], [1.016377318845269, 53.044238128982705], [1.0164338607092596, 53.04414472382596], [1.0164338607092596, 53.04402955800214]]}}, {"type": "Feature", "properties": {"depth": -10.0}, "geometry": {"type": "LineString", "coordinates": [[1.0217773767154295, 53.04383086516442], [1.021805337788378, 53.04393010608344], [1.021821381969982, 53.044000490756396], [1.021762761842209, 53.04411357448438], [1.0218618796523686, 53.04409232396273], [1.0219649179375396, 53.04405703262039], [1.0218618796523686, 53.04413850561011], [1.0217663229140115, 53.04422665821236], [1.0216922540603965, 53.04417303379894], [1.0216123256886251, 53.04411357448438], [1.0215702973601328, 53.044000490756396], [1.0216719779460666, 53.043943948892405], [1.021712692001282, 53.04383086516442]]}}, {"type": "Feature", "properties": {"depth": -10.0}, "geometry": {"type": "LineString", "coordinates": [[1.02118337728448, 53.044052535480475], [1.02118337728448, 53.04413094994479], [1.0212964610124615, 53.04421037545766], [1.0212964610124615, 53.04410942883434], [1.02118337728448, 53.044052535480475]]}}, {"type": "Feature", "properties": {"depth": -10.0}, "geometry": {"type": "LineString", "coordinates": [[1.0170614878202007, 53.043887407028414], [1.0170558212131575, 53.04399482323796], [1.0170533544926463, 53.044000490756396], [1.016999279349167, 53.04390475973309], [1.0170614878202007, 53.043887407028414]]}}, {"type": "Feature", "properties": {"depth": -10.0}, "geometry": {"type": "LineString", "coordinates": [[1.0200525400046656, 53.04337585224819], [1.019995998140675, 53.043476570147895], [1.0199394562766844, 53.043375379781864], [1.0198829144126935, 53.04348209146832], [1.0197894821939828, 53.04354815584447], [1.0199394562766844, 53.04358202647533], [1.0200525400046656, 53.04352920417214], [1.0200559491691403, 53.0433785302525]]}}, {"type": "Feature", "properties": {"depth": -10.0}, "geometry": {"type": "LineString", "coordinates": [[1.020617958644573, 53.043354926123456], [1.0205048749165915, 53.043424693829564], [1.0205350890777407, 53.04349161398048], [1.020617958644573, 53.04344419120442], [1.020617958644573, 53.043354926123456]]}}, {"type": "Feature", "properties": {"depth": -10.0}, "geometry": {"type": "LineString", "coordinates": [[1.0207310423725544, 53.04334985829643], [1.0207310423725544, 53.04345697593338], [1.0209006679645265, 53.043458143364944], [1.0208441261005359, 53.043414414206815], [1.0207310423725544, 53.04334985829643]]}}, {"type": "Feature", "properties": {"depth": -10.0}, "geometry": {"type": "LineString", "coordinates": [[1.0198829144126935, 53.04292149001559], [1.0198080229817934, 53.04298273720456], [1.0197132888207214, 53.0430472913244], [1.01960020509274, 53.04309655755987], [1.019621628426662, 53.043208904660524], [1.0197132888207214, 53.043164536005456], [1.019826372548703, 53.04313529832388], [1.0199141294994494, 53.04315236279653], [1.0199827708997744, 53.04303927906855], [1.0199125130077213, 53.04292619534057]]}}, {"type": "Feature", "properties": {"depth": -10.0}, "geometry": {"type": "LineString", "coordinates": [[1.019204412044805, 53.0426390915673], [1.0191755011326677, 53.0427565697486], [1.0193119274884035, 53.0427565697486], [1.0192105914364629, 53.042643486020616]]}}, {"type": "Feature", "properties": {"depth": -10.0}, "geometry": {"type": "LineString", "coordinates": [[1.0198829144126935, 53.0426319160266], [1.019769830684712, 53.04265962568357], [1.0197001386082858, 53.0427565697486], [1.019769830684712, 53.042739431915024], [1.0198829144126935, 53.04268649473203]]}}, {"type": "Feature", "properties": {"depth": -10.0}, "geometry": {"type": "LineString", "coordinates": [[1.018412825948935, 53.04239679160091], [1.0183806694458144, 53.042530402292634], [1.01844536619664, 53.042586944156625], [1.0184693678129255, 53.04251325222773], [1.018412825948935, 53.04239679160091]]}}, {"type": "Feature", "properties": {"depth": -10.0}, "geometry": {"type": "LineString", "coordinates": [[1.017960491037009, 53.042422890397596], [1.017825653338402, 53.04247386042864], [1.0179408944844364, 53.042530402292634], [1.0179863211791254, 53.04247386042864]]}}, {"type": "Feature", "properties": {"depth": -10.0}, "geometry": {"type": "LineString", "coordinates": [[1.0167181169684507, 53.04224769297268], [1.0167756479718522, 53.04236077670066], [1.0168296537571946, 53.04241835067246], [1.0167678002465288, 53.04236077670066], [1.0166600281652225, 53.042248916505415], [1.0167165700292131, 53.042242045480215]]}}, {"type": "Feature", "properties": {"depth": -10.0}, "geometry": {"type": "LineString", "coordinates": [[1.0186389934048976, 53.0422205358448], [1.0186332422547009, 53.04236077670066], [1.0186955352688885, 53.042324313641636], [1.0186701599300276, 53.04224769297268]]}}, {"type": "Feature", "properties": {"depth": -10.0}, "geometry": {"type": "LineString", "coordinates": [[1.0157072551853519, 53.041964983652726], [1.0158119002053616, 53.042062581128796], [1.0158873781771096, 53.0421346092447], [1.0158119002053616, 53.04210394297347], [1.0157328217314907, 53.04202152551672], [1.0156988164773804, 53.04195890069306]]}}, {"type": "Feature", "properties": {"depth": -10.0}, "geometry": {"type": "LineString", "coordinates": [[1.0156988164773804, 53.04166741730939], [1.0156988164773804, 53.0417674224999], [1.0157649577303223, 53.041851899924744], [1.0158684420693525, 53.04193596787713], [1.0158961102470534, 53.04179535806075], [1.0158418851870412, 53.04173881619676], [1.015755358341371, 53.041728157721536]]}}, {"type": "Feature", "properties": {"depth": -10.0}, "geometry": {"type": "LineString", "coordinates": [[1.015981525797334, 53.04169109682109], [1.0159653014168797, 53.041851899924744], [1.0160380676613245, 53.04182563425811], [1.0159957901108123, 53.04173881619676]]}}, {"type": "Feature", "properties": {"depth": -10.0}, "geometry": {"type": "LineString", "coordinates": [[1.016377318845269, 53.04176382482412], [1.0162076932532966, 53.04176755644374], [1.0162642351172875, 53.0418398549224], [1.016377318845269, 53.041891840223165], [1.016377318845269, 53.04176382482412]]}}, {"type": "Feature", "properties": {"depth": -10.0}, "geometry": {"type": "LineString", "coordinates": [[1.0146442837440763, 53.04156919060479], [1.0146936093324155, 53.04168227433277], [1.014741924464611, 53.04179535806075], [1.0146810629255474, 53.04174495734208], [1.0146245210615565, 53.04164472580947], [1.0146245210615565, 53.04155625807768]]}}, {"type": "Feature", "properties": {"depth": -10.0}, "geometry": {"type": "LineString", "coordinates": [[1.0148985906974664, 53.04168227433277], [1.0149085146584649, 53.04179535806075], [1.0148506885175195, 53.041753766711786], [1.0147900582489453, 53.04168227433277], [1.0148985906974664, 53.04168227433277]]}}, {"type": "Feature", "properties": {"depth": -10.0}, "geometry": {"type": "LineString", "coordinates": [[1.0141802752703188, 53.04139956501282], [1.0142621683896385, 53.0415126487408], [1.014341811741603, 53.0415988920303], [1.0144548954695845, 53.0416727897006], [1.014511437333575, 53.04171346752244], [1.0143983536055936, 53.041648311578264], [1.0142852698776124, 53.04157496544857], [1.0142125988664394, 53.0415126487408], [1.0141645134780737, 53.04139956501282]]}}, {"type": "Feature", "properties": {"depth": -10.0}, "geometry": {"type": "LineString", "coordinates": [[1.0125464165388096, 53.04117339755686], [1.0126455558218814, 53.04128186670206], [1.0126412146613875, 53.04128648128484], [1.0125324720939, 53.04119500267024], [1.0125464165388096, 53.04117339755686]]}}, {"type": "Feature", "properties": {"depth": -10.0}, "geometry": {"type": "LineString", "coordinates": [[1.0115732598904859, 53.0409472301009], [1.011684344134039, 53.041045735034544], [1.0116380014384962, 53.04106031382888], [1.0115678094042146, 53.04100377196489], [1.0115732598904859, 53.0409472301009]]}}, {"type": "Feature", "properties": {"depth": -10.0}, "geometry": {"type": "LineString", "coordinates": [[1.0121932209099556, 53.040997330927425], [1.012136679045965, 53.04102285569926], [1.0122497627739464, 53.04109754165858], [1.0122017303224957, 53.04100377196489]]}}, {"type": "Feature", "properties": {"depth": -10.0}, "geometry": {"type": "LineString", "coordinates": [[1.0106820523255455, 53.04060797891695], [1.0107297093050138, 53.040721062644934], [1.0106879768042922, 53.040777604508925], [1.0106256046300501, 53.04066452078094], [1.0106100487182155, 53.04055274247548]]}}, {"type": "Feature", "properties": {"depth": -10.0}, "geometry": {"type": "LineString", "coordinates": [[1.0109492999021596, 53.04060396449401], [1.010946902218602, 53.040721062644934], [1.0110530616582691, 53.040721062644934], [1.0109550243295116, 53.04060797891695]]}}, {"type": "Feature", "properties": {"depth": -10.0}, "geometry": {"type": "LineString", "coordinates": [[1.0101776288464774, 53.04026872773301], [1.0102186305952183, 53.04038181146099], [1.010270797534271, 53.04045119443199], [1.0101577138062896, 53.04038714128114], [1.0102053541398575, 53.040325269597], [1.0101577138062896, 53.04025973279153]]}}, {"type": "Feature", "properties": {"depth": -10.0}, "geometry": {"type": "LineString", "coordinates": [[1.0098678794426175, 53.04021218586902], [1.0098184626223454, 53.04035201748032], [1.0097619207583546, 53.04024751219588], [1.0098184626223454, 53.04017992545815]]}}, {"type": "Feature", "properties": {"depth": -10.0}, "geometry": {"type": "LineString", "coordinates": [[1.0103838812622525, 53.040033672162636], [1.010327339398262, 53.04009537284243], [1.010320063396414, 53.040155644005026], [1.0104305085798253, 53.040155644005026], [1.0103838812622525, 53.040033672162636]]}}, {"type": "Feature", "properties": {"depth": -10.0}, "geometry": {"type": "LineString", "coordinates": [[0.9127360821502787, 53.03979927478652], [0.9127274757139495, 53.03992947654906], [0.9127926240142694, 53.03988937097157], [0.9127505133581484, 53.03981639282108]]}}, {"type": "Feature", "properties": {"depth": -10.0}, "geometry": {"type": "LineString", "coordinates": [[1.0094362277758175, 53.03959022536512], [1.0095357533023916, 53.03969897439465], [1.0095922951663825, 53.039783305790195], [1.0095357533023916, 53.039818424531425], [1.009479211438401, 53.03972257125032], [1.0094029737357393, 53.03964676722911], [1.0094362277758175, 53.03959022536512]]}}, {"type": "Feature", "properties": {"depth": -10.0}, "geometry": {"type": "LineString", "coordinates": [[1.0093769177534646, 53.03919443231718], [1.0094859181933988, 53.03925097418117], [1.0095922951663825, 53.03933212858274], [1.0096701434312352, 53.039420599773145], [1.0096844451043343, 53.03959022536512], [1.0096253681467557, 53.039533683501126], [1.0095380441428055, 53.039420599773145], [1.009479211438401, 53.03935817488315], [1.0093661277104196, 53.03925285779571], [1.0093661277104196, 53.03918445511274]]}}, {"type": "Feature", "properties": {"depth": -10.0}, "geometry": {"type": "LineString", "coordinates": [[1.0099315463503267, 53.03920128160038], [1.0099268318012773, 53.039364057909154], [1.0099139763431602, 53.039533683501126], [1.0100218134263876, 53.03959022536512], [1.0100527069898886, 53.039533683501126], [1.0099880882143175, 53.03947371626637], [1.0099756975766099, 53.03930751604516]]}}, {"type": "Feature", "properties": {"depth": -10.0}, "geometry": {"type": "LineString", "coordinates": [[0.9117183285984457, 53.03903182197321], [0.9116382932259526, 53.03913789045319], [0.9117183285984457, 53.03923417493037], [0.911789825117159, 53.03913789045319], [0.9117183285984457, 53.03903182197321]]}}, {"type": "Feature", "properties": {"depth": -10.0}, "geometry": {"type": "LineString", "coordinates": [[1.009875004486336, 53.03900167861211], [1.0098184626223454, 53.03910800665], [1.0098275624383288, 53.03919443231718], [1.0099003245120641, 53.03913789045319], [1.009875004486336, 53.03900167861211]]}}, {"type": "Feature", "properties": {"depth": -10.0}, "geometry": {"type": "LineString", "coordinates": [[1.0094322195855971, 53.03891172299723], [1.0094286711516702, 53.0390813485892], [1.0094043235583525, 53.03902480672521], [1.0094226695744104, 53.038906164281144]]}}, {"type": "Feature", "properties": {"depth": -10.0}, "geometry": {"type": "LineString", "coordinates": [[1.009705378894364, 53.03883558079683], [1.0096488370303731, 53.03894568643471], [1.0096668224825744, 53.03902480672521], [1.009716252546374, 53.03896826486122], [1.009705378894364, 53.03883558079683]]}}, {"type": "Feature", "properties": {"depth": -10.0}, "geometry": {"type": "LineString", "coordinates": [[1.008953903725664, 53.03862901367727], [1.0090268765264754, 53.03870414250176], [1.0090919086615378, 53.038798639269245], [1.0090268765264754, 53.03878494855146], [1.0089684512112196, 53.038685555541264], [1.008913792798494, 53.03861084121368]]}}, {"type": "Feature", "properties": {"depth": -10.0}, "geometry": {"type": "LineString", "coordinates": [[1.0095357533023916, 53.03845202301827], [1.009479211438401, 53.03847736105046], [1.009567575248697, 53.03857247181328], [1.0096019011830724, 53.03862901367727], [1.0095922951663825, 53.038513536055675]]}}, {"type": "Feature", "properties": {"depth": -10.0}, "geometry": {"type": "LineString", "coordinates": [[1.0084650580982353, 53.038120136901355], [1.0085745416145495, 53.03822088583045], [1.0085745416145495, 53.038307736716796], [1.0085179997505587, 53.03817866523445], [1.0084185986091185, 53.038120136901355]]}}, {"type": "Feature", "properties": {"depth": -10.0}, "geometry": {"type": "LineString", "coordinates": [[0.9123973123756572, 53.037667801989436], [0.9123757055432643, 53.03778088571742], [0.9123260846358876, 53.03772434385343], [0.9123968309663344, 53.0376675216394]]}}, {"type": "Feature", "properties": {"depth": -10.0}, "geometry": {"type": "LineString", "coordinates": [[1.0080802696407551, 53.03749817639746], [1.0081439209454226, 53.037611260125445], [1.008192101726079, 53.03772434385343], [1.0081543436852052, 53.03778088571742], [1.008065664838633, 53.03767925113408], [1.0080091229746424, 53.03756582889552], [1.0080091229746424, 53.03749099068916]]}}, {"type": "Feature", "properties": {"depth": -10.0}, "geometry": {"type": "LineString", "coordinates": [[1.008461457886568, 53.03718486638039], [1.0084558015657084, 53.03732855080549], [1.0084750898461077, 53.03738509266948], [1.0085179997505587, 53.0372943066087], [1.008461457886568, 53.03718486638039]]}}, {"type": "Feature", "properties": {"depth": -10.0}, "geometry": {"type": "LineString", "coordinates": [[1.0086310834785401, 53.03687616145684], [1.0085745416145495, 53.03696954150314], [1.0085435885955198, 53.03710238334953], [1.0086310834785401, 53.037190351005776], [1.008687625342531, 53.0373152176274], [1.0086931670589128, 53.03715892521352], [1.0086310834785401, 53.03707208609788], [1.0086573068351818, 53.036989299621546], [1.0086310834785401, 53.03687616145684]]}}, {"type": "Feature", "properties": {"depth": -10.0}, "geometry": {"type": "LineString", "coordinates": [[1.0075577563801454, 53.03676313216558], [1.0075567880627165, 53.03688405445203], [1.00749327128956, 53.03681967402957], [1.0075567880627165, 53.03675973082674]]}}, {"type": "Feature", "properties": {"depth": -10.0}, "geometry": {"type": "LineString", "coordinates": [[0.9157893428057776, 53.036620856323175], [0.91570730425166, 53.03670659030159], [0.9157893428057776, 53.03677814870399], [0.9158024332173529, 53.0366500484376]]}}, {"type": "Feature", "properties": {"depth": -10.0}, "geometry": {"type": "LineString", "coordinates": [[1.008461457886568, 53.03658160550777], [1.0083661764779275, 53.0366500484376], [1.0084318028141028, 53.03676313216558], [1.0084629945054222, 53.03670659030159], [1.008461457886568, 53.03658160550777]]}}, {"type": "Feature", "properties": {"depth": -10.0}, "geometry": {"type": "LineString", "coordinates": [[1.0086310834785401, 53.0363010919898], [1.0085745416145495, 53.03640742926867], [1.008580456814819, 53.03648042284563], [1.0086983620740686, 53.03648042284563], [1.0086666713543944, 53.036367339117646]]}}, {"type": "Feature", "properties": {"depth": -10.0}, "geometry": {"type": "LineString", "coordinates": [[1.0063608404340518, 53.036197713525674], [1.0063726693514594, 53.036310797253655], [1.0063694089189115, 53.03644302304465], [1.0063102156516817, 53.036367339117646], [1.0063128670549206, 53.03627135800862], [1.0063128670549206, 53.03617313699637]]}}, {"type": "Feature", "properties": {"depth": -10.0}, "geometry": {"type": "LineString", "coordinates": [[1.0119670534539926, 53.035204468485965], [1.0119295207117165, 53.03534958556581], [1.0119670534539926, 53.0355151268424], [1.0119604929113488, 53.035519211157784], [1.0119095508230016, 53.035575753021774], [1.0119250084911464, 53.035688836749756], [1.011910511590002, 53.03575681034288], [1.0119715834237237, 53.03585846234173], [1.0119670534539926, 53.035948239993985], [1.0119577284920693, 53.0360280879337], [1.0119980088090905, 53.03614117166168], [1.0120235953179835, 53.03627526275586], [1.0121225352486045, 53.036367339117646], [1.012148264265745, 53.03642388098164], [1.0121532320905526, 53.036254255389665], [1.012136679045965, 53.036175697004964], [1.0121602870483737, 53.0360280879337], [1.012133655015145, 53.03591500420572], [1.012080137181974, 53.035750690163255], [1.012080137181974, 53.03565098510425], [1.0120959325596857, 53.035519211157784], [1.012080137181974, 53.03545898455746], [1.0120235953179835, 53.035352194092965], [1.0120019093112274, 53.03523650183783]]}}, {"type": "Feature", "properties": {"depth": -10.0}, "geometry": {"type": "LineString", "coordinates": [[1.007669871790698, 53.03591490405888], [1.0076627977214507, 53.0360280879337], [1.007669871790698, 53.036151703067155], [1.0076776757716261, 53.0360280879337], [1.007669871790698, 53.03591490405888]]}}, {"type": "Feature", "properties": {"depth": -10.0}, "geometry": {"type": "LineString", "coordinates": [[1.0065955763748744, 53.035781792088834], [1.0065280666603513, 53.03585846234173], [1.0065390345108836, 53.03602435854345], [1.0065955763748744, 53.035908091696804], [1.0065955763748744, 53.035781792088834]]}}, {"type": "Feature", "properties": {"depth": -10.0}, "geometry": {"type": "LineString", "coordinates": [[1.0072175368787721, 53.035599602890564], [1.0071982984759122, 53.03574537861375], [1.0072175368787721, 53.03591178345485], [1.0072591994834, 53.03574537861375], [1.0072175368787721, 53.035599602890564]]}}, {"type": "Feature", "properties": {"depth": -10.0}, "geometry": {"type": "LineString", "coordinates": [[1.0049874089410666, 53.0354061274298], [1.005068946047125, 53.03547625524224], [1.0051459413173267, 53.035575753021774], [1.0051254879111156, 53.0357143746491], [1.0050683127774964, 53.035632294885765], [1.0049954359510394, 53.035519211157784], [1.0049227500353857, 53.0354061274298]]}}, {"type": "Feature", "properties": {"depth": -10.0}, "geometry": {"type": "LineString", "coordinates": [[1.0046747280087542, 53.03529304370182], [1.0047862367271712, 53.03536452016355], [1.0048573667269136, 53.03546266929379], [1.0048560662559627, 53.035632294885765], [1.0047842001544964, 53.035632294885765], [1.0047303003511174, 53.03546266929379], [1.0046731529991897, 53.03536297673964], [1.0046731529991897, 53.03529204550924]]}}, {"type": "Feature", "properties": {"depth": -10.0}, "geometry": {"type": "LineString", "coordinates": [[1.0119670534539926, 53.0349887813991], [1.011947754731752, 53.03512341810985], [1.0120235953179835, 53.035229841440014], [1.0121141766785702, 53.03512341810985], [1.0120235953179835, 53.035027801829216]]}}, {"type": "Feature", "properties": {"depth": -10.0}, "geometry": {"type": "LineString", "coordinates": [[0.9231397851245712, 53.034262847594995], [0.9230267013965898, 53.03429706678839], [0.9229136176686084, 53.03427271125096], [0.9228367712897498, 53.03427529014999], [0.9226912495279033, 53.03427529014999], [0.9228005339406269, 53.034383760432476], [0.9228570758046176, 53.03446520126822], [0.9229136176686084, 53.03436355559625], [0.9230135308851339, 53.034444915741965], [0.9230832432605804, 53.03450879182511], [0.9231829117881634, 53.03461454133394], [0.9232044819633298, 53.03472762506192], [0.9231397851245712, 53.03472140996282], [0.9230547719194012, 53.03461454133394], [0.9229956410464942, 53.034501457605955], [0.9228884148095309, 53.034501457605955], [0.9229189826656397, 53.03461454133394], [0.9229701595325991, 53.03468433675386], [0.9228570758046176, 53.034661960166254], [0.9228005339406269, 53.03472450503378], [0.9229136176686084, 53.0347729562168], [0.9229986141840968, 53.0348407087899], [0.9230832432605804, 53.03483770464772], [0.923173508015696, 53.034897250653884], [0.9232528688525526, 53.03488718006302], [0.9233659525805341, 53.03493402706706], [0.9234790363085156, 53.0349710678213], [0.9235621503492267, 53.034953792517875], [0.923629526160703, 53.034897250653884], [0.9236797979542783, 53.03478416692591], [0.923626619457655, 53.03467108319793], [0.9235921200364969, 53.03459271710681], [0.9237052037644784, 53.03464054612642], [0.923807561879905, 53.03467108319793], [0.9238748293564506, 53.03461397632074], [0.9238182874924599, 53.03452084840378], [0.9237185991477571, 53.034444915741965], [0.9236486619004877, 53.03446688509179], [0.9235355781725063, 53.03442417940889], [0.9234224944445248, 53.03438775403963], [0.9232528688525526, 53.03433901897151], [0.9231584810406129, 53.03427529014999]]}}, {"type": "Feature", "properties": {"depth": -10.0}, "geometry": {"type": "LineString", "coordinates": [[0.9238182874924599, 53.034870383141545], [0.9236656990720751, 53.034897250653884], [0.9237617456284691, 53.03500189976998], [0.9238352086702524, 53.034897250653884]]}}, {"type": "Feature", "properties": {"depth": -10.0}, "geometry": {"type": "LineString", "coordinates": [[0.9234827849887159, 53.03467108319793], [0.923554025566025, 53.03478416692591], [0.9235082291341208, 53.03472762506192], [0.9234790363085156, 53.034650401858855]]}}, {"type": "Feature", "properties": {"depth": -10.0}, "geometry": {"type": "LineString", "coordinates": [[0.9628887155100475, 53.034500195612445], [0.9628321736460568, 53.03450460104297], [0.9629452573740382, 53.03457761175679], [0.9628897186919037, 53.034501457605955]]}}, {"type": "Feature", "properties": {"depth": -10.0}, "geometry": {"type": "LineString", "coordinates": [[0.9893503078577046, 53.034173317566506], [0.9892937659937139, 53.03424949192161], [0.9893503078577046, 53.034346884536], [0.9894163017771577, 53.03427529014999], [0.9893503078577046, 53.034173317566506]]}}, {"type": "Feature", "properties": {"depth": -10.0}, "geometry": {"type": "LineString", "coordinates": [[1.0014502667517187, 53.034210963476845], [1.0013826743039969, 53.03427529014999], [1.001411055173763, 53.03433183201398], [1.0015103822030442, 53.03427529014999], [1.0014502667517187, 53.034210963476845]]}}, {"type": "Feature", "properties": {"depth": -10.0}, "geometry": {"type": "LineString", "coordinates": [[0.9211042780209053, 53.03421368257708], [0.9209870899510317, 53.034218748286], [0.9210807729600204, 53.03427529014999], [0.9211483313089813, 53.034218748286]]}}, {"type": "Feature", "properties": {"depth": -10.0}, "geometry": {"type": "LineString", "coordinates": [[0.9984535479602106, 53.03416036456574], [0.9984209494999986, 53.03427529014999], [0.998510192691504, 53.03427529014999], [0.9984567760565721, 53.03416220642201]]}}, {"type": "Feature", "properties": {"depth": -10.0}, "geometry": {"type": "LineString", "coordinates": [[0.9200723434404711, 53.03410566455802], [0.9201105137609874, 53.034218748286], [0.9200450466264544, 53.03416220642201], [0.9199687226643714, 53.03410566455802], [0.9200723434404711, 53.03410566455802]]}}, {"type": "Feature", "properties": {"depth": -10.0}, "geometry": {"type": "LineString", "coordinates": [[0.9197005702036378, 53.03393603896605], [0.919816130774543, 53.03399258083004], [0.919728220529653, 53.03399258083004], [0.9196907314211373, 53.03392706008075]]}}, {"type": "Feature", "properties": {"depth": -10.0}, "geometry": {"type": "LineString", "coordinates": [[0.960570499086428, 53.03362333339157], [0.9605139572224373, 53.03369638165431], [0.960570499086428, 53.03377578552708], [0.9605869575778739, 53.03365332964609]]}}, {"type": "Feature", "properties": {"depth": -10.0}, "geometry": {"type": "LineString", "coordinates": [[0.9198603570131094, 53.03302325463079], [0.9198038151491187, 53.03308778890119], [0.9198603570131094, 53.03315224452975], [0.9198737713840873, 53.03303136914219]]}}, {"type": "Feature", "properties": {"depth": -10.0}, "geometry": {"type": "LineString", "coordinates": [[1.022427298292276, 53.03248397875658], [1.0224083555522696, 53.03263557609426], [1.0223488811248185, 53.03274865982224], [1.0223008835529377, 53.03286174355022], [1.0223362865965284, 53.03291828541421], [1.0223775706182987, 53.03280520168623], [1.0224293827064987, 53.03269211795825], [1.0224701902875528, 53.032522492366276]]}}, {"type": "Feature", "properties": {"depth": -10.0}, "geometry": {"type": "LineString", "coordinates": [[0.8985633675033079, 53.028112226975004], [0.8986184790055647, 53.02799914324702], [0.8985948537497909, 53.02788605951904], [0.8985628756860844, 53.02771643392707], [0.8985440742886079, 53.027555255213905], [0.898509326859334, 53.027433724607114], [0.8984629613862277, 53.02732064087913], [0.8984019822214815, 53.02726409901514], [0.8984069639905052, 53.027433724607114], [0.8984134169767435, 53.02760335019909], [0.8983757770449372, 53.02777297579106]]}}, {"type": "Feature", "properties": {"depth": -10.0}, "geometry": {"type": "LineString", "coordinates": [[0.8867833665785381, 53.01152815940824], [0.8869367343211082, 53.01148891896173], [0.887009534034501, 53.011532525518234], [0.8871226177624825, 53.01146037822794], [0.8872357014904638, 53.011511325336926], [0.8873487852184453, 53.01147479042687], [0.8874618689464268, 53.01150383244689], [0.8874269380660884, 53.01143237709774], [0.8875184108104175, 53.01146036484821], [0.8875749526744082, 53.01137415474803], [0.8876403544071613, 53.01143237709774], [0.8877445782663803, 53.0114250041797], [0.8879142038583525, 53.011415305869], [0.888027287586334, 53.01134271096467], [0.8881969131783061, 53.011352728026814], [0.8882871392394196, 53.01137583523375], [0.8883665387702783, 53.011399726314444], [0.888423080634269, 53.011313155969354], [0.8885239353835065, 53.01131929336976], [0.8885927062262411, 53.01135395486934], [0.8887414122165624, 53.01131929336976], [0.8888140418898365, 53.01137583523375], [0.8888754155461948, 53.01132256114261], [0.8889319574101855, 53.01124569640076], [0.889045041138167, 53.0112734675676], [0.8891581248661483, 53.01124596364863], [0.8892712085941298, 53.011275197261504], [0.8893277504581205, 53.011196326293735], [0.8894276350009537, 53.01120620964178], [0.8895160147712194, 53.01120620964178], [0.8896104597780741, 53.01115205582331], [0.8897235435060555, 53.01113807288648], [0.8898118236594379, 53.01120620964178], [0.8898931690980277, 53.01118005837041], [0.8900315507484604, 53.01120620964178], [0.8900785474854203, 53.01114966777779], [0.8900627946899998, 53.01107820366272], [0.8901495475100977, 53.01114966777779], [0.8901096481521708, 53.01126275150577], [0.8901989142963703, 53.01126275150577], [0.890232420281972, 53.01110352806044], [0.8903264905422282, 53.01114966777779], [0.8904477002354847, 53.01114966777779], [0.8905151296019256, 53.011124391208135], [0.8905915435454834, 53.011093125913796], [0.8906847551938978, 53.011053497995164], [0.8907716235470541, 53.011036584049805], [0.89079884569806, 53.011093125913796], [0.8909109226498607, 53.011036279625735], [0.8910805482418328, 53.010983717917064], [0.8911936319698143, 53.010976095567514], [0.891250173833805, 53.010855906377515], [0.8913401854853391, 53.01092350032182], [0.8914146085795076, 53.01086695845783], [0.89147421025646, 53.01092350032182], [0.8915399855345703, 53.01092350032182], [0.89164596688174, 53.01084485706352], [0.8917048984061016, 53.01081041659384], [0.8918211404920526, 53.01081041659384], [0.8918155924737122, 53.010753331469246], [0.8918817812213932, 53.01081041659384], [0.8919784236219123, 53.01075387472985], [0.8919895299203524, 53.01081041659384], [0.8920983017936658, 53.01080128497855], [0.8920982968713398, 53.01086695845783], [0.8920983017936658, 53.01099263297741], [0.8922113855216472, 53.01094208939987], [0.8923244692496287, 53.010892184068524], [0.8924375529776101, 53.010927192047994], [0.8924940948416008, 53.01084378241695], [0.8926071785695823, 53.01090690631221], [0.8927202622975637, 53.01085360397221], [0.8928301620176592, 53.01075387472985], [0.8928364953500955, 53.01081041659384], [0.8929208565254814, 53.01086695845783], [0.8929787893318065, 53.01081041659384], [0.893059513481508, 53.0107865911199], [0.8932291390734802, 53.01078107538909], [0.8932864425287262, 53.01075387472985], [0.893455306529443, 53.010767863678964], [0.8935118483934338, 53.01071562880566], [0.8935118483934338, 53.01063711887723], [0.8935683902574245, 53.01071885864933], [0.8937380158493967, 53.010712876143835], [0.8938510995773781, 53.010684262176234], [0.8939641833053595, 53.01072341038934], [0.8941338088973317, 53.01073757646678], [0.8942560157067508, 53.01069733286586], [0.8942468926253132, 53.01063202410494], [0.8943599763532946, 53.01064648226232], [0.894473060081276, 53.01063934185833], [0.8945861438092575, 53.010569997058624], [0.8946609561704326, 53.01058424913788], [0.8947813468513832, 53.01058424913788], [0.894868853129211, 53.01057177806946], [0.8949411729767832, 53.01058424913788], [0.8950844706469585, 53.01052770727389], [0.8951515624491647, 53.0105544775128], [0.8952568625508381, 53.01052770727389], [0.8953211880411368, 53.01048647807927], [0.8954342717691183, 53.010455844517224], [0.8955473554970997, 53.010499210677644], [0.8956604392250812, 53.01046370138495], [0.8958062526373702, 53.010414623545905], [0.895886606681044, 53.010427841386075], [0.8959996904090255, 53.010382791906615], [0.8960618237600327, 53.010358081681915], [0.8961693160009977, 53.010323793723344], [0.8962535532262099, 53.010358081681915], [0.8962858956389398, 53.010301539817924], [0.8963679600862816, 53.010358081681915], [0.8964457245843827, 53.010414623545905], [0.896508567184942, 53.01036206947103], [0.8965904777347039, 53.010358081681915], [0.8966221781293933, 53.010414623545905], [0.8967266169940373, 53.010358081681915], [0.8968113574608207, 53.010358081681915], [0.896904360232877, 53.010384860331484], [0.8970174439608585, 53.0103318906061], [0.8971294869073102, 53.01024499795393], [0.8971870695528306, 53.01027588935803], [0.8972652136402365, 53.01024499795393], [0.8973566951448028, 53.010226711607366], [0.8974285172286297, 53.01024499795393], [0.8974815615794521, 53.01018845608994], [0.8975828626007657, 53.01017382086637], [0.8976403450222701, 53.01018845608994], [0.897699741984319, 53.01013191422595], [0.8978090300567285, 53.01019931961154], [0.8978655719207193, 53.01010931072869], [0.8979477903306577, 53.01013191422595], [0.8980807770400464, 53.01013191422595], [0.8981311154575098, 53.01007537236196], [0.8982066418549632, 53.01007537236196], [0.8982891960213675, 53.01013191422595], [0.89836080791909, 53.01007537236196], [0.8984309905606265, 53.010074557225174], [0.8985176890199718, 53.01007537236196], [0.8986404460925574, 53.01001883049797], [0.89871369988058, 53.01003253600334], [0.8988267836085615, 53.00996917137496], [0.8988833254725522, 53.010081520438455], [0.8989336133231997, 53.00996228863398], [0.8990058370827712, 53.00996228863398], [0.8991660347925058, 53.00998300874406], [0.8992791185204873, 53.010036701421654], [0.899335660384478, 53.00994011331032], [0.8993922022484687, 53.01002859032106], [0.8994487441124595, 53.00994918343914], [0.8995111465441471, 53.00990574676999], [0.8996183697044315, 53.00998660116561], [0.8997267995683307, 53.00996228863398], [0.8997879952964037, 53.00990748662634], [0.8999010790243852, 53.00989349208559], [0.9000141627523667, 53.00992467312854], [0.900111172479259, 53.00990574676999], [0.9001837883443388, 53.009892623442134], [0.900353413936311, 53.009851201637574], [0.9005230395282832, 53.00985519794996], [0.9006099493250835, 53.009849204906], [0.9006926651202553, 53.00983044988838], [0.9008057488482367, 53.00986821168589], [0.9009030592697694, 53.009849204906], [0.9009753744402089, 53.00984024713969], [0.9010319163041995, 53.00991056687336], [0.9010884581681903, 53.00980651768738], [0.9011602456446788, 53.009792663042006], [0.9012235990170883, 53.009849204906], [0.9012580837601625, 53.00974027064598], [0.9012613352615432, 53.009736121178015], [0.9013711674881439, 53.009733771695316], [0.9014842512161254, 53.00975348936671], [0.9015738468204831, 53.009736121178015], [0.9016495465750348, 53.009679579314025], [0.90171308930911, 53.009679579314025], [0.9018235024000697, 53.00966831271501], [0.9018800442640604, 53.00974124539049], [0.9019365861280512, 53.00967552751138], [0.9020051016958117, 53.009623037450034], [0.9020510996278587, 53.009679579314025], [0.902162753584014, 53.009686665534545], [0.9022758373119955, 53.009646035833356], [0.9023565582781526, 53.009679579314025], [0.9024454629039677, 53.009606966555125], [0.9025263517904663, 53.009623037450034], [0.9026150884959397, 53.009667284789586], [0.9027281722239212, 53.00962000297176], [0.9027876241659428, 53.009623037450034], [0.9028560007491585, 53.00956649558604], [0.9029115361255143, 53.009623037450034], [0.9029940947628632, 53.00956649558604], [0.9030595952782194, 53.00950995372205], [0.9031173650398081, 53.00956649558604], [0.9031747711283317, 53.00950995372205], [0.9032370489998377, 53.00955616411194], [0.9033501327278192, 53.00949758148073], [0.9034353347444122, 53.00950995372205], [0.9035197583197913, 53.00954776214554], [0.9036328420477727, 53.009483420033625], [0.9037318759408047, 53.00956649558604], [0.9037675944383547, 53.00950995372205], [0.9038590095037357, 53.009549586011914], [0.9039474831015485, 53.00950995372205], [0.9040286350957077, 53.009507051406466], [0.904096315473874, 53.00945341185806], [0.904144481713492, 53.00950995372205], [0.904261845680459, 53.00945341185806], [0.9043185831683428, 53.00939686999407], [0.9043758979213005, 53.00945341185806], [0.9044809700076335, 53.009493798979655], [0.9045656102461133, 53.00945341185806], [0.9046505955996057, 53.009436291793314], [0.9047636793275872, 53.00937243775051], [0.9048513407792238, 53.00939686999407], [0.9049333049195593, 53.00942263195673], [0.9050129266352077, 53.00939686999407], [0.9051006029841615, 53.00934032813008], [0.9051095122216991, 53.00939686999407], [0.9051784837822486, 53.00945341185806], [0.9052725561035037, 53.00938526793468], [0.905385639831485, 53.00940715069386], [0.9054491712526127, 53.00939686999407], [0.9055012191420485, 53.00945341185806], [0.905611807287448, 53.009366703551784], [0.9056853496065274, 53.00939686999407], [0.9058379747434108, 53.00934966006931], [0.9059510584713922, 53.00932509739928], [0.9060301149097372, 53.00934032813008], [0.9060662316290631, 53.00928378626609], [0.9061206840633644, 53.00939934061154], [0.9061772259273552, 53.00929447261126], [0.9062373079870042, 53.00928378626609], [0.9062903096553365, 53.00940135105972], [0.9063194318195855, 53.00928378626609], [0.9063570738977563, 53.0092272444021], [0.9064476637302595, 53.00928378626609], [0.9065164771112995, 53.009303341724184], [0.9065867357030084, 53.00934032813008], [0.9066861027032717, 53.009250866590726], [0.9067883584645666, 53.00928378626609], [0.9068557282952437, 53.00931894315402], [0.9069411754480453, 53.00928378626609], [0.90699252616862, 53.00934032813008], [0.9070818957512067, 53.00925295639908], [0.9071544715074501, 53.00928378626609], [0.9072189429212593, 53.0092272444021], [0.9073080632071695, 53.009188458670195], [0.907421146935151, 53.00924824897008], [0.9074968275123008, 53.00917070253811], [0.9076473143911139, 53.00912795482272], [0.9077215790181657, 53.009114160674116], [0.907816939983086, 53.0090855808616], [0.9079300237110675, 53.00914713328158], [0.908000454756765, 53.009114160674116], [0.9080996493030397, 53.009090620560016], [0.9082029479944337, 53.00917070253811], [0.9082692748950117, 53.009230407893625], [0.9083258167590025, 53.00914523396718], [0.908438900486984, 53.00922310422254], [0.9085128652463734, 53.00917070253811], [0.9086085260789561, 53.00924585589304], [0.9087089873956911, 53.00917070253811], [0.9087781516709282, 53.00917517641971], [0.9088912353989097, 53.00915064064031], [0.9089686887528649, 53.009114160674116], [0.9090767924657609, 53.009114160674116], [0.9091187042038382, 53.009057618810125], [0.9091821968297201, 53.009114160674116], [0.9093357797608482, 53.009057618810125], [0.9094001121748262, 53.00909194432129], [0.9095131959028077, 53.00903858047015], [0.9096002020256636, 53.009057618810125], [0.9097393633587705, 53.00904559709623], [0.909812423112758, 53.009001076946134], [0.9099655308147334, 53.00903298432303], [0.9100786145427149, 53.00895134177206], [0.9101566622875152, 53.009001076946134], [0.9103047819986777, 53.00894537286908], [0.9104178657266592, 53.00901122964581], [0.9104744075906499, 53.008926997495735], [0.9105874913186314, 53.00896292150415], [0.9107005750466127, 53.00890588428688], [0.9107718008952653, 53.00894453508215], [0.9108702006385849, 53.00888126031458], [0.9109649710159787, 53.00888799321816], [0.9110930101530681, 53.00883145135417], [0.9111529099585385, 53.00884482144877], [0.91126599368652, 53.00883025810501], [0.9113647222617429, 53.00883145135417], [0.9114356192784921, 53.00884246547396], [0.9115487030064736, 53.00878061721525], [0.911661786734455, 53.00883694864324], [0.9117183285984457, 53.00894775141347], [0.9117445400109052, 53.00883145135417], [0.9118363973226611, 53.00883145135417], [0.9119444960544086, 53.008890331808104], [0.9119436826759645, 53.00883145135417], [0.9120038780300603, 53.00883145135417], [0.9121141216463807, 53.00880652374437], [0.9122272053743622, 53.008880710180584], [0.912299814723434, 53.00883145135417], [0.9123968309663344, 53.008801312542055], [0.9124670711260668, 53.00877490949018], [0.9126111868232003, 53.00877490949018], [0.9127360821502787, 53.00876862231192], [0.9128293931880413, 53.00871836762619], [0.9129057077422509, 53.00871046227042], [0.9130187914702322, 53.008749812632516], [0.9131318751982137, 53.00869858394448], [0.9133015007901859, 53.00866827843986], [0.9134145845181674, 53.008637686268436], [0.9134838427204912, 53.008605283898206], [0.9135842101101395, 53.00858555314358], [0.9137538357021117, 53.008549046820036], [0.9138168120834653, 53.008605283898206], [0.9139234612940839, 53.008544596724064], [0.9139800031580745, 53.008622993540634], [0.9140365450220652, 53.0085351899194], [0.9141246656957209, 53.008605283898206], [0.9141498364514365, 53.008661825762196], [0.9142587670913307, 53.008548742034215], [0.9142839132460453, 53.008605283898206], [0.9143757962060096, 53.00856557469286], [0.9144323380700004, 53.00866847814374], [0.914488879933991, 53.00859926991938], [0.9145454217979817, 53.00869221400825], [0.9146430923882077, 53.008605283898206], [0.9147150473899539, 53.00862717739213], [0.9148281311179354, 53.00855134678398], [0.9149060719550854, 53.008605283898206], [0.9149977567099075, 53.00861319471802], [0.9151047130914653, 53.008548742034215], [0.9151673823018797, 53.00856941487916], [0.9152804660298611, 53.00851812501057], [0.9154006353996543, 53.008492200170224], [0.9155587628030492, 53.00843565830623], [0.9156762590777962, 53.00840349713217], [0.9157893428057776, 53.00835578185168], [0.915902426533759, 53.0083124468469], [0.915968227806617, 53.00832257457825], [0.9161272317105493, 53.00832257457825], [0.9161646113277598, 53.00826603271426], [0.9162687915161666, 53.00826603271426], [0.9163547614456848, 53.008235982908154], [0.9164223961622753, 53.00820949085027], [0.9165052415806529, 53.00815294898628], [0.916551433735528, 53.00820949085027], [0.9165890347011985, 53.00826603271426], [0.916609648341436, 53.00809640712229], [0.9166717780849518, 53.00815294898628], [0.9167189400550677, 53.00809640712229], [0.9168070963576106, 53.00802903671159], [0.9169070845554509, 53.0080398652583], [0.9169480354568229, 53.00809640712229], [0.9170040146582364, 53.00820949085027], [0.9170489536977009, 53.00815294898628], [0.9171285756735246, 53.00809640712229], [0.917178153815568, 53.00820949085027], [0.917242995728319, 53.00815294898628], [0.9172966383177857, 53.00809640712229], [0.9173725149975177, 53.008164251907694], [0.9174080618416036, 53.0080398652583], [0.917432142343586, 53.007983323394306], [0.9174925030665119, 53.00809640712229], [0.9175479749419856, 53.00815294898628], [0.9175986824534806, 53.0080858759607], [0.9176168281206744, 53.0080398652583], [0.9177683080454528, 53.00806481122565], [0.9178667612748471, 53.00809640712229], [0.9179379336374249, 53.008147690609974], [0.9180510173654064, 53.00805080110588], [0.9181344293960548, 53.00809640712229], [0.9181071831653109, 53.007983323394306], [0.9181641010933879, 53.00803911379983], [0.9182603586697242, 53.0080398652583], [0.9183325797992314, 53.00809640712229], [0.9183561272635398, 53.0080398652583], [0.91839743072052, 53.007983323394306], [0.9184695533831575, 53.0080398652583], [0.9185211371215191, 53.007983323394306], [0.9186164360053136, 53.00797563714299], [0.9186892304443913, 53.007926781530315], [0.9187860615972857, 53.007915460656235], [0.9188991453252672, 53.007840026456556], [0.9189556871892579, 53.00775096798056], [0.9190122290532486, 53.007830124251335], [0.919124860930112, 53.00775715593834], [0.9191276608297267, 53.00770061407435], [0.9192383965092115, 53.00780305496048], [0.9193514802371929, 53.00770289053416], [0.9193475562625908, 53.00764407221036], [0.9194080221011837, 53.00766218268359], [0.9194645639651744, 53.00780540036656], [0.9194933045057707, 53.00764407221036], [0.9195211058291651, 53.00749572969395], [0.9195963675695576, 53.00758753034637], [0.9196341895571466, 53.00774133784974], [0.9196437526522988, 53.00758753034637], [0.919747273285128, 53.007639925727645], [0.919747273285128, 53.00749784875211], [0.9196434567446574, 53.00747444661839], [0.9196341895571466, 53.007457073426735], [0.9196341895571466, 53.00733878854666], [0.9195217345219897, 53.007304821026416], [0.9195211058291651, 53.00746039478536], [0.9195200053345056, 53.007304821026416], [0.9194080221011837, 53.00720057957114], [0.9193024356429906, 53.007191737298434], [0.9192383965092115, 53.00717118872597], [0.919146513550775, 53.007135195434444], [0.9191130113957453, 53.007191737298434], [0.9189556871892579, 53.007163913500385], [0.9187860615972857, 53.007163613997285], [0.9187002691919546, 53.00707865357045], [0.9186364890100589, 53.007135195434444], [0.918584483114404, 53.00707865357045], [0.9185033522773322, 53.00699501741212], [0.9184468104133414, 53.007110992527814], [0.9183902685493507, 53.006979612791405], [0.91833372668536, 53.007117331884146], [0.9182537994217522, 53.00702211170646], [0.9181641010933879, 53.00706613288766], [0.9180873150731661, 53.00702211170646], [0.9179944755014157, 53.00698163642575], [0.9179263204124233, 53.00702211170646], [0.9178604723789469, 53.00696556984247], [0.917819954388984, 53.00702211170646], [0.9177117661814621, 53.00702914302759], [0.9175986824534806, 53.00700316162213], [0.9175423515218489, 53.007135195434444], [0.9175315552195729, 53.00707865357045], [0.9174290568615084, 53.007008868505125], [0.9173770896100151, 53.007135195434444], [0.9173573660123194, 53.00707865357045], [0.9172594312695364, 53.007118393939365], [0.9171796925247565, 53.00707865357045], [0.9170332638135734, 53.0071167988974], [0.9169058825286162, 53.007135195434444], [0.9168070963576106, 53.007084061542045], [0.9166940126296291, 53.0071490017941], [0.9166374707656384, 53.007066586900656], [0.9165809289016477, 53.00715534946424], [0.9164928976929753, 53.007135195434444], [0.916383373224947, 53.007135195434444], [0.9163503326547644, 53.00707865357045], [0.9162982195816941, 53.00719572260791], [0.9162416777177034, 53.00713499683757], [0.9161763683715188, 53.007191737298434], [0.9160942612286816, 53.007135195434444], [0.9160342734011674, 53.007191737298434], [0.915927517819625, 53.007191737298434], [0.9158673071242697, 53.007248279162425], [0.9158033763224703, 53.007191737298434], [0.9157328009417869, 53.00724200473445], [0.9156197172138054, 53.00716194380102], [0.9155117037279498, 53.007191737298434], [0.9154500916218332, 53.007217977938446], [0.9153935497578425, 53.00712755410031], [0.9153461151104064, 53.007248279162425], [0.9152804660298611, 53.00719404429184], [0.9151896666281594, 53.007248279162425], [0.9151108404378889, 53.00726626479284], [0.9150136321363118, 53.007248279162425], [0.9149840436720813, 53.007304821026416], [0.9148915162221103, 53.007191737298434], [0.9148450749885849, 53.007248279162425], [0.9148117315481508, 53.007304821026416], [0.9147180695468689, 53.007191737298434], [0.9146968668820388, 53.007248279162425], [0.9146275816219839, 53.007304821026416], [0.9145454217979817, 53.00720386239237], [0.9144931083811997, 53.00736136289041], [0.9144323380700004, 53.00730791778052], [0.9143851453373795, 53.007191737298434], [0.9143650030561346, 53.007248279162425], [0.9142659808262523, 53.00736136289041], [0.9141859470698374, 53.00736136289041], [0.9141394607445432, 53.007304821026416], [0.914093086886056, 53.00742602139817], [0.9140554206756094, 53.007304821026416], [0.9139800031580745, 53.0073178935167], [0.9139234612940839, 53.007454630500106], [0.9138669194300931, 53.0073066315715], [0.9137811376792896, 53.0074179047544], [0.9136972938381209, 53.00739632536588], [0.9136158323688295, 53.0074179047544], [0.9135798796052885, 53.00736136289041], [0.913471126382158, 53.00743453890666], [0.9134123450588496, 53.00747444661839], [0.9132816855074513, 53.0074179047544], [0.9132275968108889, 53.00736136289041], [0.9131547820362688, 53.0074179047544], [0.9131027836217034, 53.00747444661839], [0.9130187914702322, 53.00744979450799], [0.9129374454913862, 53.0074179047544], [0.9129057077422509, 53.00753362794562], [0.9128202791567757, 53.00747444661839], [0.9127360821502787, 53.0075255172123], [0.9126229984222972, 53.007543701205336], [0.9125332620807528, 53.00747444661839], [0.9124764232357632, 53.00753098848238], [0.9123968309663344, 53.00748481885636], [0.9122837472383529, 53.00755255660883], [0.9122041490615668, 53.00753098848238], [0.9121599522009646, 53.00758753034637], [0.91205757978239, 53.00751269588164], [0.9120010379183994, 53.00762169718486], [0.9119260660200287, 53.00758753034637], [0.9118854985383298, 53.00764407221036], [0.9118298964159185, 53.00758753034637], [0.9117638241996402, 53.00764407221036], [0.911661786734455, 53.00767675730052], [0.9115768077513177, 53.00764407221036], [0.9114921611424829, 53.00762980535569], [0.9114356192784921, 53.00772102443682], [0.911340711655619, 53.00770061407435], [0.9112099956064219, 53.00770061407435], [0.9111529099585385, 53.007756068361665], [0.9110834888044022, 53.00770061407435], [0.9110343876770106, 53.00775715593834], [0.9109441628596668, 53.00770061407435], [0.9108702006385849, 53.00776440430501], [0.9108136587745942, 53.007658220661355], [0.9107571169106035, 53.00776692929084], [0.910644033182622, 53.00773757480119], [0.9105309494546406, 53.00778910404297], [0.9104368337374447, 53.00775715593834], [0.9103193681428137, 53.00775715593834], [0.9102856913152286, 53.007813697802334], [0.9101916982706962, 53.007771307950506], [0.9100786145427149, 53.007840376328126], [0.9100073930081812, 53.007813697802334], [0.9099655308147334, 53.00792743988963], [0.9098661367120954, 53.007870239666325], [0.9098200781955263, 53.007926781530315], [0.9097245519164365, 53.007926781530315], [0.9096696940573198, 53.007870239666325], [0.9095697377667984, 53.007950939609785], [0.9094820311476446, 53.007926781530315], [0.9094287835996777, 53.007983323394306], [0.9093083341395294, 53.007983323394306], [0.9092213572491442, 53.007983323394306], [0.9091393545055468, 53.0080398652583], [0.9091121894232789, 53.007983323394306], [0.9090043191268912, 53.0080227237892], [0.9089013017078826, 53.007983323394306], [0.908834693534919, 53.00808404976136], [0.9087781516709282, 53.007973181003244], [0.9087370337564727, 53.00809640712229], [0.9087035652890796, 53.0080398652583], [0.9086348270703261, 53.00809640712229], [0.9085961440251051, 53.00815294898628], [0.9085440161257469, 53.0080398652583], [0.9084937968689409, 53.007983323394306], [0.9084954423509747, 53.008133099437835], [0.9084954423509747, 53.008209669987544], [0.9084221379223155, 53.00815294898628], [0.9083823586229932, 53.008029232029905], [0.9083349970143767, 53.00815294898628], [0.9083239903582654, 53.00820949085027], [0.9082692748950117, 53.00807888351359], [0.9081561911670304, 53.008116278498406], [0.908091926516617, 53.00815294898628], [0.9079865655750582, 53.008084335862215], [0.907936207812685, 53.00820949085027], [0.9079284546920675, 53.00815294898628], [0.907816939983086, 53.008197171383486], [0.9077406630939576, 53.00815294898628], [0.9076628588085857, 53.00809640712229], [0.9076220839435405, 53.00815294898628], [0.9075907725271232, 53.00831395284412], [0.9075342306631324, 53.00818562460102], [0.9074826403225009, 53.00832257457825], [0.9074674392340878, 53.00837911644224], [0.9073646050711602, 53.008389548565575], [0.9072720858837225, 53.00832257457825], [0.9072515213431789, 53.00820433555735], [0.907175341307177, 53.00826603271426], [0.9071949794791881, 53.008346780103494], [0.9070818957512067, 53.00829905219474], [0.9070135520593253, 53.00826603271426], [0.9069688120232252, 53.00839844230352], [0.9068557282952437, 53.00832697672208], [0.906799186431253, 53.00822579466654], [0.9066861027032717, 53.0083207132861], [0.9065765420680502, 53.00837911644224], [0.9065164771112995, 53.00834200986058], [0.906429294722085, 53.00832257457825], [0.9063916948606338, 53.00837911644224], [0.9063161700260893, 53.00832257457825], [0.9062362631555868, 53.00843565830623], [0.9062328823399, 53.008492200170224], [0.9061772259273552, 53.008355431266835], [0.9060801092029896, 53.00843565830623], [0.906028980618157, 53.008492200170224], [0.9059726649734852, 53.00837911644224], [0.9059180893166822, 53.00843565830623], [0.9058625895432817, 53.008548742034215], [0.9057814328794201, 53.008492721766025], [0.9056753185272497, 53.008492200170224], [0.9056539270820397, 53.008548742034215], [0.9055724071816457, 53.00843565830623], [0.9055279146053905, 53.008492200170224], [0.9054891847885671, 53.008548742034215], [0.905385639831485, 53.00845818509835], [0.9053519460105814, 53.008605283898206], [0.9052725561035037, 53.00856281835677], [0.9051704464778576, 53.008548742034215], [0.9051440296898083, 53.008605283898206], [0.9050182393569465, 53.008605283898206], [0.9049333049195593, 53.008550590860104], [0.9048667004680995, 53.008548742034215], [0.9048075079080652, 53.008605283898206], [0.9047071374635964, 53.00862378852877], [0.904594053735615, 53.008586698364205], [0.9044809700076335, 53.00860639433048], [0.9044225189608037, 53.008661825762196], [0.9043113444156614, 53.00858073709923], [0.9042548025516707, 53.008670044089605], [0.9041982606876799, 53.00859802358085], [0.9041417188236892, 53.00866426225976], [0.9040527680069712, 53.008661825762196], [0.903972093231717, 53.00865748222177], [0.9039155513677263, 53.008718671772904], [0.9038024676397449, 53.008675083838746], [0.9037340049110171, 53.008661825762196], [0.9036328420477727, 53.0087312023295], [0.9035197583197913, 53.008780101700026], [0.9034105924164244, 53.00871836762619], [0.9033501327278192, 53.00875671772982], [0.9032911006360395, 53.00877490949018], [0.9032163775041435, 53.00871836762619], [0.9031309766741846, 53.00883145135417], [0.9030827782350044, 53.00877490949018], [0.9030297721447649, 53.00883145135417], [0.902950673499515, 53.00883145135417], [0.9028412559519027, 53.00886997019894], [0.9027281722239212, 53.00889400367913], [0.9026716303599305, 53.00880763846729], [0.9025966030770327, 53.00888799321816], [0.9025473979785925, 53.00894453508215], [0.9025183063137975, 53.00877490949018], [0.9025015670349825, 53.00871836762619], [0.9024589397324798, 53.00888799321816], [0.902366815917751, 53.00888799321816], [0.9022758373119955, 53.00890498551962], [0.9022192954480047, 53.00881594977213], [0.902162753584014, 53.00890587014783], [0.9021062117200233, 53.00883115703413], [0.9020496698560325, 53.008909758811015], [0.9019409123422724, 53.00888799321816], [0.9018800442640604, 53.00886520932319], [0.901766960536079, 53.008907274160045], [0.9017104186720882, 53.0088302454498], [0.9016538768080975, 53.00892374279334], [0.9015973349441068, 53.00881936448302], [0.901540793080116, 53.00889554712316], [0.9014767311008351, 53.00894453508215], [0.9013711674881439, 53.008947105479095], [0.9013010950071247, 53.009001076946134], [0.9012303719286947, 53.00894453508215], [0.901145000032181, 53.00902217534294], [0.9011623204604668, 53.00894453508215], [0.9010884581681903, 53.00888780098762], [0.9010484170888422, 53.009001076946134], [0.9010298823171995, 53.009057618810125], [0.9009510538621832, 53.00894453508215], [0.9008888276974378, 53.009001076946134], [0.9007608785062575, 53.009057618810125], [0.9006376431281717, 53.009114160674116], [0.9006361232562645, 53.00911009990013], [0.9005795813922738, 53.0090421471152], [0.9005230395282832, 53.00911783212687], [0.9004664976642924, 53.009038330129464], [0.9003720196860621, 53.009114160674116], [0.9002968720723202, 53.009094193617166], [0.9001837883443388, 53.00913683580163], [0.900077727676343, 53.009114160674116], [0.9000141627523667, 53.00909497226563], [0.8999320504627855, 53.009057618810125], [0.8998980839389082, 53.009114160674116], [0.8997879952964037, 53.00912131950221], [0.8997014552237872, 53.009114160674116], [0.8996213034819176, 53.009057618810125], [0.8995783105572511, 53.009114160674116], [0.8995052859764502, 53.00910181748355], [0.899335660384478, 53.00910459683917], [0.8992406106251716, 53.00917070253811], [0.8991398343172368, 53.00917070253811], [0.8990634908121179, 53.0092272444021], [0.8989964092005337, 53.00918922292797], [0.8988879181683364, 53.00928378626609], [0.8988827326018053, 53.0092272444021], [0.898798337906388, 53.00928378626609], [0.89871369988058, 53.00925100301738], [0.8986144850622295, 53.00928378626609], [0.8985525834960253, 53.00934032813008], [0.8984733143862194, 53.00934032813008], [0.8984086412102702, 53.00928378626609], [0.898317906832645, 53.00927028067667], [0.8982194340014742, 53.00934032813008], [0.8981482812406729, 53.00931938460075], [0.8980581877614052, 53.00928378626609], [0.8980351975126915, 53.00944109716841], [0.8979786556487007, 53.00930334773335], [0.8978923614214368, 53.00939686999407], [0.8978418524469673, 53.00934032813008], [0.8978039560215022, 53.00928378626609], [0.8977524881927378, 53.00941612942604], [0.897695946328747, 53.00934775554062], [0.8976394044647564, 53.00933877336236], [0.8975955098710989, 53.00945341185806], [0.897526320736775, 53.00942197076966], [0.8974697788727842, 53.00933930782011], [0.8974583139887289, 53.00945341185806], [0.8974126353438097, 53.00950995372205], [0.8973139283382441, 53.00945341185806], [0.8972963185988901, 53.00950995372205], [0.8971870695528306, 53.00942839978673], [0.897094745785689, 53.00950995372205], [0.8970340370076101, 53.00945341185806], [0.8969717891528768, 53.00950995372205], [0.8969587289376086, 53.00956649558604], [0.896897175056717, 53.00950995372205], [0.8967912765048955, 53.009499649175424], [0.8967256375665624, 53.00956649558604], [0.8966189577497388, 53.00956649558604], [0.8964520253209513, 53.00954492040997], [0.8962914318223505, 53.00956649558604], [0.8962258578649884, 53.009554556131526], [0.8961571147758713, 53.00950995372205], [0.8960918795111255, 53.00956649558604], [0.89604373650188, 53.00950995372205], [0.8959799526997774, 53.00956649558604], [0.895886606681044, 53.00960496540535], [0.8957745601808906, 53.00956649558604], [0.8957169810890719, 53.009540032333874], [0.8956038973610905, 53.00958337223485], [0.895544116535434, 53.009623037450034], [0.8954342717691183, 53.00956495635392], [0.8953361566631839, 53.009623037450034], [0.8952646461771462, 53.00957176246074], [0.8951515624491647, 53.00964914614487], [0.8950742683634944, 53.009623037450034], [0.8950265979285851, 53.009679579314025], [0.8949755911564998, 53.009623037450034], [0.8948313522748531, 53.009623037450034], [0.8947557694012297, 53.00967501906551], [0.8946426856732482, 53.009602127867], [0.8945296019452668, 53.0096600473662], [0.8944272017121802, 53.009736121178015], [0.8943599763532946, 53.00968418151941], [0.8942740676918175, 53.009736121178015], [0.8941903507613225, 53.009757045370414], [0.8941078305500408, 53.009792663042006], [0.8939641833053595, 53.00977937739993], [0.8938510995773781, 53.009835280166314], [0.89378065943743, 53.009792663042006], [0.8936249321214152, 53.00982790372225], [0.8935634132915187, 53.009792663042006], [0.893455306529443, 53.0098772176655], [0.893383451165482, 53.00990574676999], [0.893285680937471, 53.00992106565272], [0.8932120765788698, 53.00990574676999], [0.8931160553454988, 53.00989089231237], [0.8930270849854531, 53.00990574676999], [0.8929464297535266, 53.00993583897772], [0.8928360945616579, 53.00990574676999], [0.892729043033325, 53.00996228863398], [0.892663720433573, 53.00991974289098], [0.8925506367055915, 53.009963641532956], [0.8924375529776101, 53.00996116507879], [0.8923285324606959, 53.00996228863398], [0.8922898950266605, 53.01001883049797], [0.8922113855216472, 53.00998217145141], [0.8921175594076193, 53.01001883049797], [0.892041759929675, 53.01004343326887], [0.8918984715654339, 53.01001883049797], [0.8918344701687346, 53.01007537236196], [0.8917590506097215, 53.01006503631227], [0.8916525332731414, 53.01007537236196], [0.8915894250177493, 53.01010333731113], [0.8914763412897678, 53.01014187647539], [0.8913970948050839, 53.01013191422595], [0.8912639311377534, 53.01018845608994], [0.8911936319698143, 53.01016196510094], [0.8910736768972083, 53.01018845608994], [0.8909674645138514, 53.01015366192897], [0.8908644410708684, 53.01018845608994], [0.8907978389218792, 53.01022690197586], [0.8906847551938978, 53.01017506774482], [0.890628213329907, 53.01021572303028], [0.8906149100125202, 53.01024499795393], [0.8905151296019256, 53.01016489858841], [0.890458587737935, 53.010249953535485], [0.8903502812936509, 53.01024499795393], [0.8902848893241547, 53.01024499795393], [0.8901717438509501, 53.01024499795393], [0.8900627946899998, 53.01023010175632], [0.8899503269784204, 53.010301539817924], [0.889912780717681, 53.01024499795393], [0.8898450590489134, 53.010301539817924], [0.8897800853700463, 53.01025464333312], [0.8897214423757377, 53.01024499795393], [0.8896467375944976, 53.010301539817924], [0.8895539179140833, 53.01022497111749], [0.889440834186102, 53.01026479615005], [0.8893596443311819, 53.01024499795393], [0.8893181815471791, 53.010301539817924], [0.889214666730139, 53.010240758763196], [0.8891581248661483, 53.01032749649029], [0.8890319552882671, 53.010358081681915], [0.8889394282324892, 53.010301539817924], [0.8888932518734204, 53.010358081681915], [0.8888439241569497, 53.010301539817924], [0.8887623318182133, 53.010331922753785], [0.888668617717737, 53.010301539817924], [0.8885927062262411, 53.01028279651802], [0.8885361643622505, 53.01036869224405], [0.8884372362043721, 53.010358081681915], [0.8883099969062875, 53.01037968979715], [0.8882264227688167, 53.010358081681915], [0.8880838294503247, 53.010392193545535], [0.8879620929989854, 53.010414623545905], [0.8879116962529093, 53.010471165409896], [0.887801120130371, 53.010485371502774], [0.8877445782663803, 53.01039947325188], [0.8876837198451254, 53.010471165409896], [0.8875749526744082, 53.01046138468367], [0.8874618689464268, 53.01050348447976], [0.8873487852184453, 53.01056713360294], [0.8872357014904638, 53.010521615499066], [0.8871226177624825, 53.01057611660373], [0.887052697467443, 53.01052770727389], [0.8869529921705103, 53.01059102875987], [0.8868399084425288, 53.01057543217252], [0.8866724883824909, 53.01052770727389], [0.8866247096692664, 53.01058424913788], [0.8865320394076563, 53.01058424913788], [0.8864441153945938, 53.01058913396159], [0.8862754186007094, 53.01064079100187], [0.8862179479386308, 53.01061616985455]]}}, {"type": "Feature", "properties": {"depth": -10.0}, "geometry": {"type": "LineString", "coordinates": [[0.8848044013388628, 53.008747981274134], [0.8849174850668443, 53.00871824844453], [0.8850871106588165, 53.00870008046799], [0.8852567362507886, 53.00867076525154], [0.8853698199787701, 53.008655297269705], [0.8855394455707423, 53.008616128496385], [0.8856525292987237, 53.00859138692093], [0.8858221548906958, 53.00856883817749], [0.885991780482668, 53.008571646726836], [0.8861048642106495, 53.00854682827931], [0.8861942399960446, 53.00843565830623], [0.8862744898026216, 53.00834945820544], [0.886387573530603, 53.00830493983919], [0.8865571991225752, 53.00828294365], [0.8866702828505566, 53.00824762738233], [0.886676345624581, 53.00809640712229], [0.8866532180337989, 53.00815294898628], [0.8865304540579739, 53.00815294898628], [0.886613740986566, 53.00808665221933], [0.8867268247145473, 53.007997783815554], [0.8868576250224697, 53.0080398652583], [0.8869529921705103, 53.008147724524385], [0.8870515826065491, 53.00820949085027], [0.887127038230993, 53.00820949085027], [0.8872922433544546, 53.00817191773999], [0.8873487852184453, 53.00813586359241], [0.8872922433544546, 53.00805433082284], [0.8873487852184453, 53.007934839693206], [0.8874618689464268, 53.00800107915357], [0.8875749526744082, 53.00795180856095], [0.8876880364023896, 53.00792608873146], [0.887801120130371, 53.00794337677836], [0.887801120130371, 53.00786454983]]}}, {"type": "Feature", "properties": {"depth": -10.0}, "geometry": {"type": "LineString", "coordinates": [[0.8859335280957856, 53.0080398652583], [0.8860483223466588, 53.00809473403223], [0.885991780482668, 53.00813293825105], [0.8858535848513219, 53.00809640712229]]}}, {"type": "Feature", "properties": {"depth": -10.0}, "geometry": {"type": "LineString", "coordinates": [[0.8871694943097017, 53.007870239666325], [0.8872357014904638, 53.007972966179985], [0.8872017076739569, 53.0080398652583], [0.8871226177624825, 53.00812656218621], [0.8870660758984917, 53.00809234014011], [0.8871791596264731, 53.007991761620225], [0.8871226177624825, 53.00795154338313]]}}, {"type": "Feature", "properties": {"depth": -10.0}, "geometry": {"type": "LineString", "coordinates": [[0.8881840055858353, 53.007813697802334], [0.8882534550422968, 53.00789122206725], [0.8883872898335646, 53.007870239666325], [0.888423080634269, 53.00779693002461]]}}, {"type": "Feature", "properties": {"depth": -10.0}, "geometry": {"type": "LineString", "coordinates": [[0.9207650268369609, 53.007184690375716], [0.9207160800208721, 53.007304821026416], [0.9207084849729702, 53.00736155498652], [0.9207650268369609, 53.0075076543279], [0.9207924134687978, 53.00736136289041], [0.9207759038887857, 53.007191737298434]]}}, {"type": "Feature", "properties": {"depth": -10.0}, "geometry": {"type": "LineString", "coordinates": [[0.9212739036128774, 53.007218556857175], [0.9212207925507865, 53.00736136289041], [0.921302154052473, 53.0074179047544], [0.9212872092714935, 53.007248279162425]]}}, {"type": "Feature", "properties": {"depth": -10.0}, "geometry": {"type": "LineString", "coordinates": [[0.9214435292048496, 53.007209977539496], [0.9213713428046635, 53.007304821026416], [0.9213971217586443, 53.00736136289041], [0.9214824902734494, 53.007248279162425]]}}, {"type": "Feature", "properties": {"depth": -10.0}, "geometry": {"type": "LineString", "coordinates": [[0.9210477361569146, 53.007090711741434], [0.921030829053056, 53.007248279162425], [0.9210671908037731, 53.007304821026416], [0.9210538791593231, 53.007135195434444]]}}, {"type": "Feature", "properties": {"depth": -10.0}, "geometry": {"type": "LineString", "coordinates": [[0.9196341895571466, 53.007078339021476], [0.9195776476931559, 53.00718939666726], [0.9195087229702218, 53.007135195434444], [0.9194645639651744, 53.00724411042718], [0.9195739019963235, 53.007248279162425], [0.9196907314211373, 53.00722005476261], [0.9197870394800861, 53.007248279162425], [0.9197334720668494, 53.007135195434444], [0.9196341895571466, 53.007078339021476]]}}, {"type": "Feature", "properties": {"depth": -10.0}, "geometry": {"type": "LineString", "coordinates": [[0.9201996081970537, 53.00701538982302], [0.9201981382199519, 53.007135195434444], [0.9202582000581261, 53.007135195434444], [0.920206980822606, 53.00702211170646]]}}, {"type": "Feature", "properties": {"depth": -10.0}, "geometry": {"type": "LineString", "coordinates": [[0.9443429841210913, 53.003851924758884], [0.9443424777057295, 53.00396885105096], [0.9443873374242644, 53.004081934778945], [0.9443429841210913, 53.004200259173345], [0.9442299003931098, 53.00414976310892], [0.9441733585291191, 53.00406400157956], [0.9441168166651284, 53.00396016639611], [0.9440479983386242, 53.00391230918697], [0.9440413155276531, 53.004081934778945], [0.9440626741158605, 53.00419501850693], [0.944029270684738, 53.00430810223491], [0.9439829634495871, 53.0043646440989], [0.9439471910731563, 53.00424977866207], [0.9438088573053833, 53.00419501850693], [0.9437775654811841, 53.004032796691135], [0.9437163304968252, 53.004025392914954], [0.9437315857161428, 53.004138476642936], [0.9436938245326197, 53.00425156037092], [0.9437341470067271, 53.0043646440989], [0.9437210236171933, 53.00449143038942], [0.9436663106900545, 53.0043646440989], [0.9436059989238326, 53.0043646440989], [0.9436345307750159, 53.00447772782688], [0.9435816056821481, 53.00442118596289], [0.9435154580072115, 53.00447772782688], [0.9435536427754151, 53.00459081155486], [0.9436507385218398, 53.004703895282844], [0.9437206881653057, 53.004816979010826], [0.9437258600621466, 53.00487352087482], [0.9437601727183029, 53.004703895282844], [0.9437775654811841, 53.00457855162504], [0.9437934449143758, 53.004703895282844], [0.9438675363344992, 53.004816979010826], [0.9438970794695181, 53.004760437146835], [0.9438906492091655, 53.00467523030547], [0.9438813188593743, 53.00459081155486], [0.9439471910731563, 53.00463335374757], [0.944006164748366, 53.00459081155486], [0.9440946791509959, 53.00453426969087], [0.9441733585291191, 53.00455175955138], [0.9442551929561875, 53.00459081155486], [0.9442729137546131, 53.00442118596289], [0.9443047543815744, 53.00447772782688], [0.9443302256219168, 53.004647353418854], [0.9443565924855986, 53.00459081155486], [0.944399525985082, 53.00442669028356], [0.9444560678490728, 53.00454452769398], [0.9445126097130635, 53.00443829155475], [0.9446080633261804, 53.00447772782688], [0.9446256934410449, 53.00440423372441], [0.944607370043854, 53.00425156037092], [0.9445498573652172, 53.004138476642936], [0.9444626689979686, 53.00419501850693], [0.9445268467192706, 53.00430810223491], [0.9445014794541486, 53.0043646440989], [0.9444560678490728, 53.00420635899611], [0.9444560678490728, 53.00411687085066], [0.9444560678490728, 53.003990614561275], [0.944399525985082, 53.00387634740017]]}}, {"type": "Feature", "properties": {"depth": -10.0}, "geometry": {"type": "LineString", "coordinates": [[0.9434383142972398, 53.00444986251645], [0.9433909244920241, 53.00459081155486], [0.9434383142972398, 53.004739151857166], [0.9434948561612305, 53.00485762984958], [0.9435513980252213, 53.00473213752683], [0.9435513980252213, 53.00459709160087], [0.943471566785961, 53.004647353418854], [0.9434538978554894, 53.00447772782688]]}}, {"type": "Feature", "properties": {"depth": -10.0}, "geometry": {"type": "LineString", "coordinates": [[0.942590186337379, 53.00425612452394], [0.9425632835221518, 53.00442118596289], [0.942590186337379, 53.00455186576072], [0.9426467282013697, 53.00446315032555], [0.9426010436778284, 53.0043646440989]]}}, {"type": "Feature", "properties": {"depth": -10.0}, "geometry": {"type": "LineString", "coordinates": [[0.9450780283529707, 53.004180867629216], [0.9450744203955729, 53.00430810223491], [0.9450853744137404, 53.0043646440989], [0.945087995407798, 53.00419501850693]]}}, {"type": "Feature", "properties": {"depth": -10.0}, "geometry": {"type": "LineString", "coordinates": [[0.9448518608970078, 53.00416210856618], [0.9447953190330171, 53.004299849578025], [0.9448518608970078, 53.00432238188151], [0.9448770376592879, 53.00419501850693]]}}, {"type": "Feature", "properties": {"depth": -10.0}, "geometry": {"type": "LineString", "coordinates": [[0.9447387771690263, 53.00403411220384], [0.9446905203443499, 53.00419501850693], [0.9447686601455145, 53.00425156037092], [0.9447584682170475, 53.004081934778945]]}}, {"type": "Feature", "properties": {"depth": -10.0}, "geometry": {"type": "LineString", "coordinates": [[0.9449084027609985, 53.00394630506545], [0.9448956369578828, 53.004081934778945], [0.9449196824767041, 53.004138476642936], [0.9449224449946595, 53.00396885105096]]}}, {"type": "Feature", "properties": {"depth": -10.0}, "geometry": {"type": "LineString", "coordinates": [[0.9527677218557086, 53.003224472647034], [0.9527536262017162, 53.003346890547064], [0.9527712307549486, 53.003403432411055], [0.9527696099604755, 53.00323380681908]]}}, {"type": "Feature", "properties": {"depth": -10.0}, "geometry": {"type": "LineString", "coordinates": [[0.9573049221316826, 52.99984129497964], [0.9571817766562123, 52.99989783684363], [0.957121445382994, 52.999859637558316], [0.9570205206031688, 52.99989783684363], [0.956951819791022, 52.99994271330468], [0.9568952779270312, 53.00001188104835], [0.9567821941990498, 52.99998122163875], [0.9566909962910094, 53.00001092057161], [0.9566125686070776, 53.00004502869647], [0.9565560267430868, 53.00015521476323], [0.9564994848790962, 53.000047688968294], [0.9564429430151055, 53.00015149393269], [0.9563754074901956, 53.000180546163584], [0.9562901516560969, 53.000237088027575], [0.9562610167498382, 53.000293629891566], [0.9562167755591425, 53.00016250146081], [0.9561519381002535, 53.00012400429959], [0.9561680244005051, 53.000237088027575], [0.9561036918311612, 53.00030551761877], [0.9560048301196129, 53.00040671361955], [0.955934066239189, 53.00039440205666], [0.955862727010197, 53.00035017175556], [0.9558013355692615, 53.00046325548354], [0.9558775243751982, 53.00045023168699], [0.9559497410652638, 53.00051979734753], [0.9558775243751982, 53.00046903058067], [0.9558209825112075, 53.000613515005014], [0.955730314585058, 53.00057633921152], [0.9556879842495193, 53.00063288107551], [0.9556513569192353, 53.0004967062874], [0.9555799872457847, 53.00057633921152], [0.9555948150552447, 53.00067746078603], [0.955501710470897, 53.00063288107551], [0.9554251894632725, 53.00073295122126], [0.9554292888649312, 53.00080250666748], [0.9553686475992818, 53.00077800666471], [0.9552555638713003, 53.00085150054636], [0.9551990220073096, 53.00094237926294], [0.9552154434052986, 53.00102867412345], [0.9551424801433188, 53.00099642527631], [0.9551055550065133, 53.00114175785143], [0.955064292126828, 53.00108521598744], [0.9549728545513467, 53.00101723181607], [0.9549841626419775, 53.00108521598744], [0.9549728545513467, 53.001201359257635], [0.9549553460694487, 53.00108521598744], [0.9548597708233653, 53.001113176183914], [0.9547982776303352, 53.00108521598744], [0.9547104460383566, 53.00114175785143], [0.9546203591602089, 53.00108521598744], [0.9545711712291904, 53.00102867412345], [0.954520519639421, 53.00119212416648], [0.9544098644114279, 53.00119829971542], [0.9543508940474488, 53.001216494217644], [0.9542378103194673, 53.001196784432075], [0.9542640929365847, 53.00125484157941], [0.9541812684554767, 53.001201388569946], [0.954124726591486, 53.001318209766445], [0.9540881262976422, 53.00119829971542], [0.9540374020012743, 53.00125484157941], [0.9539611950647056, 53.00136792530739], [0.9539551009995137, 53.00132559646884], [0.9539669861670779, 53.00119829971542], [0.9539433327274082, 53.00114175785143], [0.953898559135523, 53.001308923466915], [0.9538420172715323, 53.00117990502635], [0.9538327043882797, 53.0013113834434], [0.9537854754075415, 53.001430739347754], [0.9537470877610361, 53.0013113834434], [0.95371728902627, 53.00125484157941], [0.953676357712262, 53.00142446717138], [0.9536476171223253, 53.00136792530739], [0.9536158498155695, 53.00123022460936], [0.9535755545489544, 53.00136792530739], [0.953502766087588, 53.00144793598808], [0.953502766087588, 53.00158846283279], [0.953502766087588, 53.001698779144704], [0.9534462242235973, 53.00154279453819], [0.9534219036553878, 53.00142446717138], [0.953333573334574, 53.00148100903537], [0.9532876684535251, 53.001594092763355], [0.9532200567676343, 53.00165264241449], [0.953267992454897, 53.001594092763355], [0.9532200567676343, 53.00145673952277], [0.9531413166797855, 53.001537550899364], [0.953106973039653, 53.001658817831455], [0.9530839993896469, 53.001537550899364], [0.9529938893116715, 53.00154139637312], [0.9529227145279527, 53.001537550899364], [0.9528242637196993, 53.00152797335695], [0.9528242637196993, 53.001627541372166], [0.9528129424947418, 53.001650634627346], [0.9527111799917178, 53.0016684192626], [0.9526464032783144, 53.00170717649134], [0.9526546381277272, 53.00163048931813], [0.9525883934362246, 53.001594092763355], [0.9525415543997457, 53.00172485969215], [0.9525143098802739, 53.001594092763355], [0.9524397928355158, 53.001650634627346], [0.9524218631401753, 53.00170717649134], [0.9523719288077735, 53.00158538443982], [0.9523471424524916, 53.00170717649134], [0.9523103450457268, 53.001650634627346], [0.9522300118660232, 53.00170717649134], [0.9522023032158015, 53.001838169502655], [0.9521758902627218, 53.00170717649134], [0.9521030967443473, 53.00176371835533], [0.95208921948782, 53.001878470723284], [0.9520414385828244, 53.00176371835533], [0.9520142041279671, 53.00170717649134], [0.9520158575451312, 53.00187680208331], [0.9519702408893675, 53.0019333439473], [0.9519303293064397, 53.00176371835533], [0.9518762852002984, 53.00182026021932], [0.9518065101678663, 53.0019212040249], [0.9517565475206315, 53.00204642767528], [0.9517043607981504, 53.00215951140326], [0.951693426439885, 53.002116575569026], [0.9517281520293516, 53.00198988581129], [0.9516368845758942, 53.00191457646854], [0.9515238008479128, 53.00193376938193], [0.951467258983922, 53.00205788459466], [0.9513647103080581, 53.00198988581129], [0.9512976333919498, 53.00193302771702], [0.9512606837712883, 53.00204642767528], [0.9512280542109246, 53.00215951140326], [0.951152430556617, 53.002216053267254], [0.951071465935987, 53.00225416858565], [0.951071465935987, 53.002363001736235], [0.9510603275933982, 53.00238567885923], [0.9510051237057991, 53.00244222072322], [0.9510280093469479, 53.00255530445119], [0.9510723741427879, 53.002668388179174], [0.9511280077999777, 53.002827038915086], [0.9512410915279592, 53.002745185784335], [0.9512218959650705, 53.002668388179174], [0.9512439517760302, 53.00261184631518], [0.9513344533333155, 53.002724930043165], [0.9513385537429805, 53.00289455563514], [0.9513633404505886, 53.00295109749913], [0.951429603934533, 53.00283801377115], [0.9514998700462447, 53.002781471907156], [0.9515306534584297, 53.00283801377115], [0.9515933589338393, 53.002781471907156], [0.9516344509306883, 53.00295109749913], [0.951681306932744, 53.00306418122711], [0.9517291317559019, 53.00300763936312], [0.9517718982768022, 53.00289455563514], [0.9518065101678663, 53.00276608807319], [0.9518630520318571, 53.00284512968708], [0.9518992784964285, 53.00300763936312], [0.9519829535986776, 53.00300763936312], [0.9520593834353748, 53.00295109749913], [0.9520647691484312, 53.0031207230911], [0.95208921948782, 53.00324683719236], [0.9521680008695625, 53.00317726495509], [0.9522212953269812, 53.00306418122711], [0.9522816293365363, 53.00295109749913], [0.9523884057874887, 53.00295109749913], [0.9523719288077735, 53.00311166082693], [0.9523513024996124, 53.00323380681908], [0.9523853924301008, 53.00329034868307], [0.952485012535755, 53.00320162029213], [0.9525189838783045, 53.00306418122711], [0.9526148867465569, 53.00300763936312], [0.9525980962637365, 53.0029431627037], [0.9526546381277272, 53.00282791122331], [0.9527111799917178, 53.00292419081683], [0.9527331754055484, 53.00306418122711], [0.9528197867637049, 53.00317726495509], [0.9528402634642946, 53.0031207230911], [0.9529044842173994, 53.00300763936312], [0.9529938893116715, 53.00294792414453], [0.9530160219385957, 53.00306418122711], [0.9530434232115877, 53.00323380681908], [0.953106973039653, 53.003292265408646], [0.9531311341850469, 53.00317726495509], [0.9531892167695349, 53.00306418122711], [0.9532765986316251, 53.00308910687891], [0.9533331404956158, 53.00323327413418], [0.9534462242235973, 53.003159666074254], [0.953502766087588, 53.003043975248595], [0.9535446422830858, 53.00317726495509], [0.9534741610061568, 53.00329034868307], [0.9535593079515787, 53.00323946306075], [0.9536158498155695, 53.00314599719592], [0.9536723916795602, 53.00301108632713], [0.9537570827886797, 53.00300763936312], [0.9537560081732291, 53.00317726495509], [0.9537228834214264, 53.00329034868307], [0.953731954898302, 53.003346890547064], [0.9538140526518047, 53.00323380681908], [0.953898559135523, 53.00312894175952], [0.9539551009995137, 53.003015678470305], [0.9540191400710907, 53.0031207230911], [0.9540042204433223, 53.00323380681908], [0.9540885895746967, 53.00323380681908], [0.9541812684554767, 53.0032742766684], [0.954294352183458, 53.00318304115456], [0.9542378103194673, 53.00315623419255], [0.954294352183458, 53.003085515323015], [0.9543826050160498, 53.0031207230911], [0.9544639777754302, 53.00305162074459], [0.9544376304168634, 53.0031207230911], [0.9543757940401859, 53.00323380681908], [0.9544123308224193, 53.003346890547064], [0.9544826961274391, 53.00329034868307], [0.9545770615034117, 53.00319137475258], [0.9546232728692292, 53.00306418122711], [0.9546901452313931, 53.00296751454101], [0.9547931573133707, 53.00306418122711], [0.9548482372535734, 53.00317726495509], [0.954916312687356, 53.00314233573724], [0.9549061297519316, 53.00306418122711], [0.954955874271169, 53.00295109749913], [0.955019469430695, 53.00300763936312], [0.9550444760686003, 53.0031207230911], [0.9551071320044916, 53.00323380681908], [0.9551456362295869, 53.00329034868307], [0.9552110403082116, 53.00317726495509], [0.9552555638713003, 53.00305444116879], [0.955312105735291, 53.00312846503378], [0.9554225528876668, 53.00306418122711], [0.9554470645332322, 53.0031207230911], [0.9555115667580834, 53.00306418122711], [0.955538273191254, 53.0029459162839], [0.9556263561437056, 53.00283801377115], [0.9556764335042114, 53.002781471907156], [0.9556692488423204, 53.00295109749913], [0.955717995381428, 53.00300763936312], [0.9557644406472168, 53.00287803010457], [0.9558209825112075, 53.002973615725786], [0.9559013094460886, 53.00289455563514], [0.9559860378919712, 53.002781471907156], [0.9560471499671704, 53.00271037533499], [0.9560958605646938, 53.00283801377115], [0.9561741362083808, 53.00283801377115], [0.9562167755591425, 53.00271228223141], [0.9562986231699211, 53.002724930043165], [0.9563864011511147, 53.00264309990011], [0.9564837691072665, 53.00255530445119], [0.9565033184403099, 53.00249876258721], [0.9565740095648759, 53.00255530445119], [0.956640635600269, 53.00244222072322], [0.9566954867174529, 53.00238567885923], [0.9567349641131562, 53.00244222072322], [0.9568245003939939, 53.002329136995236], [0.9569050071575503, 53.002329136995236], [0.9570083616550127, 53.00242638301393], [0.9570649035190033, 53.002283253500075], [0.957121445382994, 53.002196796985885], [0.9571810161058973, 53.00215951140326], [0.957210572604623, 53.002329136995236], [0.9572420503918526, 53.00238567885923], [0.9573108431513677, 53.002272595131245], [0.957347612838957, 53.00215669801558], [0.9574316148357009, 53.002216053267254], [0.9574606965669384, 53.00235177282994], [0.9575075482713868, 53.002216053267254], [0.9575313207376411, 53.00215951140326], [0.95759785691075, 53.00210296953927], [0.9576832870995928, 53.00204642767528], [0.957690702651675, 53.00215951140326], [0.957799422741494, 53.00210296953927], [0.9578564896148735, 53.002028675688685], [0.9578825002605166, 53.00215951140326], [0.9579335222906321, 53.00210296953927], [0.958003214915381, 53.00198988581129], [0.9580826570708363, 53.00200648489809], [0.9581724433237897, 53.0019333439473], [0.9582196118606183, 53.00187680208331], [0.9583088245267992, 53.00195670945786], [0.9583752571350821, 53.0019333439473], [0.9583543779911996, 53.00204642767528], [0.95836536639079, 53.00217772335053], [0.9584219082547807, 53.002054327606466], [0.9584570111183649, 53.0019333439473], [0.958534991982762, 53.00187530127218], [0.9585441136474178, 53.00198988581129], [0.9585761021878973, 53.00215951140326], [0.958613953505765, 53.00210296953927], [0.9586480757107435, 53.0019399996379], [0.9586877584043297, 53.00182026021932], [0.9587201204467466, 53.00176371835533], [0.958750945447154, 53.0019333439473], [0.9587397150831954, 53.00210296953927], [0.958761159438725, 53.00225134178368], [0.9587692698687365, 53.00210296953927], [0.9588177013027157, 53.001966563229296], [0.9588626963646557, 53.00182026021932], [0.958904802993324, 53.00176371835533], [0.958933472851272, 53.00187680208331], [0.9589140160137057, 53.00198988581129], [0.9589366809155316, 53.00210296953927], [0.958971458141107, 53.002272595131245], [0.9589844535488896, 53.00244222072322], [0.9589936746682611, 53.00238567885923], [0.9590108114817621, 53.002216053267254], [0.9590200749923753, 53.00204642767528], [0.9590160381807169, 53.00187680208331], [0.9590697115725607, 53.00176371835533], [0.9590438687586785, 53.00169458089237], [0.9591207795814671, 53.001650634627346], [0.9591355228951898, 53.00182026021932], [0.9591699977436765, 53.0019333439473], [0.9592362031979009, 53.00204642767528], [0.9592778624692958, 53.00215951140326], [0.9593265780786322, 53.00228415805075], [0.95939363692262, 53.002329136995236], [0.9594057895764394, 53.00215951140326], [0.9593505815200064, 53.00204642767528], [0.9592703604946649, 53.0019333439473], [0.9592571087403031, 53.00182026021932], [0.959305813601873, 53.00170717649134], [0.9592700362146415, 53.001632636326946], [0.9593513956202816, 53.00170717649134], [0.9593722142055013, 53.00187680208331], [0.959419851018591, 53.00198988581129], [0.9594737368368629, 53.0019333439473], [0.959552745534595, 53.0018765738265], [0.9596092873985858, 53.00197258789182], [0.9596092873985858, 53.00209573221894], [0.9596156218948729, 53.00215951140326], [0.9596273940682629, 53.002329136995236], [0.9596778771652461, 53.00238567885923], [0.9597223711265672, 53.002248136889634], [0.9597561661151706, 53.00210296953927], [0.9597008681442799, 53.00198988581129], [0.9597156909779523, 53.00182026021932], [0.9597386047543182, 53.00187680208331], [0.9598154253625062, 53.00198988581129], [0.9598919967185393, 53.001940233198454], [0.959988023813614, 53.0019333439473], [0.9600262270531255, 53.00204642767528], [0.9600563722102022, 53.002216053267254], [0.9600662034612159, 53.002329136995236], [0.9601181641745022, 53.002494114359216], [0.9602309647017653, 53.00238567885923], [0.9602312479024837, 53.00231579909313], [0.9602269168077464, 53.00215951140326], [0.9602877897664744, 53.0020723330517], [0.9603776201424146, 53.00198988581129], [0.9604574153584465, 53.00191058923925], [0.9604714045704108, 53.00204642767528], [0.9604956420435653, 53.002216053267254], [0.9605126885240647, 53.00238567885923], [0.960570499086428, 53.00248107929113], [0.9606454225114003, 53.00244222072322], [0.9607401246784002, 53.00242981206621], [0.9608125790152853, 53.00244222072322], [0.9608175093555394, 53.002272595131245], [0.9607966665423909, 53.00212064009494], [0.9607966665423909, 53.00203227763747], [0.9608503071464489, 53.00187680208331], [0.960895780624312, 53.0019333439473], [0.960956002719216, 53.00204642767528], [0.9609548662975604, 53.002216053267254], [0.960966292134363, 53.00227758467369], [0.9608914849112284, 53.00238567885923], [0.9609346342648345, 53.00249876258721], [0.9609508852056754, 53.002668388179174], [0.9610228339983538, 53.00277739371193], [0.9610793758623445, 53.00286477655489], [0.9611633969296977, 53.00289455563514], [0.9611173009309084, 53.002781471907156], [0.9610793758623445, 53.00262636206304], [0.9610228339983538, 53.00257839988998], [0.9610114360054186, 53.00249876258721], [0.9610793758623445, 53.00252741742934], [0.9611359177263352, 53.00264259841454], [0.9611701362906436, 53.002781471907156], [0.9612490014543167, 53.00287581352174], [0.9613012002651937, 53.002724930043165], [0.961312845985425, 53.002781471907156], [0.9613893163689179, 53.00289455563514], [0.9614502238165208, 53.00283801377115], [0.9614620943925105, 53.002668388179174], [0.9614816055385, 53.002724930043165], [0.9615317107742702, 53.002884642138056], [0.9616190941748749, 53.00283801377115], [0.9616853801748635, 53.002781471907156], [0.9617013363662424, 53.002660503951944], [0.9617131833250797, 53.002781471907156], [0.9617921830004507, 53.00283801377115], [0.9618273659115004, 53.002781471907156], [0.961984045686196, 53.00281624410835], [0.9620405875501867, 53.00288757016452], [0.9620971294141775, 53.002927764746694], [0.9621536712781682, 53.00279887575786], [0.9622749751236731, 53.00283801377115], [0.9623790071191923, 53.002781471907156], [0.9624363805981218, 53.00280318778149], [0.9625205361587393, 53.00289455563514], [0.9625547702875685, 53.00295109749913], [0.9625501090802853, 53.002781471907156], [0.962643021795072, 53.00283801377115], [0.9626901418387155, 53.00289455563514], [0.9627756317820662, 53.0029157495791], [0.9628422060687682, 53.00295109749913], [0.9629169928844782, 53.00289455563514], [0.9629688620452037, 53.00295109749913], [0.9629452573740382, 53.00280490770196], [0.9629629153937116, 53.002781471907156], [0.9630241012079953, 53.00289455563514], [0.9630960893160899, 53.00283801377115], [0.9631148829660104, 53.002720679554216], [0.9631485236946262, 53.00283801377115], [0.9632088515839075, 53.00295109749913], [0.9632766062890735, 53.00306418122711], [0.9633098872456594, 53.00300763936312], [0.9633471356620907, 53.00295109749913], [0.9634187069115473, 53.00306418122711], [0.9635106760139455, 53.00313966114703], [0.963575943368542, 53.00317726495509], [0.9636021761154624, 53.00300763936312], [0.9636576489791459, 53.00289455563514], [0.963724143257146, 53.002781471907156], [0.963793385333899, 53.00267825608242], [0.9638499271978898, 53.00257729759797], [0.9639064690618805, 53.00246985204745], [0.9639691690150904, 53.00238567885923], [0.9640760946538527, 53.00228427269427], [0.9641650234710962, 53.002216053267254], [0.9642677177598296, 53.00215951140326], [0.9643426356720021, 53.00204642767528], [0.9644055828189338, 53.0019333439473], [0.9644718877017877, 53.001831935382654], [0.9645680745735066, 53.00182026021932], [0.9646146312216589, 53.00176371835533], [0.9646980551577506, 53.00181357388302], [0.9647918965301285, 53.00170717649134], [0.9648805015953461, 53.00170717649134], [0.9649807644777042, 53.00179837483974], [0.9649658225336971, 53.00170717649134], [0.9650373063416949, 53.001724589250856], [0.9650938482056857, 53.00160016932672], [0.9651004829302335, 53.00176371835533], [0.9651056931047136, 53.0019333439473], [0.9651904637363398, 53.00204642767528], [0.9650611813182336, 53.00210296953927], [0.965115601343561, 53.002216053267254], [0.9652038043455643, 53.002329136995236], [0.965206931933667, 53.00244997549193], [0.9653200156616485, 53.002396057374995], [0.9654109406458637, 53.00249876258721], [0.9654688294883441, 53.00261184631518], [0.9655461831176114, 53.00269020427592], [0.9656592668455928, 53.00276653132231], [0.9657153659362685, 53.00289455563514], [0.9657723505735742, 53.00286915928247], [0.965870932479364, 53.00295109749913], [0.965892731799209, 53.00306418122711], [0.9658854343015557, 53.00312187579136], [0.9659483363658549, 53.00323380681908], [0.9660365204326323, 53.003346890547064], [0.9660653160643532, 53.00329034868307], [0.9660742077701054, 53.0031207230911], [0.9661116017575186, 53.00298390985179], [0.9661681436215093, 53.00284483413582], [0.9662056045710643, 53.002724930043165], [0.966267162158729, 53.00261184631518], [0.966329268694554, 53.00249876258721], [0.9663943110774722, 53.002418698636376], [0.9664757986484155, 53.002329136995236], [0.9665639366694444, 53.00222438790425], [0.9666268525349833, 53.00215951140326], [0.9667335622614165, 53.00208120678381], [0.9667996673390099, 53.00198988581129], [0.9668984767655773, 53.00187680208331], [0.9669597297173794, 53.001781184652764], [0.9670162715813702, 53.00169084384914], [0.9670728134453608, 53.001583273037774], [0.9671747796366301, 53.00148100903537], [0.9672621340440246, 53.00142446717138], [0.9673778624129223, 53.00142446717138], [0.9674419913177713, 53.00136792530739], [0.9675251483572866, 53.00140952362821], [0.9675878696944098, 53.00136792530739], [0.9676693891172236, 53.00148100903537], [0.9677513158132495, 53.00157498815994], [0.9678248845531351, 53.001650634627346], [0.9678643995412309, 53.001769355640924], [0.9679209414052217, 53.00192418929704], [0.9679774832692124, 53.00200899740557], [0.9680449405509619, 53.00204642767528], [0.9681714957686613, 53.00198988581129], [0.9682036507251752, 53.002008793571164], [0.9682073130200176, 53.00210296953927], [0.9681802706891285, 53.002216053267254], [0.9681320770263828, 53.002329136995236], [0.9680905669971938, 53.002416642492335], [0.9681469643058034, 53.00255530445119], [0.9682036507251752, 53.00262376877129], [0.9683124644665724, 53.002724930043165], [0.9683732763171474, 53.002723432015], [0.9683732763171474, 53.00258146888105], [0.9683389343549814, 53.00244222072322], [0.9684298181811382, 53.00233792229473], [0.9684863600451289, 53.00223707724829], [0.9685429019091196, 53.002156083705074], [0.9685994437731102, 53.00222073351812], [0.968655985637101, 53.002128221473406], [0.9687125275010917, 53.00203353388605], [0.9687690693650824, 53.00189084752839], [0.9688256112290732, 53.00177858078106], [0.9689024089204024, 53.00182026021932], [0.969051778685036, 53.001801927440106], [0.9691648624130175, 53.00176289276607], [0.9692473599621454, 53.00176371835533], [0.9693344880049897, 53.001699009245534], [0.9694155720185501, 53.001594092763355], [0.9694912402762058, 53.00148100903537], [0.9695606554609525, 53.001402103679894], [0.969635613455263, 53.0013113834434], [0.96972537876403, 53.00119829971542], [0.9698310103615984, 53.00114175785143], [0.9699564485088876, 53.001089271430494], [0.9700129903728782, 53.00099114835512], [0.970069532236869, 53.00091055523495], [0.9701826159648504, 53.000812327212486], [0.9702391578288412, 53.000722435795616], [0.9703272221359067, 53.00063288107551], [0.9704456712430745, 53.00057633921152], [0.9705218671487947, 53.00050610074497], [0.9705784090127855, 53.000585885610604], [0.9706914927407669, 53.0005689281562], [0.9707940193996016, 53.00051979734753], [0.970857418922345, 53.00063288107551], [0.9708865051445037, 53.00057633921152], [0.9709210414540226, 53.00051979734753], [0.9709758983949206, 53.00063288107551], [0.971087285788702, 53.000609505856474], [0.9712003695166834, 53.0006695945516], [0.9712320768384183, 53.00080250666748], [0.9712862827343998, 53.000859048531474], [0.9713709173724346, 53.000859048531474], [0.9712896828432891, 53.000915590395465], [0.9713384318732547, 53.00102867412345], [0.9712645524705602, 53.00114175785143], [0.9712533127592685, 53.00119829971542], [0.9712356424161128, 53.00102867412345], [0.971159449708819, 53.000915590395465], [0.9710522330006954, 53.000915590395465], [0.9711257202099268, 53.00102867412345], [0.9711540406748254, 53.00114175785143], [0.9712003695166834, 53.001286263115695], [0.9712569113806742, 53.001400898304325], [0.9712390981830877, 53.00142446717138], [0.9711438276526927, 53.001360605325004], [0.9711438276526927, 53.00144968041834], [0.9712003695166834, 53.00154676593133], [0.971264513542323, 53.001650634627346], [0.9713134532446649, 53.00178007036997], [0.9713956723065638, 53.00187680208331], [0.9714265369726462, 53.00201551561594], [0.9714707565624507, 53.00187680208331], [0.9715006781897894, 53.00182026021932], [0.9715175259994201, 53.00198988581129], [0.971579958929866, 53.00204642767528], [0.9715961625646184, 53.001925631440216], [0.9716527044286092, 53.0020422210043], [0.9717202382761403, 53.00210296953927], [0.9718203600502414, 53.00215951140326], [0.9718788718845721, 53.00220850573311], [0.9718269339334777, 53.002272595131245], [0.9719354137485627, 53.00236341987369], [0.9720041721036453, 53.00238567885923], [0.9720112326323077, 53.002216053267254], [0.972012337878465, 53.00204642767528], [0.9720412813913708, 53.00187680208331], [0.9720948766991993, 53.00176371835533], [0.972138796692613, 53.001650634627346], [0.9722152718217569, 53.001537550899364], [0.9722277837613049, 53.00142446717138], [0.9722548581718665, 53.00125484157941], [0.9722589289351347, 53.00108521598744], [0.972187558119713, 53.000972132259456], [0.9721374830110712, 53.000859048531474], [0.9720698900100659, 53.00074596480349], [0.9719919556125535, 53.00066088072048], [0.9719279683697929, 53.00057633921152], [0.9718388230291046, 53.00046325548354], [0.9717657881565906, 53.00037297990375], [0.9717046445279761, 53.000293629891566], [0.9716251329049388, 53.000180546163584], [0.9715768117542525, 53.0000674624356], [0.9716527044286092, 52.9999828346179], [0.9716460970957224, 52.99989783684363], [0.971723010672848, 52.99984129497964], [0.9717708945768695, 52.99972821125166], [0.9718296773371611, 52.999615127523676], [0.9719354137485627, 52.9995030337974], [0.9719919556125535, 52.99940674942869], [0.9720498587667548, 52.99933241820372], [0.9721615812045257, 52.99923833823416], [0.972233006630949, 52.99921933447575], [0.9723224056103225, 52.999162792611756], [0.9723877486604885, 52.99910427260182], [0.97250083238847, 52.99900687242349], [0.9725645217136623, 52.99893662515579], [0.9726704579804422, 52.99884493318689], [0.9727269998444329, 52.998763740160655], [0.9728140947078483, 52.99865391583584], [0.9729523448428274, 52.99859737397185], [0.9730097091643864, 52.99851208348989], [0.9730884172326479, 52.99854083210786], [0.9731793347563586, 52.99845536047539], [0.9732924184843401, 52.998416661439734], [0.9733753335594635, 52.99831466465189], [0.9734626373764387, 52.9982581227879], [0.9735185859403029, 52.99813599822454]]}}, {"type": "Feature", "properties": {"depth": -10.0}, "geometry": {"type": "LineString", "coordinates": [[0.951071465935987, 53.00283401033406], [0.9510149240719963, 53.002851192840296], [0.951071465935987, 53.00297261524053], [0.9510758080468296, 53.00283801377115]]}}, {"type": "Feature", "properties": {"depth": -10.0}, "geometry": {"type": "LineString", "coordinates": [[0.9522101755216301, 53.00261184631518], [0.9522303006734937, 53.002781471907156], [0.9522023032158015, 53.0029012806527], [0.9521356806895462, 53.00295109749913], [0.9521872786488326, 53.00283801377115], [0.9521872323709355, 53.002668388179174], [0.9522101755216301, 53.00261184631518]]}}, {"type": "Feature", "properties": {"depth": -10.0}, "geometry": {"type": "LineString", "coordinates": [[0.9596092873985858, 53.00274491988314], [0.9595452766072344, 53.00283801377115], [0.9595542945199522, 53.00289455563514], [0.9596201005091076, 53.002781471907156]]}}, {"type": "Feature", "properties": {"depth": -10.0}, "geometry": {"type": "LineString", "coordinates": [[0.9509018403440148, 53.00233821871983], [0.950883942743903, 53.00249876258721], [0.9508622726028425, 53.002668388179174], [0.950909190806952, 53.002781471907156], [0.9509905652164685, 53.002724930043165], [0.9509908271463885, 53.00255530445119], [0.95091759237719, 53.00244222072322]]}}, {"type": "Feature", "properties": {"depth": -10.0}, "geometry": {"type": "LineString", "coordinates": [[0.9593265780786322, 53.00248709235743], [0.9593196949628024, 53.00261184631518], [0.9593441826073694, 53.002724930043165], [0.9594396618066137, 53.00283056967238], [0.9594218657876791, 53.002724930043165], [0.9594372198767234, 53.00255530445119], [0.9593265780786322, 53.00248709235743]]}}, {"type": "Feature", "properties": {"depth": -10.0}, "geometry": {"type": "LineString", "coordinates": [[0.9594962036706043, 53.00245534608143], [0.9594609891926695, 53.00261184631518], [0.9594962036706043, 53.0027264784378], [0.9595259307297597, 53.00261184631518], [0.9594962036706043, 53.00245534608143]]}}, {"type": "Feature", "properties": {"depth": -10.0}, "geometry": {"type": "LineString", "coordinates": [[0.9608532084063817, 53.00246259671703], [0.9608124388077288, 53.00261184631518], [0.9608532084063817, 53.0027642464698], [0.960877320134412, 53.00261184631518], [0.9608532084063817, 53.00246259671703]]}}, {"type": "Feature", "properties": {"depth": -10.0}, "geometry": {"type": "LineString", "coordinates": [[0.9653200156616485, 53.002527923019706], [0.9653200156616485, 53.00261649525292], [0.9653776751578058, 53.002668388179174], [0.9653401609620149, 53.00255530445119]]}}, {"type": "Feature", "properties": {"depth": -10.0}, "geometry": {"type": "LineString", "coordinates": [[0.958139198934827, 53.002180071116854], [0.9580830276305116, 53.002329136995236], [0.9581494108943956, 53.00238567885923], [0.9581550857887364, 53.002216053267254]]}}, {"type": "Feature", "properties": {"depth": -10.0}, "geometry": {"type": "LineString", "coordinates": [[0.9653327454905395, 53.00187680208331], [0.9653765575256392, 53.00203389252595], [0.9653200156616485, 53.002086211363675], [0.9652237672006817, 53.00215951140326], [0.965206931933667, 53.00212600189941], [0.9653101833256111, 53.00204642767528], [0.9652411461606223, 53.0019333439473], [0.9653200156616485, 53.001841462134905]]}}, {"type": "Feature", "properties": {"depth": -10.0}, "geometry": {"type": "LineString", "coordinates": [[0.9601841469289224, 53.00187680208331], [0.960174706038493, 53.001991843586524], [0.960110292849776, 53.0019333439473], [0.960174706038493, 53.00183389519773]]}}, {"type": "Feature", "properties": {"depth": -10.0}, "geometry": {"type": "LineString", "coordinates": [[0.9778455058898782, 52.99752307855602], [0.977800752344146, 52.99757962042001], [0.9777026838756162, 52.99763129257635], [0.9775896001476349, 52.99765571618216], [0.9775063043954203, 52.997636162284], [0.9774765164196534, 52.99776834371576], [0.9774075995942633, 52.997805787875976], [0.9773215025152129, 52.99786232973997], [0.9773029164975496, 52.99791887160396], [0.9772503489636905, 52.99776186331072], [0.977229334651223, 52.99791887160396], [0.9771352849822805, 52.99797541346795], [0.9770241815077276, 52.997968516213476], [0.9769676396437369, 52.998071264876316], [0.9768629890943828, 52.99808849719593], [0.9767980140517647, 52.99814286438032], [0.976709136515461, 52.99808849719593], [0.9766283884597926, 52.99816219817096], [0.9765553274031816, 52.99814503905992], [0.9764756490506868, 52.99820158092391], [0.9764462513350683, 52.99814503905992], [0.9763702139220932, 52.9982581227879], [0.9764204575304705, 52.998371206515884], [0.9763961828858296, 52.998427748379875], [0.9763130727445182, 52.99831466465189], [0.9762481113498525, 52.998371206515884], [0.9761195116838761, 52.99838164010733], [0.9760259836313028, 52.998484290243866], [0.9759498860919039, 52.99859249939372], [0.9758368023639225, 52.99863274544122], [0.9757514044101877, 52.99865391583584], [0.9756671767719504, 52.99856635799589], [0.9756106349079596, 52.9987006131553], [0.9755281053552158, 52.99876699956382], [0.9754677047444122, 52.99871045769983], [0.9754123709743076, 52.99876699956382], [0.9753017762146122, 52.99882354142781], [0.975327925588006, 52.9988819916217], [0.9752588730254083, 52.99882354142781], [0.9751815511461305, 52.9988800832918], [0.9751830002786179, 52.999049708883774], [0.9751389047689496, 52.99899316701978], [0.9750452162680524, 52.998913202333405], [0.9750322326379937, 52.999049708883774], [0.9749793243384389, 52.99899316701978], [0.9748755906760802, 52.998922499060946], [0.974866736307777, 52.999049708883774], [0.9747625069480987, 52.999026025372885], [0.9746848362056895, 52.999106250747765], [0.9747059650841081, 52.99925317832116], [0.9746892106199673, 52.99927587633973], [0.9745928813561267, 52.99916792880179], [0.9745363394921359, 52.99931389254789], [0.9744630618243424, 52.99921933447575], [0.9743873106588614, 52.99927587633973], [0.974310172036173, 52.999372910578245], [0.974204984566126, 52.99927587633973], [0.9741928761150402, 52.99933241820372], [0.974236013160155, 52.9994455019317], [0.9741500001614485, 52.999558585659685], [0.9741282542031653, 52.999502043795694], [0.9741405464442009, 52.99943189630336], [0.974083012762362, 52.99933241820372], [0.9740027635531728, 52.99938896006771], [0.9740335306703356, 52.999502043795694], [0.9739709208522287, 52.99956462307794], [0.973914378988238, 52.99948648493987], [0.9738578371242472, 52.999584049945035], [0.9737586394992179, 52.999558585659685], [0.9736882115322751, 52.999623981110254], [0.9735751278042937, 52.99970439557435], [0.9736083938885306, 52.99978475311565], [0.9736732970423042, 52.99989783684363], [0.973565334677632, 52.99989783684363], [0.9735185859403029, 52.99975243118521], [0.973438627748801, 52.99978475311565], [0.9734620440763122, 52.999709806285686], [0.9733780485181157, 52.999671669387666], [0.9733703793897913, 52.99984129497964], [0.9733435769028578, 52.99995437870762], [0.9733489603483307, 53.000063965182036], [0.9732663922539635, 52.99995437870762], [0.9732924184843401, 52.99988301131093], [0.9733040300861073, 52.99978475311565], [0.9732638297017961, 52.99972821125166], [0.9731499815243996, 52.99978475311565], [0.973220738798096, 52.99989783684363], [0.9732081142634501, 53.0000674624356], [0.9731227928923679, 53.000042895581366], [0.9730343638185532, 53.00012400429959], [0.9730823863666813, 53.000237088027575], [0.9730785644916912, 53.00040671361955], [0.9731227928923679, 53.00056597707359], [0.9731566378019441, 53.00040671361955], [0.973165643077873, 53.000237088027575], [0.9731890225250241, 53.000180546163584], [0.9732113753906091, 53.00035017175556], [0.9731910664131964, 53.00051979734753], [0.9732870990800586, 53.00057633921152], [0.9732924184843401, 53.0005811626803], [0.9732263617061911, 53.00063288107551], [0.9731227928923679, 53.000645378314644], [0.9730986360038005, 53.00080250666748], [0.9731227928923679, 53.00095277353626], [0.973188560009196, 53.000972132259456], [0.9731563789283585, 53.000859048531474], [0.9731793347563586, 53.00070169389832], [0.9732437728496562, 53.00080250666748], [0.9732819626011983, 53.000972132259456], [0.9733405860507509, 53.00108521598744], [0.9733846891980416, 53.00119829971542], [0.9734425439273626, 53.00114175785143], [0.9733724130136308, 53.00102867412345], [0.9734225342844798, 53.000972132259456], [0.9735018096269052, 53.00108521598744], [0.9735468697246414, 53.00119829971542], [0.9736307390695818, 53.00114175785143], [0.9735547216049151, 53.00102867412345], [0.9735887581751385, 53.000972132259456], [0.9736608636404875, 53.00108521598744], [0.9736882115322751, 53.00121625718635], [0.9737562277320251, 53.0013113834434], [0.9738578371242472, 53.00140291281164], [0.973914378988238, 53.001293622928515], [0.9739709208522287, 53.001400566910135], [0.9741405464442009, 53.001416948935024], [0.9741970883081916, 53.001510312494865], [0.974286372870269, 53.00148100903537], [0.9743667139001637, 53.001558711709905], [0.9744232557641545, 53.00167280567969], [0.9744797976281452, 53.0015386797431], [0.9745324127520378, 53.00170717649134], [0.9745928813561267, 53.00166760206144], [0.9746670520189047, 53.00176371835533], [0.9747842660362076, 53.00182026021932], [0.9748439842010235, 53.0019333439473], [0.9748848416036691, 53.00198988581129], [0.9749886744040617, 53.002027624893465], [0.9751017581320431, 53.001959981756876], [0.9750862613195079, 53.00187680208331], [0.9750497321987844, 53.00170717649134], [0.975025914235945, 53.001594092763355], [0.9749906419999645, 53.00142446717138], [0.9750452162680524, 53.00125727491348], [0.9751017581320431, 53.00117497435224], [0.9751645807228029, 53.00108521598744], [0.9752191413756457, 53.000972132259456], [0.9752949951178472, 53.000859048531474], [0.9753844674519967, 53.00075937757481], [0.9754273039625708, 53.00063288107551], [0.9754975511799782, 53.00055548615127], [0.9755673872003433, 53.00046325548354], [0.9756662830525173, 53.00035017175556], [0.9757237186359411, 53.000254626406374], [0.9758163332637315, 53.000180546163584], [0.9758969186323171, 53.00012400429959], [0.9759498860919039, 53.000005623399005], [0.9760629698198854, 52.999934008082754], [0.9761760535478667, 52.99985507573721], [0.9762325954118575, 52.999783763978364], [0.9763133904441654, 52.99978475311565], [0.9763814011421978, 52.999671669387666], [0.9764771102939481, 52.999615127523676], [0.9765718465958019, 52.999552282126245], [0.9766849303237832, 52.99948547246683], [0.976793914539836, 52.99938896006771], [0.9769110977797462, 52.999366048674055], [0.9769758429429968, 52.9994455019317], [0.9769531715836408, 52.999558585659685], [0.9768974474158408, 52.999615127523676], [0.97681712105048, 52.999671669387666], [0.9767517429151983, 52.99978475311565], [0.9767057130110606, 52.99989783684363], [0.9766283884597926, 52.999954538498606], [0.9765530277053669, 52.99995437870762], [0.9765126360920029, 53.0000674624356], [0.9765344133932566, 53.00012400429959], [0.9765718465958019, 53.000134559995246], [0.9765207213334991, 53.000293629891566], [0.9764850723180201, 53.000237088027575], [0.9764281035534781, 53.000180546163584], [0.9763456791398389, 53.00026491100535], [0.9764022210038297, 53.00032608597609], [0.9764022210038297, 53.00041598319904], [0.9763456791398389, 53.0005447191868], [0.9762018474414057, 53.00057633921152], [0.9762325954118575, 53.00070139097547], [0.9762891372758482, 53.00058373316467], [0.9763456791398389, 53.00069066406433], [0.9764155233234681, 53.00080250666748], [0.9763210528029255, 53.000859048531474], [0.9763568919662875, 53.000972132259456], [0.9764022210038297, 53.00104822619288], [0.9764022210038297, 53.00114912279445], [0.9764587628678204, 53.001254843851044], [0.9765352439579447, 53.00136792530739], [0.9766578998952902, 53.00142446717138], [0.976741472187774, 53.00151072744987], [0.9768063448549466, 53.00142446717138], [0.9767734713519801, 53.0013113834434], [0.9767737867698504, 53.00114175785143], [0.976775816269691, 53.000972132259456], [0.976783838974105, 53.00080250666748], [0.9768321651428422, 53.0006894229395], [0.9768751100420355, 53.00057633921152], [0.9769241429917429, 53.00046325548354], [0.976970136965353, 53.00035017175556], [0.9770473492621133, 53.000237088027575], [0.9770970015951576, 53.00012400429959], [0.9771938070996997, 53.000036449772075], [0.9772802300872555, 52.99995437870762], [0.9773543472500471, 52.99984129497964], [0.9774199745556627, 52.99977431036048], [0.9774837243443443, 52.999671669387666], [0.9775421886785565, 52.999558585659685], [0.9775330582836441, 52.99947790311434], [0.9775906110459356, 52.99938896006771], [0.9776653117882435, 52.99927587633973], [0.9777026838756162, 52.999153956688495], [0.9777871251610586, 52.999049708883774], [0.9778210103222555, 52.99893662515579], [0.9778157676035977, 52.998817036253904], [0.9777877314147279, 52.99865391583584], [0.9778349387701378, 52.99854083210786], [0.9779288513315791, 52.998465792107204], [0.9779853931955699, 52.998369109112126], [0.9780984769235512, 52.9982592056558], [0.978155018787542, 52.99818506956939], [0.978251339498951, 52.99808849719593], [0.9783246443795142, 52.99802199395682], [0.9784261474878478, 52.99791887160396], [0.9784942699714864, 52.99785247118189], [0.9785927546848113, 52.997749246011985], [0.9786638955634585, 52.997672956492174], [0.9787567829821562, 52.99757962042001], [0.9788335211554307, 52.99748330728212], [0.9788960267345912, 52.99740999482804]]}}, {"type": "Feature", "properties": {"depth": -10.0}, "geometry": {"type": "LineString", "coordinates": [[0.9682421056277664, 53.001594092763355], [0.9682978998563169, 53.00170717649134], [0.968260192589166, 53.00184771139302], [0.9681622473455885, 53.00176371835533], [0.9681444282796982, 53.001650634627346], [0.9682036507251752, 53.00156949985579]]}}, {"type": "Feature", "properties": {"depth": -10.0}, "geometry": {"type": "LineString", "coordinates": [[0.971087285788702, 53.00159001507861], [0.971087285788702, 53.001657384192896], [0.971156792044471, 53.00176371835533], [0.9712165810184115, 53.00170717649134], [0.9711438276526927, 53.00162672488072]]}}, {"type": "Feature", "properties": {"depth": -10.0}, "geometry": {"type": "LineString", "coordinates": [[0.9713642469367906, 53.001537550899364], [0.9713866189532464, 53.001650634627346], [0.9713575809319865, 53.001594092763355], [0.9713134532446649, 53.00150259150909]]}}, {"type": "Feature", "properties": {"depth": -10.0}, "geometry": {"type": "LineString", "coordinates": [[0.9782115606515327, 53.00081777346721], [0.9782115606515327, 53.000927341063175], [0.9782753250544676, 53.000972132259456], [0.9782290851474135, 53.000859048531474]]}}, {"type": "Feature", "properties": {"depth": -10.0}, "geometry": {"type": "LineString", "coordinates": [[0.971087285788702, 53.00065798246564], [0.9710307439247112, 53.00076403836161], [0.9710307439247112, 53.00089687709569], [0.9710912008885408, 53.00080250666748], [0.971087285788702, 53.00065798246564]]}}, {"type": "Feature", "properties": {"depth": -10.0}, "geometry": {"type": "LineString", "coordinates": [[0.9820808662123409, 52.997014201780104], [0.982149328741233, 52.997127285508085], [0.9820564074029017, 52.997088723661676], [0.9819998655389109, 52.997199832859486], [0.9819656498546695, 52.99735345296405], [0.9819071143828088, 52.99729691110006], [0.9818302399469389, 52.997327482157345], [0.9817534912562026, 52.99735345296405], [0.9816781813270985, 52.99729691110006], [0.9816186267811498, 52.99735345296405], [0.9815475306269852, 52.99735746067919], [0.9814344468990037, 52.99742161837187], [0.9813401099291664, 52.99752307855602], [0.9814040418225161, 52.997636162284], [0.9814344468990037, 52.99769407435079], [0.9813371103992734, 52.997636162284], [0.9812648213070316, 52.997556734215166], [0.9811897187836803, 52.99752307855602], [0.9812129920426336, 52.997636162284], [0.9811299674409114, 52.997692704147994], [0.9810386538510687, 52.99775426759385], [0.9809791109713777, 52.997805787875976], [0.9809821119870781, 52.997726419576786], [0.9809188885179656, 52.997692704147994], [0.9808690282590966, 52.99783660523954], [0.9807946045020781, 52.997805787875976], [0.980824781476997, 52.99791887160396], [0.9806994026671244, 52.99795296246172], [0.980625456180789, 52.99797541346795], [0.9805675503761453, 52.99791887160396], [0.9805297770751522, 52.99803772171762], [0.9804552886966407, 52.99803195533194], [0.9804828727259949, 52.99814503905992], [0.9804166933471709, 52.99810541082788], [0.9803036096191894, 52.998178378447165], [0.9802289434272424, 52.99814503905992], [0.9801905258912079, 52.998232693251246], [0.9801339840272172, 52.99827038781455], [0.9800470739353992, 52.9982581227879], [0.9800195785570704, 52.998371206515884], [0.9799139657059468, 52.998484290243866], [0.9798512747072636, 52.998450674938525], [0.9798042337731228, 52.99859737397185], [0.9797129442389644, 52.99859737397185], [0.9796251072513007, 52.99849560825909], [0.9796251072513007, 52.99861010009496], [0.9795894271215585, 52.99871045769983], [0.9795364760584064, 52.99876699956382], [0.9794957235629204, 52.99882354142781], [0.9795135403456415, 52.99893662515579], [0.9794554816593286, 52.99893603546808], [0.979379822181276, 52.9988800832918], [0.9792928536292006, 52.99899316701978], [0.9792557644177136, 52.999106250747765], [0.9791727723393749, 52.99906186572439], [0.9791411979851969, 52.99921933447575], [0.9790617759322874, 52.99933241820372], [0.9790382308998385, 52.99938896006771], [0.9789466048834121, 52.99943075399325], [0.9788900630194214, 52.99932888475544], [0.9788653262501671, 52.9994455019317], [0.9788900630194214, 52.99950219694608], [0.9788218923305467, 52.999558585659685], [0.9787660626044015, 52.999502043795694], [0.9787769792914399, 52.99965117184146], [0.9787631020569946, 52.999671669387666], [0.9787028769777163, 52.99972821125166], [0.9786442075866351, 52.99978475311565], [0.9785836899909877, 52.99984129497964], [0.9786113835265823, 52.99995437870762], [0.9785508118354771, 52.99992133499335], [0.9784565309615085, 53.00001092057161], [0.9784227084529686, 53.00012400429959], [0.9783246443795142, 53.00009742631251], [0.9782539193307277, 53.0000674624356], [0.978294343994563, 53.000180546163584], [0.9782767747191752, 53.00035017175556], [0.9782479640397693, 53.00046325548354], [0.9782681025155234, 53.00060948529313], [0.9783373559329037, 53.00057633921152], [0.978290223548703, 53.0006894229395], [0.9782213779769732, 53.00080250666748], [0.9783246443795142, 53.00089120186247], [0.9783811862435049, 53.00078730142576], [0.9784791691232225, 53.0006894229395], [0.9785508118354771, 53.000590634665656], [0.9786073536994677, 53.00049673711946], [0.9786777600735136, 53.00040671361955], [0.9787569595556614, 53.000293629891566], [0.9788335211554307, 53.000192735602205], [0.9788950364145127, 53.00012400429959], [0.9790031467474029, 53.0000282643402], [0.9790790916441101, 52.99995437870762], [0.9791727723393749, 52.99984825863931], [0.9792293142033657, 52.99977291169727], [0.9793423979313471, 52.999674858696146], [0.9794024663776979, 52.999615127523676], [0.9795120235233192, 52.99950432805626], [0.9795964906822842, 52.9994455019317], [0.9796816491152914, 52.999347683343494], [0.9797947328432729, 52.99932563900774], [0.9799078165712544, 52.99926092393911], [0.9800209002992357, 52.99919547217209], [0.9800774421632265, 52.99909865517987], [0.9801905258912079, 52.99901700776024], [0.9803036096191894, 52.99896146002027], [0.9804008513393222, 52.9988800832918], [0.9804936902179539, 52.99882354142781], [0.9805930320495959, 52.99876699956382], [0.9806994026671244, 52.99869458790801], [0.9807729627378599, 52.99859737397185], [0.9808690282590966, 52.99852199320781], [0.9809821119870781, 52.99845004688835], [0.9810951957150594, 52.99840448651763], [0.981202242351127, 52.99831466465189], [0.9812898139066135, 52.9982581227879], [0.9813779050350131, 52.998157368964414], [0.9814706845774027, 52.99808849719593], [0.9815632650805237, 52.99803195533194], [0.9816606143549667, 52.99792809894908], [0.9817637322368914, 52.99786232973997], [0.9818411427376729, 52.997805787875976], [0.9819195825493471, 52.997749246011985], [0.9819913220531901, 52.997692704147994], [0.9820564074029017, 52.997606697035536], [0.9821317894482876, 52.99752307855602], [0.9822260329948739, 52.99752792449892], [0.9822825748588646, 52.99745293341128], [0.982366229179931, 52.99746653669203], [0.9824522004508367, 52.99739564718513], [0.9825297671798818, 52.99740999482804], [0.9826218260428089, 52.99730579195537], [0.9826805300889198, 52.99735345296405], [0.9827349097707904, 52.99721383815528], [0.9828113159078341, 52.99724036923607], [0.9829045353627626, 52.99717750729523], [0.9829893602043097, 52.997127285508085], [0.9830225624191142, 52.997183827372076], [0.9831072413772759, 52.997127285508085], [0.9831704182935705, 52.997070743644095], [0.9832345438188139, 52.997127285508085], [0.9832675115941129, 52.997070743644095], [0.9833568702746882, 52.99712631399954], [0.983456062602272, 52.997070743644095], [0.9835264958666604, 52.99702240469239], [0.98362027998225, 52.997014201780104], [0.9836656632602657, 52.99695765991611], [0.9837008798393552, 52.99690111805212], [0.9837674505783423, 52.99695765991611], [0.9838657470506047, 52.996882139517304]]}}, {"type": "Feature", "properties": {"depth": -10.0}, "geometry": {"type": "LineString", "coordinates": [[0.9729531673003957, 53.000333896153585], [0.9728855475331213, 53.00040671361955], [0.9729472443487545, 53.00051979734753], [0.9729792680997617, 53.00046325548354], [0.9729531673003957, 53.000333896153585]]}}, {"type": "Feature", "properties": {"depth": -10.0}, "geometry": {"type": "LineString", "coordinates": [[0.9730662510283772, 52.99981060226786], [0.9730428774472569, 52.99995437870762], [0.9730896920394423, 53.00001092057161], [0.9730715885119333, 52.99984129497964]]}}, {"type": "Feature", "properties": {"depth": -10.0}, "geometry": {"type": "LineString", "coordinates": [[0.9738123586873157, 52.99978475311565], [0.9738786897299558, 52.99989783684363], [0.9738543493914289, 52.99995437870762], [0.9737818930569774, 52.99984129497964], [0.9738123586873157, 52.99978475311565]]}}, {"type": "Feature", "properties": {"depth": -10.0}, "geometry": {"type": "LineString", "coordinates": [[0.9808690282590966, 52.99965427386679], [0.9808637600823144, 52.99978475311565], [0.9809059001828943, 52.99984129497964], [0.9808888692315423, 52.999671669387666]]}}, {"type": "Feature", "properties": {"depth": -10.0}, "geometry": {"type": "LineString", "coordinates": [[0.9637327584975091, 52.999106250747765], [0.9636758429884447, 52.99921933447575], [0.9636803016059177, 52.99930212916063], [0.9635697274221837, 52.99938896006771], [0.96353393605194, 52.99933241820372], [0.9634409812813053, 52.99933241820372], [0.9634541341499547, 52.99942390405241], [0.963397592285964, 52.99950798789728], [0.9632882445543447, 52.999502043795694], [0.9632845085579826, 52.9994920497159], [0.9632363258567233, 52.99938896006771], [0.9632108928330335, 52.9994455019317], [0.9631714248300012, 52.99959709639543], [0.9630908792406382, 52.999502043795694], [0.9630550431717558, 52.99938896006771], [0.963051673282141, 52.99921933447575]]}}, {"type": "Feature", "properties": {"depth": -10.0}, "geometry": {"type": "LineString", "coordinates": [[0.9683171433590123, 52.99859737397185], [0.9683010434675331, 52.99865391583584], [0.96817193355461, 52.99865391583584], [0.9682129392676818, 52.99876699956382], [0.9681471088611845, 52.99874942112324], [0.9680905669971938, 52.99877843443402], [0.9680621268577562, 52.9988800832918], [0.9680245869137687, 52.99893662515579], [0.9679617395847128, 52.9988800832918], [0.9679001268417224, 52.99893662515579], [0.9678318547411029, 52.99899316701978], [0.9677903028972258, 52.999049708883774], [0.9677014849621013, 52.99893662515579], [0.9676927071897411, 52.99899316701978], [0.9676947739492587, 52.9990771335312], [0.967638232085268, 52.99914400078864], [0.9675816902212773, 52.99916919392555], [0.9674865924206588, 52.999162792611756], [0.9674301706727932, 52.99927587633973], [0.9673555227653144, 52.99924417154102], [0.9672989809013237, 52.99935531545873], [0.96722226888914, 52.99927587633973], [0.9671293553093515, 52.99927682496797], [0.9671806738273376, 52.99921933447575], [0.9672502668151969, 52.999162792611756], [0.967242439037333, 52.99905468154677], [0.9672989809013237, 52.9989757034426], [0.9673555227653144, 52.998897930037586], [0.9674045325509425, 52.99882354142781], [0.9674686064932959, 52.998735895414804]]}}, {"type": "Feature", "properties": {"depth": -10.0}, "geometry": {"type": "LineString", "coordinates": [[0.9814909887629945, 52.999190121407494], [0.9814856367143932, 52.99933241820372], [0.9815475306269852, 52.999277112649054], [0.9815287758588662, 52.99921933447575]]}}, {"type": "Feature", "properties": {"depth": -10.0}, "geometry": {"type": "LineString", "coordinates": [[0.9673555227653144, 52.99909048864649], [0.9672989809013237, 52.9991132034167], [0.9674120646293052, 52.99917457102391], [0.9673638708178856, 52.999106250747765]]}}, {"type": "Feature", "properties": {"depth": -10.0}, "geometry": {"type": "LineString", "coordinates": [[0.9721673190693296, 52.99814503905992], [0.9721261156072715, 52.9982581227879], [0.9720878834015126, 52.99831466465189], [0.9719837651081088, 52.99831466465189], [0.9718873620515072, 52.998371206515884], [0.9718696038054077, 52.998427748379875], [0.9717657881565906, 52.99842511471872], [0.9717093798000725, 52.99854083210786], [0.9716670334358095, 52.998484290243866], [0.9716160341959356, 52.99854083210786], [0.971541273168027, 52.998484290243866], [0.9715289023843433, 52.99854083210786], [0.9714975468333096, 52.99871045769983], [0.9714265369726462, 52.9987006369559], [0.9713757655918331, 52.99882354142781], [0.9713451232062689, 52.99876699956382], [0.9712723413752431, 52.99882354142781], [0.9712564979285426, 52.99876699956382], [0.9713018086621378, 52.99865391583584], [0.9713699951086556, 52.998589708004225], [0.9714111879871852, 52.998427748379875], [0.9714265369726462, 52.99831262542172]]}}, {"type": "Feature", "properties": {"depth": -10.0}, "geometry": {"type": "LineString", "coordinates": [[0.9694328430739199, 52.998484290243866], [0.9694475717329711, 52.99855149823746], [0.9693404387998368, 52.99854083210786], [0.9693344880049897, 52.99866118487756], [0.9692779461409989, 52.998565317126165], [0.9691885061594976, 52.99854083210786], [0.9692374401909782, 52.99865391583584], [0.9692153345574426, 52.99871045769983], [0.9691083205490267, 52.99875401656861], [0.9689952368210453, 52.99867256519341], [0.9689386949570546, 52.99877107285934], [0.9688821530930639, 52.99870297608268], [0.9688020707514975, 52.99865391583584], [0.9687125275010917, 52.99864096272357], [0.9686284586770002, 52.99865391583584], [0.9685429019091196, 52.99855124091938], [0.9684603774026919, 52.99859737397185]]}}, {"type": "Feature", "properties": {"depth": -10.0}, "geometry": {"type": "LineString", "coordinates": [[1.1178020431130742, 52.981408647318666], [1.1178699647086117, 52.98138951756579], [1.118017516814274, 52.981408647318666], [1.1180961321645746, 52.981366011521565], [1.1182445843387665, 52.981408647318666], [1.1183222996205375, 52.981388049374814], [1.1184128357771357, 52.981408647318666], [1.1184919252125096, 52.981411563304306], [1.118605008940491, 52.98140347276906], [1.1186879659133255, 52.981408647318666], [1.1187715842408819, 52.98146518918266], [1.1188140916598153, 52.981408647318666], [1.1189169183804102, 52.981408647318666], [1.119057343852417, 52.981432292727604], [1.1191284851722731, 52.981408647318666], [1.1192835113083797, 52.98144904521648], [1.119453136900352, 52.981443971553546], [1.1196054238586448, 52.98146518918266], [1.1196793043563147, 52.98144480525552], [1.1197605015149297, 52.98146518918266], [1.119848929948287, 52.98140830778461], [1.1199620136762685, 52.981462374246014], [1.12007509740425, 52.981476918660334], [1.1201610064099956, 52.98146518918266], [1.120244722996222, 52.98144756365296], [1.1203545004346522, 52.98146518918266], [1.120414348588194, 52.98148366899129], [1.1205274323161756, 52.981458304374236], [1.120638508805125, 52.98152173104665], [1.1206970579081477, 52.981508224927445], [1.120760783906967, 52.98152173104665], [1.1209153363593383, 52.98152173104665], [1.1209797672281012, 52.9814706856745], [1.1210721757063156, 52.98152173104665], [1.1211602975451609, 52.98152173104665], [1.121262476548055, 52.98150954631173], [1.1213190184120456, 52.98160503497905], [1.1213755602760365, 52.98150958153516], [1.121432102140027, 52.98160278933618], [1.1215451858680086, 52.98156016216662], [1.121631540892034, 52.98157827291064], [1.1217148114599806, 52.98159710449633], [1.121827895187962, 52.98157362785499], [1.1219409789159436, 52.98159910532857], [1.122054062643925, 52.98157195762526], [1.1221671463719065, 52.981610540925935], [1.1223109400739648, 52.98163481477463], [1.1223933138278692, 52.98160162082179], [1.1225629394198415, 52.98162213006293], [1.122672485384136, 52.98163481477463], [1.1227891068758045, 52.98162542150704], [1.122902190603786, 52.981647253257215], [1.1230152743317672, 52.9816307591969], [1.1231000077847189, 52.98163481477463], [1.1231848999237395, 52.981638943079886], [1.1232582665764068, 52.98163481477463], [1.1233545255157116, 52.981622875687584], [1.1234110673797022, 52.98170366854015], [1.123467609243693, 52.98161599552473], [1.1235241511076837, 52.9817081291623], [1.1236012881697086, 52.98169135663862], [1.123693776699656, 52.98167334432686], [1.1238068604276374, 52.98169710121885], [1.123919944155619, 52.98168440748311], [1.1240330278836002, 52.981691924902094], [1.1241461116115816, 52.98166689805475], [1.124259195339563, 52.981692211465464], [1.1243722790675446, 52.981678832707836], [1.1244437832499499, 52.98169135663862], [1.1245419046595166, 52.98171702447246], [1.1246259394839098, 52.98169135663862], [1.124711530251489, 52.981682319803234], [1.1247973268302969, 52.98169135663862], [1.1249355746852199, 52.98163481477463], [1.1249942395714425, 52.98164469498646], [1.125107323299424, 52.98162172814638], [1.1251726041715264, 52.98157827291064], [1.125276948891396, 52.98163490341877], [1.125333490755387, 52.981579449630274], [1.1253344873171576, 52.98157827291064], [1.1254569197429802, 52.98157827291064], [1.1255913299002656, 52.98157827291064], [1.125672741939331, 52.981536968830994], [1.1257466040526944, 52.98152173104665], [1.1258423675313032, 52.98150774888791], [1.1259837064631666, 52.98146518918266], [1.1260685349872661, 52.98151050450251], [1.1261440327864403, 52.98146518918266], [1.1262526693928745, 52.98146518918266], [1.1262381605792382, 52.981380020084906], [1.1263197745444802, 52.981408647318666], [1.1264077861712105, 52.9814186428791], [1.1264643280352011, 52.98132566749662], [1.1265774117631826, 52.98137130515981], [1.1266438850796516, 52.981352105454675], [1.126747037355155, 52.98131506664299], [1.1268225148320747, 52.981352105454675], [1.126916662947127, 52.981407173071766], [1.1269999020158472, 52.981295563590685], [1.127086288539099, 52.98131395075471], [1.127188929339544, 52.981239021726694], [1.1272559141310712, 52.98115974197057], [1.127216387476114, 52.981239021726694], [1.127265157703933, 52.981295563590685], [1.1273689978590526, 52.98131304315826], [1.1273689978590526, 52.981203781111226], [1.1273689978590526, 52.98111673225035], [1.1274255397230435, 52.98121887329677], [1.1274820815870341, 52.98110990760954], [1.1275413904156784, 52.98106939613472], [1.1276047707739485, 52.9811824798627], [1.1276841535662097, 52.98112593799871], [1.1277104111363334, 52.98106939613472], [1.1278211428155194, 52.98112593799871], [1.1279321884942923, 52.98106939613472], [1.1279420311636228, 52.98112593799871], [1.1280346786518831, 52.9811824798627], [1.1280475002269414, 52.98102168192432], [1.1281066880942805, 52.98101285427073], [1.1282736676829042, 52.98105495999246], [1.1284108304078138, 52.98101285427073], [1.128499835138867, 52.98095043891033], [1.1284660334771606, 52.98101285427073], [1.128556377002858, 52.981110027541185], [1.1286563461252357, 52.98106939613472], [1.1286981222415904, 52.98101285427073], [1.1287638956040733, 52.98106939613472], [1.128806595115264, 52.98101285427073], [1.128865052758482, 52.98106939613472], [1.1289294563625318, 52.98101285427073], [1.1290087119147836, 52.98094070083756], [1.1290515247602915, 52.98106939613472], [1.1290994989680643, 52.98101285427073], [1.129178337506756, 52.980923878516194], [1.1292362002898395, 52.98089977054275], [1.1293156824922144, 52.98101285427073], [1.1293569262734173, 52.98106939613472], [1.1294045049627186, 52.98092660940125], [1.129483281691404, 52.98095631240674], [1.129574130554691, 52.98095882941931], [1.1296311969426993, 52.98089977054275], [1.1296904822039064, 52.98084322867876], [1.1297857237132356, 52.98089977054275], [1.1298328524757035, 52.98084322867876], [1.129913381738635, 52.980901117224946], [1.129969923602626, 52.98082315850408], [1.1300058598258194, 52.98095631240674], [1.1300397353157547, 52.98089977054275], [1.1301253887414995, 52.98078668681477], [1.1301960910585886, 52.98080403081323], [1.1303091747865701, 52.98077190003483], [1.130416344093012, 52.98078668681477], [1.1304467263244087, 52.98084322867876], [1.130535342242533, 52.980794032577435], [1.1305830200298468, 52.980673603086785], [1.130621850967267, 52.980730144950776], [1.1306541761452806, 52.98078668681477], [1.1307049678345051, 52.98066434876841], [1.1308180515624866, 52.980673667200975], [1.1308953432313458, 52.98078668681477], [1.130955755260167, 52.98084322867876], [1.130987677154459, 52.98071729656792], [1.1310241171364757, 52.98084322867876], [1.1310461067634712, 52.98089977054275], [1.1310717529129004, 52.980730144950776], [1.131146421530079, 52.98078668681477], [1.1311980317909442, 52.980730144950776], [1.131228302527728, 52.98078668681477], [1.1313204293487422, 52.980730144950776], [1.1313506339890782, 52.98078668681477], [1.131431669300433, 52.980730144950776], [1.131497603245199, 52.980730144950776], [1.1316096376583569, 52.980716914558144], [1.1317149323473252, 52.980730144950776], [1.131779263250329, 52.980771036529106], [1.1318543749077064, 52.98078668681477], [1.131834981982799, 52.980673603086785], [1.1318923469783104, 52.98072045681895], [1.131948888842301, 52.98061533787175], [1.1320020768416346, 52.980730144950776], [1.1320081451389636, 52.98078668681477], [1.1320430630318858, 52.980617061222794], [1.1321185144342731, 52.980673394114746], [1.1322026579581712, 52.980617061222794], [1.1322315981622546, 52.98074017052565], [1.1323409397284823, 52.980730144950776], [1.132401223754227, 52.98068517935781], [1.1324577656182175, 52.980802130610414], [1.1325143074822082, 52.98072675581203], [1.1326273912101896, 52.980663802996496], [1.132740474938171, 52.980685873305575], [1.132840173771059, 52.980730144950776], [1.1328778617561261, 52.980673603086785], [1.132966642394134, 52.98064180175233], [1.1330473760818423, 52.980673603086785], [1.1331848403745786, 52.980617061222794], [1.1332493517140876, 52.98067236863887], [1.133362435442069, 52.980607687578804], [1.1334465299542316, 52.980673603086785], [1.133515269979395, 52.980617061222794], [1.1335734391782288, 52.980673603086785], [1.1336310891200845, 52.980617061222794], [1.1336495752446694, 52.980673603086785], [1.1337116907503753, 52.980730144950776], [1.1337560929890182, 52.980560519358804], [1.1337796447053887, 52.980617061222794], [1.133814770353995, 52.98075818619574], [1.1338634067541513, 52.980617061222794], [1.1339005051542026, 52.980673603086785], [1.133984395945967, 52.980654678123585], [1.13407004370643, 52.980673603086785], [1.134138198574545, 52.980617061222794], [1.134195125265705, 52.980560519358804], [1.1342671052659206, 52.980583635606465], [1.1343236471299112, 52.980498391028945], [1.1344206134217683, 52.98050397749481], [1.1344588625265255, 52.980560519358804], [1.1345498145858741, 52.98051276539012], [1.1346347591582704, 52.980560519358804], [1.1346900115811986, 52.98050397749481], [1.13473780022919, 52.980560519358804], [1.134832523905828, 52.98057947852795], [1.134832523905828, 52.98045276925002], [1.1348890657698185, 52.98044684207222], [1.134913685237302, 52.980560519358804], [1.134984965209108, 52.98050397749481], [1.1350030163225389, 52.98044743563082], [1.1351152332257815, 52.98043418588111], [1.1350790716532062, 52.98050397749481], [1.135228316953763, 52.980515712936764], [1.1353060474338377, 52.980560519358804], [1.1353395035081628, 52.98039089376683], [1.135357216663557, 52.98044743563082], [1.1353588748832744, 52.980617061222794], [1.1354021156923018, 52.980560519358804], [1.1354516318560899, 52.98039089376683], [1.1354601262499977, 52.98044743563082], [1.135567568137707, 52.98040290355184], [1.1356500161802956, 52.98050397749481], [1.1357371937296792, 52.98057198140711], [1.1357062980179724, 52.98050397749481], [1.1356743374452698, 52.98039089376683], [1.1357371937296792, 52.98032112293905], [1.1356957174108087, 52.98039089376683], [1.135781658906847, 52.98050397749481], [1.1358240215909658, 52.98044743563082], [1.1358502774576609, 52.98032174382429], [1.135887361018321, 52.98044743563082], [1.1359633611856421, 52.980393183950056], [1.136034957962532, 52.98044743563082], [1.136093747256857, 52.98039089376683], [1.136065638248171, 52.98050397749481], [1.1361329867776144, 52.980583834014524], [1.136158573930622, 52.98044743563082], [1.136189528641605, 52.980310953092896], [1.1362098761610075, 52.98044743563082], [1.1362303208412312, 52.980617061222794], [1.1362572486446123, 52.980560519358804], [1.136289981449723, 52.98039089376683], [1.1363525678813384, 52.98044743563082], [1.136415696097568, 52.98052268170837], [1.1364891627262712, 52.98044743563082], [1.1365563686652878, 52.98039089376683], [1.1365946832393616, 52.98044743563082], [1.13658532168954, 52.980332572265304], [1.136594162571563, 52.98027781003885], [1.1366723486460673, 52.98039089376683], [1.1367346915880074, 52.98033435190284], [1.136803635065949, 52.98022126817486], [1.136811489145503, 52.980233980655285], [1.1368035152997558, 52.98039089376683], [1.1368353477984694, 52.98033435190284], [1.1369245728734845, 52.98036892306721], [1.1370188125809308, 52.98027781003885], [1.1370941984654566, 52.9802207397983], [1.1371822374031644, 52.98016472631087], [1.1372509202658616, 52.98022126817486], [1.1373203659214195, 52.98027419011903], [1.1373865153979468, 52.98027781003885], [1.1373591762434778, 52.98016472631087], [1.1374403474848107, 52.98016472631087], [1.1375350966604805, 52.98010818444688], [1.1375541468507313, 52.980051642582886], [1.1376178572020772, 52.98010818444688], [1.1377161589693545, 52.980022292229386], [1.1377647963459427, 52.98016472631087], [1.1377025619527075, 52.98027781003885], [1.1377161589693545, 52.980396437525364], [1.1377294271384517, 52.98027781003885], [1.1377767870818023, 52.98016472631087], [1.1378591748219375, 52.98010818444688], [1.1378857845613266, 52.98024325554403], [1.1379080552956422, 52.98010818444688], [1.1379751135543592, 52.980051642582886], [1.1380266593536486, 52.98010818444688], [1.1380786471164397, 52.979995100718895], [1.1381684938812802, 52.98003407743663], [1.1382332546408491, 52.979995100718895], [1.1383381194732525, 52.97995471119212], [1.138451203201234, 52.98003557835805], [1.1384799723675303, 52.98016472631087], [1.1384726424520162, 52.98033435190284], [1.1385642869292154, 52.98028647570551], [1.1385642869292154, 52.98041331260188], [1.1385077450652246, 52.98050977417371], [1.138394661337243, 52.98058764517612], [1.1383266717447755, 52.980673603086785], [1.1383381194732525, 52.98076612404649], [1.1383525386021398, 52.98084322867876], [1.1384133728680887, 52.98095631240674], [1.1383824402117382, 52.98101285427073], [1.1383381194732525, 52.98087100734074], [1.1383130138301, 52.98101285427073], [1.1383443467688175, 52.98112593799871], [1.1383381194732525, 52.98127386345235], [1.1383448016803972, 52.981352105454675], [1.1382873503462485, 52.98146518918266], [1.138225035745271, 52.98153999794042], [1.138257213096249, 52.98163481477463], [1.1382315764877304, 52.9818044403666], [1.1381684938812802, 52.98189628470269], [1.1380941205905761, 52.981974065958575], [1.1381684938812802, 52.98207416578994], [1.1382815776092619, 52.982090993846], [1.138394661337243, 52.98203763932693], [1.1385642869292154, 52.982064242547104], [1.1386773706571969, 52.9819933971344], [1.1387904543851781, 52.9819713535081], [1.1389488723993009, 52.981917524094584], [1.139073163705132, 52.98191477872987], [1.1392322501743464, 52.98186098223059], [1.1393558730250855, 52.981846686712196], [1.1395254986170575, 52.98181869566657], [1.139638582345039, 52.98176562862577], [1.1397489272920343, 52.98169135663862], [1.1398414043298837, 52.98163481477463], [1.1399212916649926, 52.981571636288066], [1.1400020935775645, 52.98157827291064], [1.1401004661891485, 52.98152173104665], [1.1402173522124053, 52.98152173104665], [1.1403170847129276, 52.981465621489704], [1.140430168440909, 52.98145983007793], [1.1405432521688905, 52.98149328169311], [1.140656335896872, 52.981463620487204], [1.1407627308732176, 52.98152173104665], [1.1408060053922264, 52.98146518918266], [1.140882503352835, 52.98147261823877], [1.1409764017811466, 52.981408647318666], [1.141052128944807, 52.98144460116957], [1.1411086708087979, 52.98134984362978], [1.1411652126727885, 52.98142664141857], [1.1412642848878625, 52.981408647318666], [1.141307472886525, 52.981352105454675], [1.1413913801287514, 52.981255633667345], [1.1415044638567329, 52.98130901620425], [1.1415610057207235, 52.98122326171186], [1.1416175475847141, 52.98133189851788], [1.141674089448705, 52.981211994115625], [1.1417871731766864, 52.981281830770214], [1.141900256904668, 52.981211740237484], [1.1420309964021162, 52.9811824798627], [1.1421264243606308, 52.9812308216552], [1.1422017629276628, 52.9811824798627], [1.142296049952603, 52.98117907051198], [1.1423919706168082, 52.9811824798627], [1.142456567270365, 52.981239021726694], [1.1425222174085659, 52.98119389319739], [1.1425787592725565, 52.981099348640676], [1.142691843000538, 52.981133916056116], [1.1428049267285194, 52.981076723946224], [1.142920444169741, 52.98106939613472], [1.14286146859251, 52.98097266719651], [1.1428688379855072, 52.98095631240674], [1.1429745523204915, 52.98103027425583], [1.1430380705080174, 52.98106939613472], [1.1429861490468771, 52.98095631240674], [1.143087636048473, 52.98089058950371], [1.1430696390572157, 52.98095631240674], [1.1432007197764544, 52.9809600321776], [1.1431602839396215, 52.98089977054275], [1.143257261640445, 52.98084042696083], [1.1433703453684265, 52.98087499814115], [1.1433518646789396, 52.98078668681477], [1.1434268872324171, 52.980819681361055], [1.143521519255343, 52.98078668681477], [1.1435965128243895, 52.98074358777559], [1.1436596883726096, 52.980730144950776], [1.1437661384163615, 52.980793000244674], [1.1438226802803524, 52.98069794493953], [1.1439357640083339, 52.980756134074916], [1.143931428024005, 52.980673603086785], [1.1439923058723245, 52.98069075868369], [1.1440612300361652, 52.980730144950776], [1.1440333587962828, 52.980617061222794], [1.144105389600306, 52.980650162765556], [1.1442184733282874, 52.980577846077395], [1.144301528645454, 52.980560519358804], [1.1443880989202595, 52.980636663666644], [1.144501182648241, 52.98058301525866], [1.1445591884243804, 52.98050397749481], [1.144670808240213, 52.98052856833032], [1.1447535464184233, 52.98050397749481], [1.144819963994088, 52.98044743563082], [1.1448942707035088, 52.98050397749481], [1.1449127504021677, 52.98044743563082], [1.1450100594241575, 52.980342981786514], [1.144981636196404, 52.98027781003885], [1.1450170380258284, 52.98022126817486], [1.1450849722111704, 52.98033435190284], [1.1451796850161295, 52.98030094221663], [1.1452799773718338, 52.98027781003885], [1.145352582269425, 52.98027781003885], [1.145342375562974, 52.98016472631087], [1.1453981027966154, 52.98022126817486], [1.145430542463697, 52.98016472631087], [1.1454835181174687, 52.98022126817486], [1.1455660701008759, 52.98016472631087], [1.1456314914628052, 52.98022126817486], [1.145704384535809, 52.98022126817486], [1.1456762124203956, 52.98010818444688], [1.145688561792046, 52.979990910213026], [1.1457161419967787, 52.98010818444688], [1.1457809143802227, 52.980051642582886], [1.1458240045781751, 52.979995100718895], [1.145914729248009, 52.98007442642857], [1.1459070233220934, 52.979995100718895], [1.1459190689266954, 52.979938558854904], [1.1459870070281464, 52.980051642582886], [1.1460818348827928, 52.979995100718895], [1.146140896703972, 52.97992656783647], [1.1462495125633925, 52.979938558854904], [1.1462783301852233, 52.97988201699091], [1.1463420107802416, 52.979995100718895], [1.1463670834486264, 52.980051642582886], [1.1464159810117858, 52.97988201699091], [1.1464236060239255, 52.979789569525884], [1.1464236060239255, 52.97967026689591], [1.146480147887916, 52.97982371628153], [1.1465932316158975, 52.979756625887994], [1.1466497734798884, 52.97985666122263], [1.1467007910513176, 52.97971239139895], [1.1466497734798884, 52.97961657884426], [1.1467484435247668, 52.97965584953496], [1.1467428333552974, 52.979486223942985], [1.1468193990718605, 52.97941363329498], [1.1469258208276003, 52.979429682078994], [1.1469890246638326, 52.97945969138098], [1.1470455665278234, 52.9795725690288], [1.1470796083402293, 52.97971239139895], [1.1471389291985472, 52.97965584953496], [1.147102108391814, 52.97953153845722], [1.1471320054287555, 52.979429682078994], [1.1471833146960786, 52.97931659835101], [1.147102108391814, 52.9792197816876], [1.1470455665278234, 52.979326461732875], [1.1470455665278234, 52.97920759519414], [1.1470455665278234, 52.979095185076396], [1.1469437648540155, 52.97920351462303], [1.1468795623871317, 52.97931659835101], [1.1468193990718605, 52.97927149847742], [1.1468311556003763, 52.97926005648702], [1.146925739145111, 52.97920351462303], [1.146875940935851, 52.97912078024736], [1.1469625652352429, 52.97914697275904], [1.146932482799842, 52.97902143875774], [1.1468263352791375, 52.97897734716707], [1.1468151521409957, 52.97903388903106], [1.1467628572078699, 52.97892038909278], [1.146706315343879, 52.97902433836587], [1.1466497734798884, 52.978913049956425], [1.1465661712423632, 52.97897734716707], [1.146480147887916, 52.97894016046832], [1.146419787617749, 52.97897734716707], [1.1464236060239255, 52.978904487327384], [1.146390641365988, 52.978751179711104], [1.146310522295944, 52.97868626526099], [1.146210891338377, 52.978751179711104], [1.1462055937364157, 52.978920805303076], [1.1461914667516666, 52.978864263439085], [1.146140896703972, 52.97871273185408], [1.146084354839981, 52.978589757368056], [1.1460278129759904, 52.97873877897962], [1.1459504647035617, 52.97869463784711], [1.1458581873840181, 52.97868723750023], [1.1458016455200275, 52.978572858607976], [1.1457451036560369, 52.978689424391135], [1.1456320199280554, 52.97863467758865], [1.1455396235712232, 52.97869463784711], [1.1455754780640646, 52.9787738152619], [1.1454921977119457, 52.97869463784711], [1.145388044511145, 52.97863809598312], [1.145292768744111, 52.97864597363191], [1.1451796850161295, 52.978700224891256], [1.1450814883647316, 52.97869463784711], [1.1450100594241575, 52.97866315063448], [1.144896975696176, 52.97861811780962], [1.1447838919681945, 52.97865278322586], [1.144681106707632, 52.97858155411913], [1.1445577245122318, 52.97857814931903], [1.1444446407842501, 52.97851488768031], [1.1442914159892088, 52.97846847039115], [1.1442184733282874, 52.97847434321286], [1.144105389600306, 52.97843454720088], [1.1439923058723245, 52.97839901048547], [1.143879222144343, 52.978424314264856], [1.1437661384163615, 52.97838999607558], [1.1436806930453245, 52.97829884479918]]}}, {"type": "Feature", "properties": {"depth": -10.0}, "geometry": {"type": "LineString", "coordinates": [[1.127538623451025, 52.98107295031929], [1.1274820815870341, 52.98119958483769], [1.127538623451025, 52.98126498834837], [1.1275839371155154, 52.98112593799871]]}}, {"type": "Feature", "properties": {"depth": -10.0}, "geometry": {"type": "LineString", "coordinates": [[1.1382815776092619, 52.98018084790071], [1.1381705304247065, 52.98022126817486], [1.1381664267909768, 52.98027781003885], [1.1381759810843994, 52.98033435190284], [1.1382815776092619, 52.98038632062124], [1.138313395774892, 52.98022126817486]]}}, {"type": "Feature", "properties": {"depth": -10.0}, "geometry": {"type": "LineString", "coordinates": [[1.1382513229786193, 52.97976893326294], [1.1382859220793249, 52.97988201699091], [1.1382596870842887, 52.97982547512693], [1.138225035745271, 52.9797599159904]]}}, {"type": "Feature", "properties": {"depth": -10.0}, "geometry": {"type": "LineString", "coordinates": [[1.1468193990718605, 52.97946725910998], [1.1467770908692243, 52.979599307670966], [1.1468430664782054, 52.97971239139895], [1.146932482799842, 52.97978454079248], [1.1469017475674923, 52.97971239139895], [1.1468622047806123, 52.979599307670966], [1.1468193990718605, 52.97946725910998]]}}, {"type": "Feature", "properties": {"depth": -10.0}, "geometry": {"type": "LineString", "coordinates": [[1.1474413595757584, 52.97952790112353], [1.1474219119299862, 52.97965584953496], [1.1474512897539173, 52.97971239139895], [1.1474459667384738, 52.979542765806976]]}}, {"type": "Feature", "properties": {"depth": -10.0}, "geometry": {"type": "LineString", "coordinates": [[1.1472717339837861, 52.97913670290457], [1.1472591062389133, 52.97926005648702], [1.1472717339837861, 52.9794094940115], [1.1472820794238392, 52.97926005648702], [1.1472717339837861, 52.97913670290457]]}}, {"type": "Feature", "properties": {"depth": -10.0}, "geometry": {"type": "LineString", "coordinates": [[1.1477806107597028, 52.97918735252872], [1.1476879795361856, 52.97926005648702], [1.1477503311460098, 52.97931659835101], [1.1477966215815005, 52.97920351462303]]}}, {"type": "Feature", "properties": {"depth": -10.0}, "geometry": {"type": "LineString", "coordinates": [[1.1470455665278234, 52.97879928767125], [1.1469890246638326, 52.9788748299655], [1.1469890246638326, 52.979013739062324], [1.1470914555661644, 52.97903388903106], [1.147102108391814, 52.978968336836424], [1.1470558355892357, 52.978807721575095]]}}, {"type": "Feature", "properties": {"depth": -15.0}, "geometry": {"type": "LineString", "coordinates": [[0.9408925918149127, 53.05496961237059], [0.9407882623095061, 53.05485652864261], [0.9407552924575568, 53.0549130705066], [0.9407163086535498, 53.05485652864261], [0.9406398009538222, 53.05474344491463], [0.940554679233713, 53.05478858015758], [0.940523655661334, 53.054630361186646], [0.940443630390818, 53.054573819322655], [0.9404064430431155, 53.054630361186646], [0.9404477325710894, 53.054517277458665], [0.9403849356772314, 53.054517277458665], [0.9402154280497688, 53.054537715866026], [0.9401023443217873, 53.054485101035674], [0.9399641039228342, 53.054460735594674], [0.9399327187298151, 53.054343262964004], [0.9398209261742578, 53.0542911100027], [0.939763093137843, 53.05427786157284], [0.9396500094098615, 53.054229127098736], [0.9395934675458708, 53.05411544064801], [0.9395369256818801, 53.05416771725698], [0.9395297221444878, 53.05417802627473], [0.9394628422844185, 53.054064942546745], [0.9393673000899079, 53.05407853238154], [0.9392542163619265, 53.05401063755678], [0.9392542163619265, 53.0539252722754], [0.9392082799809744, 53.05383877509078], [0.9392542163619265, 53.05375319211081], [0.939179870972135, 53.05366914949881], [0.9391147564668219, 53.0537256913628], [0.939037353078569, 53.05366914949881], [0.9389715070419729, 53.053681495403104], [0.9389061592533858, 53.0537256913628], [0.9388584233139914, 53.053634878381054], [0.9389477579344969, 53.05366914949881], [0.9388838761690986, 53.05355606577083], [0.9388584233139914, 53.05347527251448], [0.938943079317266, 53.053386440178855], [0.9390845907699543, 53.05337237693614], [0.9390280489059636, 53.05331835546984], [0.9388755168912954, 53.05327335645087], [0.9388018814500008, 53.053290418244444], [0.9386887977220193, 53.053235192642944], [0.9386060381549224, 53.05316027272289], [0.9386461471780106, 53.05304718899491], [0.9386340597437876, 53.05287756340294], [0.9385571651184016, 53.052821021538946], [0.9386106836376372, 53.052707937810965], [0.9385757139940378, 53.05264560818912], [0.9386481584300699, 53.052651395946974], [0.9387452217112431, 53.05253831221899], [0.9386094406634998, 53.052481770355], [0.9386322558580286, 53.05233222226236], [0.9387438496919651, 53.05225560289904], [0.9387836160484572, 53.052142519171056], [0.9388584233139914, 53.0520631111578], [0.9388552583164874, 53.051972893579084], [0.9388018814500008, 53.051889136630066], [0.9388748606563327, 53.0518598098511], [0.9389182644358696, 53.051972893579084], [0.9389903944478458, 53.05191635171509], [0.9389715070419729, 53.051819022281784], [0.9390280489059636, 53.05170306474614], [0.9390845907699543, 53.0516346745846], [0.9390936894607115, 53.05163364239514], [0.9392542163619265, 53.05164943906266], [0.9393130640087675, 53.05169018425913], [0.9393673000899079, 53.05155528849478], [0.9395369256818801, 53.05155059410794], [0.9395934675458708, 53.05142293526773], [0.9396685492169754, 53.051464016803166], [0.9397281135679778, 53.051350933075184], [0.9398181937288383, 53.0512378493472], [0.9398761768658244, 53.051260558925875], [0.9399892605938058, 53.05120347213462], [0.9401023443217873, 53.05117091963785], [0.9402154280497688, 53.05118938556761], [0.940320774103708, 53.05112476561922], [0.9404415955057316, 53.051106564282136], [0.940554679233713, 53.051024693424665], [0.9407131125621546, 53.05101168189125], [0.9408373885536666, 53.05099919456953], [0.9408952545432161, 53.05101168189125], [0.9410635560096295, 53.050969398278596], [0.941176639737611, 53.05091824632534], [0.9413462653295831, 53.05089954041266], [0.9414593490575646, 53.05087022292461], [0.9415358993153445, 53.050898598163265], [0.9416855165135275, 53.05084895318089], [0.9417986002415089, 53.0508259289206], [0.941968225833481, 53.050814490386074], [0.9420813095614625, 53.050782985111475], [0.9422509351534346, 53.050779104983015], [0.9424205607454068, 53.05074303666717], [0.9425336444733883, 53.050692468795035], [0.9426898575992668, 53.0506724307073], [0.9427598119293511, 53.05068290783277], [0.9428364572448259, 53.0506724307073], [0.9429294375213233, 53.05064191278575], [0.9430990631132955, 53.05062096415757], [0.9432121468412769, 53.05059134338939], [0.943381772433249, 53.050570492014536], [0.9435031259246598, 53.05055934697932], [0.9435588215908978, 53.05050280511533], [0.943671768185292, 53.05050280511533], [0.9437775654811841, 53.05051257818603], [0.9438906492091655, 53.05048490744694], [0.9440274956805177, 53.05044626325134], [0.9441733585291191, 53.05040789426161], [0.9443429841210913, 53.05039946063296], [0.9444560678490728, 53.050349998754854], [0.9445691515770542, 53.05032108951763], [0.9447387771690263, 53.05031323939861], [0.9449084027609985, 53.050292825491034], [0.9449677481306601, 53.050276637659366], [0.9450780283529707, 53.05027531809806], [0.9451911120809521, 53.050285460409135], [0.9453041958089335, 53.05025882580323], [0.945455819923911, 53.050220095795375], [0.9455303632648964, 53.05022473935499], [0.9456434469928778, 53.05020673635737], [0.94581307258485, 53.05017194258365], [0.9458938858489576, 53.050163553931384], [0.9459826981768222, 53.05016218641852], [0.9461523237687943, 53.050134223064546], [0.9463013787252426, 53.05010701206739], [0.9463784912247573, 53.05010731815468], [0.9464915749527387, 53.050073751804106], [0.9466046586807201, 53.05004282268908], [0.9466862117292979, 53.0500504702034], [0.946830826136683, 53.05001206428935], [0.9469439098646645, 53.049981611607166], [0.9471135354566366, 53.04995079054292], [0.947226619184618, 53.04993652748409], [0.9473908175062361, 53.04993738647542], [0.9474527866405809, 53.04989693702064], [0.9475687846064862, 53.04988084461143], [0.9477354959605345, 53.04985551229637], [0.9479051215525067, 53.04983411023122], [0.9480182052804881, 53.049795481132996], [0.9481878308724603, 53.049786622701575], [0.9483009146004417, 53.049767167475494], [0.9484705401924138, 53.04973992066421], [0.948640165784386, 53.04972070938571], [0.9487532495123675, 53.04970689236063], [0.948866333240349, 53.049723943101306], [0.9490359588323211, 53.04972091972007], [0.9492055844242933, 53.04972184257147], [0.9493752100162653, 53.04973101999421], [0.9494882937442468, 53.0497750203891], [0.9495629608073526, 53.04976776088345], [0.949657919336219, 53.049727347740486], [0.9498275449281912, 53.049727351200765], [0.9499971705201633, 53.049728348101304], [0.9501667961121355, 53.04976288329891], [0.950279879840117, 53.049813446497545], [0.9503929635680983, 53.04986455475321], [0.9504495054320891, 53.04994064439565], [0.9505625891600705, 53.0499291737349], [0.950675672888052, 53.049993750671845], [0.9507388848886948, 53.04999392833941], [0.9509018403440148, 53.04998235200483], [0.9510149240719963, 53.05001531690218], [0.9511280077999777, 53.04997242433233], [0.9512976333919498, 53.04997296210825], [0.951467258983922, 53.049940696569756], [0.9515803427119035, 53.049925221332806], [0.951671004894515, 53.04993738647542], [0.9518065101678663, 53.04989952694066], [0.9519436050095358, 53.04988084461143], [0.95208921948782, 53.0498637946278], [0.9522553419167886, 53.04982430274744], [0.9523719288077735, 53.04981061480262], [0.9525415543997457, 53.0497772184639], [0.9526546381277272, 53.0497381300965], [0.9528120054949295, 53.04971121901946], [0.9529373474476808, 53.04970242082687], [0.9530504311756622, 53.04965098918363], [0.9531635149036437, 53.04970582844539], [0.9533331404956158, 53.04970713066411], [0.953502766087588, 53.04966742938843], [0.9536723916795602, 53.049668196754276], [0.9537854754075415, 53.04962549142546], [0.9539551009995137, 53.04964846996088], [0.9540681847274952, 53.04967108819097], [0.9541812684554767, 53.04971941971331], [0.9543508940474488, 53.049734233198116], [0.954520519639421, 53.049727801992866], [0.9546336033674023, 53.04969920845338], [0.9548032289593745, 53.049665764748006], [0.954916312687356, 53.0496388748338], [0.9550657597213886, 53.049598135291475], [0.9551885703498033, 53.049598135291475], [0.9552555638713003, 53.04957342746424], [0.9553192699186106, 53.049541593427485], [0.9554251894632725, 53.04952249935478], [0.955538273191254, 53.04954169098198], [0.9556370339958885, 53.049541593427485], [0.955707898783226, 53.04954142373455], [0.9558231382365008, 53.049485051563494], [0.9559906081031797, 53.049477591600414], [0.9561036918311612, 53.04948880971503], [0.9562292788184051, 53.049541593427485], [0.9563864011511147, 53.049550645181704], [0.9564994848790962, 53.049535111639145], [0.9566691104710683, 53.04949315635831], [0.9567821941990498, 53.0494673987296], [0.956951819791022, 53.049433232752015], [0.9571186692784307, 53.0494285096995], [0.9571779872469848, 53.04943249350065], [0.9573060362391382, 53.049485051563494], [0.9573979592944377, 53.049598135291475], [0.9575172384309292, 53.04960442323655], [0.9576824065408897, 53.049598135291475], [0.957743405886892, 53.0496083221526], [0.9578564896148735, 53.049586763720185], [0.9579969956961137, 53.049541593427485], [0.958139198934827, 53.04950759072033], [0.9582545263327313, 53.049485051563494], [0.9584219082547807, 53.04944243005052], [0.958560687164102, 53.0494285096995], [0.9586480757107435, 53.04943454660569], [0.958761159438725, 53.04942044822392], [0.9589307850306972, 53.049389213951], [0.9590619661188848, 53.04937196783551], [0.9592134943506507, 53.049331208152374], [0.9593265780786322, 53.04930553977898], [0.9594962036706043, 53.049270039375784], [0.9596092873985858, 53.049248631585485], [0.959778912990558, 53.049219721205205], [0.95994853858253, 53.04922685594895], [0.9601181641745022, 53.04922085451003], [0.9602877897664744, 53.04921618027738], [0.9604574153584465, 53.04921565708751], [0.9606270409504187, 53.049211596230165], [0.9607401246784002, 53.04918531842693], [0.9609097502703723, 53.049155862954656], [0.9610228339983538, 53.04911964926021], [0.9611359177263352, 53.049085880945555], [0.9613055433183074, 53.0490566620725], [0.9614186270462888, 53.04901516490471], [0.9615317107742702, 53.04896415348208], [0.9616622886045444, 53.048919632923585], [0.9618144200942238, 53.04887764777369], [0.9619275038222053, 53.04885163182726], [0.9620971294141775, 53.04881930071422], [0.9622102131421589, 53.04877473218979], [0.962379838734131, 53.048750241147026], [0.9624929224621125, 53.04871943771528], [0.962636090646513, 53.04869346546762], [0.9627756317820662, 53.04865668263442], [0.9628887155100475, 53.048625866385464], [0.963001799238029, 53.0486757789795], [0.9631148829660104, 53.048738458984815], [0.9632537360627974, 53.04875000733161], [0.9633410504219733, 53.04870070417409], [0.9634230425278267, 53.04863692360363], [0.9635106760139455, 53.04857897413872], [0.963664685359844, 53.04858038173964], [0.9637628138633542, 53.04863692360363], [0.9639064690618805, 53.04864863893877], [0.9639441847623528, 53.04852383987565], [0.964019552789862, 53.048533665739264], [0.9641326365178434, 53.048616329888695], [0.9641992228724614, 53.04852383987565], [0.9643588039738062, 53.048500353548874], [0.9644718877017877, 53.048429307127144], [0.9646108825295936, 53.04846729801166], [0.9647541149873627, 53.04852383987565], [0.964811138885732, 53.04851505682946], [0.9649442586925433, 53.04846729801166], [0.9650513677272158, 53.04841075614767], [0.965206931933667, 53.04840946021348], [0.9653200156616485, 53.04845234378755], [0.9654009117987642, 53.04846729801166], [0.9655072673500051, 53.04841075614767], [0.9656241581621443, 53.04835421428368], [0.9657723505735742, 53.04831909861098], [0.9659419761655464, 53.0483403241328], [0.9660473232833656, 53.04835421428368], [0.9661116017575186, 53.04835468974664], [0.9662812273494907, 53.04838172263056], [0.9664347186922948, 53.04841075614767], [0.9665208859817468, 53.04841075614767], [0.9666770203974258, 53.048390396688156], [0.9667901041254072, 53.048454687963606], [0.9669031878533887, 53.04840878776714], [0.9670451325849105, 53.04835421428368], [0.9671858971733422, 53.04831845788747], [0.9672989809013237, 53.04826217264273], [0.9674686064932959, 53.04828792509639], [0.9675816902212773, 53.04832530570741], [0.9676947739492587, 53.048358141192104], [0.9678643995412309, 53.04836302092218], [0.9679774832692124, 53.04832328416125], [0.9679440744291221, 53.04841075614767], [0.9680340251332031, 53.04849209606211], [0.9681471088611845, 53.04845254654462], [0.968260192589166, 53.048404152787306], [0.9683732763171474, 53.04834839038629], [0.9684863600451289, 53.04828871062217], [0.9685994437731102, 53.048221676184], [0.9687125275010917, 53.04815607617893], [0.9688077262157917, 53.04807150496372], [0.9687125275010917, 53.047976317958494], [0.9685994437731102, 53.04802159718915], [0.9686191704279729, 53.04795842123574], [0.9687535784881041, 53.04790187937175], [0.9688821530930639, 53.047874927757576], [0.969051778685036, 53.04787577353398], [0.9692214042770082, 53.04785735176286], [0.9693344880049897, 53.04784338803024], [0.9694475717329711, 53.04784909540513], [0.9696171973249432, 53.04787301814369], [0.9697868229169154, 53.04786707510151], [0.9699564485088876, 53.047847802798984], [0.970069532236869, 53.04783365139834], [0.9702391578288412, 53.04780930991239], [0.9704087834208134, 53.04779169510308], [0.9705218671487947, 53.04778380207889], [0.9706914927407669, 53.04777120865901], [0.9708611183327391, 53.047761329574534], [0.9710307439247112, 53.047754539202984], [0.9712003695166834, 53.04775075606385], [0.9713699951086556, 53.04776515747762], [0.9715396207006277, 53.04778525420763], [0.97166621288997, 53.047788795643775], [0.9718223300205814, 53.047824943075035], [0.9719354137485627, 53.04784662161427], [0.9720484974765442, 53.0479543993507], [0.9721208724027955, 53.04801496309973], [0.9722181230685164, 53.048106291522565], [0.9723312067964978, 53.04813369492896], [0.9724569916623079, 53.04812804682771], [0.9724442905244792, 53.04797816927547], [0.9723715505617093, 53.04801496309973], [0.9724442905244792, 53.047954254707896], [0.9725573742524607, 53.04799008292838], [0.9726704579804422, 53.04801539570669], [0.9728400835724142, 53.04805856139342], [0.9729284990489016, 53.04812804682771], [0.9729954101049747, 53.048241130555695], [0.9730662510283772, 53.04832876510467], [0.9731576496036364, 53.04835421428368], [0.9731215544865859, 53.048241130555695], [0.9731793347563586, 53.04816793414845], [0.9733157259103539, 53.048184588691704], [0.9734055022123215, 53.04829015869495], [0.9734909386405752, 53.048297672419686], [0.9735852208478455, 53.048241130555695], [0.9735351418187972, 53.04812804682771], [0.9736316696682844, 53.04812881368048], [0.9736396096504365, 53.04801496309973], [0.9737153117104826, 53.04790187937175], [0.9738012952602566, 53.04794605804942], [0.9738772563181752, 53.04801496309973], [0.9739709208522287, 53.04798648811908], [0.9741405464442009, 53.04801263057972], [0.9742536301721823, 53.04806738039997], [0.9742536301721823, 53.048177100471285], [0.9741982450777639, 53.048297672419686], [0.974310172036173, 53.048391719732756], [0.9744232557641545, 53.04830865849503], [0.9745363394921359, 53.04825614944535], [0.9746567959742497, 53.048241130555695], [0.9747625069480987, 53.048290010110804], [0.9749321325400709, 53.048246749164676], [0.9750452162680524, 53.04822215204225], [0.9751582999960339, 53.04829002292568], [0.975327925588006, 53.04826865204898], [0.9754975511799782, 53.04829630479688], [0.9756106349079596, 53.04833351556131], [0.9757237186359411, 53.0483711586496], [0.9758512587875449, 53.04841075614767], [0.9759498860919039, 53.048480499500364], [0.9760481375498306, 53.04858038173964], [0.9761195116838761, 53.048557618108426], [0.9762225215978158, 53.04863692360363], [0.9762891372758482, 53.048707576316474], [0.9763456791398389, 53.04882833068525], [0.97644371699235, 53.048919632923585], [0.9765153047318111, 53.04901781643531], [0.9765357534331216, 53.04914580037955], [0.9764930231804712, 53.04925888410753], [0.9765067956877498, 53.0494285096995], [0.9765718465958019, 53.0493906517826], [0.9766381739749195, 53.04937196783551], [0.9766867804191551, 53.0494285096995], [0.9767675324543321, 53.04931542597152], [0.9767152023655711, 53.04920234224354], [0.9767933209127856, 53.04925888410753], [0.9768347772407097, 53.04937196783551], [0.9769676396437369, 53.04940171248494], [0.9771372652357091, 53.049414525045265], [0.9772411589206822, 53.04931542597152], [0.9772926922005307, 53.04937196783551], [0.9774199745556627, 53.04941545225512], [0.9775896001476349, 53.04939621755955], [0.9776955805969079, 53.04931542597152], [0.9777491869109807, 53.04925888410753], [0.9777592257396069, 53.04940078793294], [0.9778723094675884, 53.049429370769445], [0.9779288513315791, 53.04933987502875], [0.9780044276801066, 53.04937196783551], [0.978058265429893, 53.04925888410753], [0.978155018787542, 53.049311227194934], [0.9782599275524563, 53.04931542597152], [0.9782949082216615, 53.04920234224354], [0.9783985394238794, 53.04920234224354], [0.9782722718725677, 53.04925888410753], [0.9783348622619825, 53.04931542597152], [0.9784694555320484, 53.04931542597152], [0.9785508118354771, 53.049275900006194], [0.9785942227298655, 53.04914580037955], [0.9786597064951669, 53.04920234224354], [0.9787204374274492, 53.04918055532329], [0.9788900630194214, 53.04916774356026], [0.9789501583275961, 53.04914580037955], [0.9790040086187161, 53.04920234224354], [0.9790596886113936, 53.04908130861432], [0.9791162304753842, 53.0491704685798], [0.9791727723393749, 53.049106545229215], [0.9792293142033657, 53.049061840455664], [0.9793423979313471, 53.04902830394702], [0.9793989397953379, 53.04909474545116], [0.9794556504674071, 53.04903271665157], [0.9795304251142166, 53.048976174787576], [0.9796027309185935, 53.04903271665157], [0.979630445484661, 53.048976174787576], [0.9797381909792822, 53.04892988376755], [0.9798136386632201, 53.048919632923585], [0.9799151617210679, 53.048919632923585], [0.9800366817256644, 53.048919632923585], [0.9801339840272172, 53.04891657082704], [0.980275905701398, 53.048863091059594], [0.9804166933471709, 53.04881630616352], [0.9805297770751522, 53.04879907381677], [0.9806428608031337, 53.04873472998862], [0.9807424858804679, 53.04875000733161], [0.9808690282590966, 53.04871588228216], [0.9809821119870781, 53.048666573589166], [0.9810951957150594, 53.048633165613396], [0.9811895059238204, 53.04863692360363], [0.9812648213070316, 53.04863782656775], [0.9813779050350131, 53.04859411053077], [0.9815475306269852, 53.04859933705747], [0.9816606143549667, 53.04857486899343], [0.9818196101891418, 53.04858038173964], [0.9818867818109296, 53.04855837316133], [0.9820351889144907, 53.04852383987565], [0.9821694911308831, 53.048486743866796], [0.9822825748588646, 53.04846242946268], [0.982390336272039, 53.04852383987565], [0.9824522004508367, 53.04849984576074], [0.9825427264651362, 53.04858038173964], [0.9825774801760733, 53.04869346546762], [0.9826783679067996, 53.04865516115417], [0.9827349097707904, 53.04857910861158], [0.9828479934987718, 53.04859764915073], [0.9829610772267532, 53.0485423037904], [0.9830850846750484, 53.04852383987565], [0.9831425212543498, 53.04846729801166], [0.9832437865467069, 53.04853670255914], [0.9833568702746882, 53.048482631103326], [0.9834699540026697, 53.048438726452574], [0.9836395795946419, 53.0484125055833], [0.9837325177422611, 53.04835421428368], [0.9838657470506047, 53.0483378073604], [0.9839412144714752, 53.04841075614767], [0.9840353726425769, 53.04850687215398], [0.9841312129376044, 53.04858038173964], [0.9842049982345491, 53.04856139108164], [0.9842658118373129, 53.04863692360363], [0.9843615105629706, 53.04869346546762], [0.9844311656905119, 53.0486326598337], [0.9845210342953018, 53.04863692360363], [0.9845872802845348, 53.04852383987565], [0.9847138750104656, 53.0485183096255], [0.9848269587384471, 53.048445423710554], [0.9849400424664284, 53.04837015443457], [0.9851096680584006, 53.04838221288576], [0.9851662099223913, 53.04828721994998], [0.9852792936503727, 53.04822096357588], [0.9854489192423449, 53.04819623848701], [0.985566186648271, 53.048241130555695], [0.9857316285622986, 53.04826857556716], [0.9857888732430541, 53.048241130555695], [0.9858812612659594, 53.048297672419686], [0.9859574367897892, 53.048184588691704], [0.9860143378822521, 53.04819219537711], [0.9861274216102336, 53.0482435419813], [0.9862405053382151, 53.04830386271008], [0.9862970472022057, 53.048235925570175], [0.9863535890661964, 53.04832284056406], [0.9864609537336431, 53.04841075614767], [0.9865232146581686, 53.048499499987535], [0.9866292439983494, 53.04858038173964], [0.9866928402501407, 53.04867631873576], [0.9867580680025339, 53.04869346546762], [0.9867492536236144, 53.04858038173964], [0.986775526149171, 53.04846729801166], [0.9869136057446896, 53.04841075614767], [0.9869755495700944, 53.048415348056146], [0.9870390428235565, 53.04835421428368], [0.9871451751620666, 53.04828764372395], [0.9872582588900479, 53.048222341227145], [0.9873713426180294, 53.04827427843302], [0.9874278844820201, 53.0481647501595], [0.9875409682100016, 53.04808231457805], [0.9875975100739923, 53.04822239215028], [0.9876540519379831, 53.048333096813025], [0.9877105938019737, 53.04842151522936], [0.9878236775299551, 53.0484899077847], [0.9878901139743528, 53.04858038173964], [0.9879110829672111, 53.04875000733161], [0.9879933031219273, 53.048815262014244], [0.9881063868499088, 53.0487779011622], [0.9881629287138995, 53.04868216325153], [0.9882567633787611, 53.04858038173964], [0.9883325543058716, 53.048521922531684], [0.9883890961698624, 53.048600920250195], [0.9884854833534362, 53.04869346546762], [0.9886152636258252, 53.04869730301289], [0.9886522209720807, 53.04858038173964], [0.9887501316412438, 53.04858038173964], [0.9888414310817881, 53.04853925627744], [0.9888781468511921, 53.04841075614767], [0.9888993516719939, 53.04835421428368], [0.9890161990387417, 53.04835421428368], [0.9891241404017417, 53.048275337369944], [0.9892372241297231, 53.04833925561213], [0.9893393498449803, 53.04841075614767], [0.9893955555692658, 53.04852383987565], [0.9894068497216953, 53.048664449483056], [0.9894185733304686, 53.04852383987565], [0.9894633915856861, 53.04837686822921], [0.9895764753136675, 53.04846028419869], [0.9896657304000156, 53.04852383987565], [0.9896954389718666, 53.04863692360363], [0.9898026427696304, 53.04863353709571], [0.9898677100896649, 53.04869346546762], [0.9899476657917256, 53.048806549195604], [0.9898752557548542, 53.048863091059594], [0.9898026427696304, 53.048800264344486], [0.9897942410159478, 53.048919632923585], [0.9898026427696304, 53.04907807227764], [0.9897726458104132, 53.04914580037955], [0.9897063575164644, 53.04925888410753], [0.9896895590416489, 53.04933956754764], [0.9897461009056396, 53.049443255963496], [0.9897461009056396, 53.049575222048254], [0.9896330171776582, 53.049640903723876], [0.9895573022752647, 53.049654677155466], [0.9894633915856861, 53.049683889232924], [0.9893503078577046, 53.04975691463258], [0.9894068497216953, 53.04978232762045], [0.9895199334496768, 53.0497670807281], [0.9896330171776582, 53.0497780334144], [0.9897461009056396, 53.04975577867476], [0.9899157264976118, 53.049738962811404], [0.9900288102255933, 53.0497093272162], [0.9901696277067737, 53.04971121901946], [0.9902609395219696, 53.04976776088345], [0.9903815437113392, 53.04976776088345], [0.9905376870015097, 53.04972833637022], [0.9906507707294911, 53.049707897133906], [0.9907638544574726, 53.049645548057796], [0.9908769381854541, 53.049655402908826], [0.9909900219134355, 53.04963004496001], [0.9911596475054076, 53.04961629684382], [0.9912727312333891, 53.04966991018017], [0.9913858149613706, 53.049628165901275], [0.9915554405533427, 53.04961696528272], [0.9916685242813241, 53.04966734229718], [0.9917816080093056, 53.049636407194505], [0.9919512336012778, 53.04961366308394], [0.9920643173292591, 53.04957392580651], [0.9921812036623681, 53.049541593427485], [0.9923470266492128, 53.04951626166832], [0.9924601103771942, 53.049448898174234], [0.9925731941051756, 53.04939229423584], [0.9926862778331571, 53.049358025242476], [0.9927993615611386, 53.04941593956935], [0.9928559034251293, 53.04949154404471], [0.99291244528912, 53.04942065597788], [0.9930231759812678, 53.04931542597152], [0.9930820708810921, 53.049235688096886], [0.9931943449379613, 53.04931542597152], [0.9932516964730643, 53.049390767879764], [0.9933641050167266, 53.04931542597152], [0.9934213220650365, 53.049322329050185], [0.9935458269445555, 53.04937196783551], [0.9936474895209993, 53.049478673594486], [0.9937120400502241, 53.049485051563494], [0.9937885439866205, 53.04937196783551], [0.9938736569769622, 53.049311246856234], [0.9939867407049436, 53.049251556170404], [0.9940998244329251, 53.0492610850437], [0.9942129081609066, 53.049212624158706], [0.994325991888888, 53.049148881584365], [0.9944167709117065, 53.04914580037955], [0.9944956174808601, 53.049209851701455], [0.9945908862289183, 53.04925888410753], [0.9946652430728323, 53.049288505010466], [0.9947130038421006, 53.04914580037955], [0.994774095810708, 53.04903271665157], [0.9948348686648045, 53.0490383180143], [0.994915941115859, 53.04903271665157], [0.9950610361207674, 53.04908141225961], [0.9952306617127396, 53.0490851685671], [0.995343745440721, 53.04913077452285], [0.9955133710326931, 53.049127607279694], [0.9956264547606746, 53.04916505215125], [0.9956829966246653, 53.0491125622665], [0.9956829966246653, 53.049017533849344], [0.9957960803526467, 53.04907823645726], [0.9958526222166374, 53.04896244474496], [0.9959091640806281, 53.04906462359053], [0.9959657059446189, 53.04915917291028], [0.9960787896726003, 53.049237609100764], [0.9961918734005818, 53.04918347099544], [0.9962484152645725, 53.0492668732468], [0.9963969327552503, 53.04931542597152], [0.9965158241270614, 53.04931542597152], [0.9965728542827363, 53.04937196783551], [0.9966324363009508, 53.049485051563494], [0.9967476968693127, 53.049541593427485], [0.9967665927154292, 53.049654677155466], [0.9967273787241742, 53.04976776088345], [0.9967991664183419, 53.04988084461143], [0.9968873825142615, 53.04988084461143], [0.9969834594964518, 53.04981547222671], [0.997153085088424, 53.04978099724358], [0.9973227106803961, 53.04978856892866], [0.9974923362723683, 53.049803706963864], [0.9976619618643405, 53.04980775542924], [0.9977713359426577, 53.04971121901946], [0.9978315874563126, 53.04971158537617], [0.9979015292096002, 53.04971121901946], [0.9980577549122756, 53.04974042507054], [0.9982273805042476, 53.04973715498087], [0.9983970060962198, 53.04972897502803], [0.9984724681942841, 53.04971121901946], [0.998566631688192, 53.04970905642549], [0.9987296036670428, 53.049654677155466], [0.9987927991441549, 53.049665684193144], [0.9989058828721363, 53.04963899306611], [0.9990210383994301, 53.049598135291475], [0.99918859219209, 53.04954239654741], [0.9992451340560806, 53.04945540754736], [0.9994147596480528, 53.04945092636154], [0.999492312545694, 53.04937196783551], [0.9995607694253892, 53.04931542597152], [0.9996974689680064, 53.04932716443247], [0.9998105526959878, 53.04929635221061], [0.9999449083008864, 53.04931542597152], [1.0000566818405197, 53.04937196783551], [1.0001372939251028, 53.049485051563494], [1.0002063854174443, 53.049485051563494], [1.000293801904602, 53.04937196783551], [1.000375971335895, 53.04937441705784], [1.0004890550638765, 53.04933417364023], [1.0005826158168556, 53.04925888410753], [1.000668434615595, 53.04925888410753], [1.00077176438383, 53.049360937196035], [1.000729452811443, 53.0494285096995], [1.0007832108880006, 53.049541593427485], [1.0009069960168686, 53.049541593427485], [1.0009454480883107, 53.049485051563494], [1.0010544737037836, 53.0495682706773], [1.0011552138993252, 53.049654677155466], [1.0012497855681792, 53.049654677155466], [1.0013371830237374, 53.049667178350376], [1.001410639303976, 53.049654677155466], [1.0015633504797001, 53.04968834170887], [1.0016764342076816, 53.04960189169979], [1.0018460597996537, 53.049613842269686], [1.0019591435276352, 53.04958486433682], [1.0021287691196075, 53.04959622801455], [1.002185310983598, 53.04965607684546], [1.0022983947115796, 53.049621454060045], [1.002411478439561, 53.049587442314326], [1.0025245621675425, 53.04953818905498], [1.0026941877595146, 53.04948562124683], [1.002807271487496, 53.04946198310271], [1.0028638133514867, 53.049345880143974], [1.0029768970794681, 53.049290397100954], [1.0030539977707387, 53.04920234224354], [1.0031795901456297, 53.04920234224354], [1.0032949341163209, 53.04925888410753], [1.0033726901274032, 53.04932125176246], [1.0034857738553846, 53.04937578847021], [1.003554214141869, 53.04937196783551], [1.003655399447357, 53.049458223734824], [1.0037562116907055, 53.049541593427485], [1.003855893587173, 53.049598135291475], [1.0039381087673105, 53.04965691763766], [1.004051192495292, 53.04960778127277], [1.0041642762232734, 53.04958688107568], [1.0042773599512547, 53.04953729412743], [1.0043904436792361, 53.049474664737836], [1.004523841697696, 53.0494285096995], [1.004616611135199, 53.049333209912476], [1.0047257930655396, 53.04925888410753], [1.0047862367271712, 53.04926317980543], [1.0048993204551526, 53.049221002512255], [1.005012404183134, 53.0491817466777], [1.005068946047125, 53.04907484898728], [1.0051820297751062, 53.04914492053903], [1.0052751154339599, 53.04920234224354], [1.0053516553670785, 53.04927784338819], [1.00546473909506, 53.049351475746064], [1.005634364687032, 53.04936802512422], [1.0057204632422898, 53.04925888410753], [1.0058039902790041, 53.04915295286227], [1.0058715387743107, 53.04914580037955], [1.00599931562201, 53.04920234224354], [1.0060866995989577, 53.049267091409234], [1.0061997833269392, 53.04935321018686], [1.0062797165836856, 53.04931542597152], [1.0063802596969333, 53.04937196783551], [1.006482492646893, 53.04936734259429], [1.0065441475069743, 53.04937196783551], [1.0065955763748744, 53.0492395677148], [1.0067086601028556, 53.04931424555375], [1.0067963889990712, 53.04931542597152], [1.0068217438308371, 53.04918260411147], [1.0069348275588186, 53.04910960179256], [1.007088489168835, 53.04914580037955], [1.0071609950147815, 53.04922896463202], [1.0072194607455485, 53.04925888410753], [1.0073306206067536, 53.04919581096992], [1.007427031496918, 53.04925888410753], [1.0075085055581958, 53.04931542597152], [1.0076031129264715, 53.0494285096995], [1.007669871790698, 53.04951850361126], [1.0077264136546886, 53.04960814818768], [1.0077829555186795, 53.0497442027545], [1.007811080771388, 53.04988084461143], [1.0077529096647035, 53.04999392833941], [1.0077629674905364, 53.050163553931384], [1.0077589996749887, 53.050333179523356]]}}, {"type": "Feature", "properties": {"depth": -15.0}, "geometry": {"type": "LineString", "coordinates": [[1.0099254533055169, 53.050163553931384], [1.0099752262656396, 53.05010701206739], [1.0100446300783081, 53.05010444198266], [1.0101577138062896, 53.05004976211287], [1.010270797534271, 53.05005506825371], [1.0103838812622525, 53.05013942326534], [1.0104404231262434, 53.05000617644915], [1.0105535068542246, 53.04996756570151], [1.010666590582206, 53.050015275079204], [1.0108235247216524, 53.04999392833941], [1.0109404601776706, 53.04993738647542], [1.0110433969110004, 53.04988084461143], [1.0111016330531994, 53.04993738647542], [1.0111754673581226, 53.050026965464056]]}}, {"type": "Feature", "properties": {"depth": -15.0}, "geometry": {"type": "LineString", "coordinates": [[1.0112591522546137, 53.05010701206739], [1.0113450929500947, 53.050007936531834], [1.0114581766780761, 53.050092228888346], [1.011514718542067, 53.04996739284848], [1.0116177084158375, 53.04999392833941], [1.011684344134039, 53.04999794776813], [1.0117823846382252, 53.0500504702034], [1.0118539697260114, 53.0499568171555], [1.0119670534539926, 53.05004188195385], [1.0120235953179835, 53.04993156285524], [1.0121273892671028, 53.04999392833941]]}}, {"type": "Feature", "properties": {"depth": -15.0}, "geometry": {"type": "LineString", "coordinates": [[0.9963614989925539, 53.04965063548942], [0.9963049571285632, 53.04974566181013], [0.9963095434077756, 53.04982430274744], [0.9962917749557363, 53.04993738647542], [0.9963078230430591, 53.04999392833941], [0.9963782372058733, 53.04988084461143], [0.996459741066974, 53.04976776088345], [0.996369136391912, 53.049654677155466]]}}, {"type": "Feature", "properties": {"depth": -15.0}, "geometry": {"type": "LineString", "coordinates": [[1.0121828240063657, 53.0500504702034], [1.0121932209099556, 53.04990918883165], [1.0122684151308317, 53.04999392833941], [1.0123346090769858, 53.04993738647542], [1.0123732733024513, 53.04988084461143], [1.012468019836866, 53.04999392833941], [1.012540010882151, 53.04999392833941], [1.012494235132817, 53.04988084461143], [1.0125890139578906, 53.04979586907], [1.012702097685872, 53.049855208606616], [1.0128151814138535, 53.04982284738636], [1.012928265141835, 53.0497174564692], [1.0129202020512054, 53.049654677155466], [1.0129848070058256, 53.04968660861175], [1.013097890733807, 53.04976482156478], [1.013184651464699, 53.04976776088345], [1.0132520533989378, 53.04971121901946], [1.013271945819724, 53.049654677155466], [1.013399219620152, 53.049654677155466], [1.013523616813347, 53.04971121901946], [1.0136020796025864, 53.049654677155466], [1.013637626467981, 53.04971121901946], [1.0136718050426738, 53.049654677155466], [1.0137909167511043, 53.049654677155466], [1.0138392004441987, 53.04971121901946], [1.013946018693668, 53.049643519098055], [1.0140257130147172, 53.049654677155466], [1.01411564428564, 53.04959258088419], [1.014213370785851, 53.049654677155466], [1.014266633597424, 53.049598135291475], [1.0143686248885877, 53.049541593427485], [1.0144548954695845, 53.04956847451812], [1.014567979197566, 53.04952765934109], [1.0146810629255474, 53.049470922944], [1.0148435345990248, 53.049485051563494], [1.01490723038151, 53.04947826706313], [1.0150768559734824, 53.04944698036491], [1.0151570589366103, 53.04937196783551], [1.0151250778211836, 53.04925888410753], [1.0152145403242376, 53.04925888410753], [1.015244552634032, 53.0494285096995], [1.0153030234294451, 53.049393151780926], [1.0154161071574266, 53.04946449042951], [1.0154161071574266, 53.049330384899704], [1.0154161071574266, 53.04925035137111], [1.0154726490214174, 53.0491181385895], [1.015529190885408, 53.049070857934716], [1.015585732749399, 53.049019473681454], [1.015673567343217, 53.04908925851556], [1.01578927638291, 53.04908925851556], [1.0158355926331113, 53.04903271665157], [1.015924983933343, 53.049130196982844], [1.0159945357259124, 53.04903271665157], [1.0160538026629582, 53.048919632923585], [1.0160653973326574, 53.04875000733161], [1.0160329747381016, 53.04863692360363], [1.0160946095253154, 53.048564773375155], [1.0162076932532966, 53.04858480334222], [1.016320776981278, 53.0485621469885], [1.016377318845269, 53.04864477813063], [1.0164904025732504, 53.048741728773145], [1.0166034863012317, 53.04879056365067], [1.0166823178323061, 53.04869346546762], [1.0167065780067057, 53.04852383987565], [1.0167893241445312, 53.04846729801166], [1.01674471218017, 53.04835421428368], [1.0167840097565786, 53.048297672419686], [1.0168296537571946, 53.04843568244445], [1.0169189221829606, 53.04852383987565], [1.0170099403625525, 53.04858038173964], [1.0171123630771484, 53.04857810125774], [1.017168904941139, 53.04864507036276], [1.0172356966620677, 53.04869346546762], [1.0172689045439218, 53.04852383987565], [1.0173934973508905, 53.04846729801166], [1.0174516142610925, 53.04850959180755], [1.017564697989074, 53.04856322725328], [1.0176777817170555, 53.04849205485056], [1.017734323581046, 53.048362571456195], [1.017888103556125, 53.04841075614767], [1.0180170329009999, 53.04843299861924], [1.0180735747649905, 53.048362101356226], [1.0180170329009999, 53.0482417639178], [1.0180735747649905, 53.04818529275706], [1.018186658492972, 53.04815701405945], [1.018244384653365, 53.048184588691704], [1.018207990883026, 53.04807150496372], [1.0182997422209534, 53.0480943663753], [1.018412825948935, 53.0480596082895], [1.0185714130576744, 53.04801496309973], [1.0186321298740781, 53.04807150496372], [1.0186955352688885, 53.04803468381033], [1.01880861899687, 53.048087995164565], [1.0188651608608605, 53.047995001829996], [1.0189444169217559, 53.04801496309973], [1.0189916139287016, 53.04795842123574], [1.01904983214363, 53.04801496309973], [1.0191845845635017, 53.04795842123574], [1.0192609539087956, 53.047992201424236], [1.0193534452676452, 53.04790187937175], [1.0194305795007679, 53.047941773094166], [1.0194871213647585, 53.04802511411426], [1.0195436632287493, 53.047939053842086], [1.01960020509274, 53.04803581863307], [1.0197132888207214, 53.04795846988786], [1.0198196771030985, 53.04801496309973], [1.0198447194672722, 53.04795842123574], [1.0199394562766844, 53.04793061637972], [1.0200347318721763, 53.04790187937175], [1.0201090818686565, 53.04787582532762], [1.0201943787292338, 53.04784533750776], [1.020236254030594, 53.04790187937175], [1.0202894596243135, 53.04784533750776], [1.0203722809278115, 53.04790187937175], [1.02039179118861, 53.047790341048085], [1.020392402287487, 53.047788795643775], [1.020561416780582, 53.047830620569655], [1.020692096483598, 53.04784533750776], [1.0208311166126558, 53.04784533750776], [1.0209572098285173, 53.04783245801968], [1.0210702935564986, 53.04777318895795], [1.0211268354204894, 53.047858318855894], [1.0212266475127365, 53.04784533750776], [1.0212458604600412, 53.04790187937175], [1.0212964610124615, 53.04776734856707], [1.0213721287535387, 53.047788795643775], [1.0214660866044336, 53.047831032009015], [1.021579170332415, 53.04777589939275], [1.0216450532118828, 53.047788795643775], [1.0216964672879199, 53.047732253779785], [1.021805337788378, 53.047829714422704], [1.0219618103210208, 53.047788795643775], [1.022031505244341, 53.047677926288564], [1.0220033717689054, 53.047788795643775], [1.0220880471083316, 53.04786241294154], [1.0220984199624867, 53.047732253779785], [1.022201130836313, 53.04775044838011], [1.0223142145642945, 53.0478029002691], [1.0223707564282853, 53.04775819668096], [1.0223066267569951, 53.047675711915794], [1.0221684559558837, 53.0476191700518], [1.0222823260738936, 53.04756262818781], [1.0223707564282853, 53.04747400951193], [1.0223707564282853, 53.04737101721592], [1.0222869420259195, 53.04739300259584], [1.022201130836313, 53.04739562256558], [1.0221414086782377, 53.04733646073185], [1.0220880471083316, 53.04727830133849], [1.022144741326853, 53.04722337700387], [1.0222576727003039, 53.04722178389043], [1.0223640930313476, 53.04722337700387], [1.022427298292276, 53.04727335690086], [1.0225403820202574, 53.0472848450558], [1.0226482086875692, 53.04733646073185], [1.0227091794882912, 53.04722337700387], [1.0227665494762204, 53.04723125097599], [1.022862102301065, 53.04727991886786], [1.0229447953650412, 53.04727991886786], [1.0230853154045985, 53.04727991886786], [1.0231623425241554, 53.04722326261182], [1.023218884388146, 53.047233033927036], [1.0232754262521369, 53.047287750804585], [1.0233794887796606, 53.04722337700387], [1.0233885099801183, 53.047237455308846], [1.0232937557909119, 53.04733646073185], [1.02339244905244, 53.04733646073185], [1.0235015937080996, 53.047267873294274], [1.023614677436081, 53.047217092624976], [1.0237277611640625, 53.047165846508804], [1.0236867737754727, 53.04722337700387], [1.0235792635774956, 53.04727991886786], [1.0234671133712754, 53.04733646073185], [1.0235937918668525, 53.04739300259584], [1.0235581355720904, 53.04749155604431], [1.023708989968381, 53.04744954445983], [1.023840844892044, 53.04742535579286], [1.0239539286200254, 53.047368616319396], [1.0239437428696068, 53.04727991886786], [1.024010470484016, 53.04720999078672], [1.0241235542119975, 53.04714742053763], [1.024236637939979, 53.04720609221202], [1.0243497216679605, 53.0472686915023], [1.0243050989752387, 53.04733646073185], [1.0243796169827306, 53.04739300259584], [1.0245193472599325, 53.047360723897015], [1.024632430987914, 53.047300710457996], [1.0245758891239234, 53.04736487780556], [1.024632430987914, 53.04742082432513], [1.0247455147158955, 53.04738522628341], [1.0248655307388659, 53.04733646073185], [1.024858598443877, 53.04727324041786], [1.024967872932848, 53.04733646073185], [1.0249151403078676, 53.04741971870806], [1.0249907656895905, 53.04744954445983], [1.0250847658998399, 53.047365452551105], [1.025148582543498, 53.04733646073185], [1.0250847658998399, 53.04743062087637], [1.0251413077638305, 53.04745450778991], [1.0252292869531714, 53.04739300259584], [1.0253362437742324, 53.04739300259584], [1.0253984649718548, 53.04744954445983], [1.025480558947775, 53.047362884153166], [1.0255936426757564, 53.047449007693], [1.0256896482480113, 53.04744954445983], [1.0257617836993789, 53.04739300259584], [1.0256813832179064, 53.04750608632382], [1.025640584456985, 53.0476191700518], [1.0257067264037376, 53.04757559422234], [1.0257919483364097, 53.04750608632382], [1.025878408372927, 53.04744954445983], [1.0259443799394314, 53.04750608632382], [1.026045977587682, 53.04746274597877], [1.026153103050473, 53.04739300259584], [1.0262156031796543, 53.04744254696629], [1.0262788084956878, 53.04739300259584], [1.0262156031796543, 53.04746928026309], [1.026272145043645, 53.04755172967188], [1.0263852287716264, 53.04747843999842], [1.026479498403237, 53.04756262818781], [1.0265548543635985, 53.047621839198506], [1.0266113962275893, 53.04755756381133], [1.0266409859849541, 53.047675711915794], [1.0266113962275893, 53.047746890031355], [1.0267244799555706, 53.047699238561194], [1.026837563683552, 53.0476430364312], [1.026894105547543, 53.04776467178024], [1.0270071892755244, 53.04769892288586], [1.026998126611605, 53.047788795643775], [1.0271202730035056, 53.0477911608263], [1.0271768148674965, 53.047772498521624], [1.0272249936693978, 53.047732253779785], [1.0273464404594685, 53.04774102702568], [1.0274179562659111, 53.047732253779785], [1.0274974489733544, 53.047788795643775], [1.02745952418745, 53.0476665130734], [1.0273528000016974, 53.04756262818781], [1.027289898595478, 53.047578378968055], [1.0271951709216904, 53.04750608632382], [1.0271202730035056, 53.04742989619808], [1.0270071892755244, 53.047361783774704], [1.027027397929146, 53.04733646073185], [1.0271202730035056, 53.047310196864984], [1.0271768148674965, 53.047420016736204], [1.0272690287352806, 53.04733646073185], [1.0273174931851994, 53.04739300259584], [1.0274554930288373, 53.04744954445983], [1.0274756202632482, 53.04750608632382], [1.0275183312975311, 53.04739300259584], [1.0275726079154315, 53.04729038173938], [1.0275792443369116, 53.04727991886786], [1.027685691643413, 53.047375316777675], [1.0277866416104475, 53.04727991886786], [1.0277987753713944, 53.04731723783009], [1.0278375435766836, 53.04739300259584], [1.0279118590993759, 53.04746549617832], [1.0279684009633665, 53.04737234664825], [1.028081484691348, 53.04742627247449], [1.0281632128273523, 53.04733646073185], [1.0282005242647136, 53.04727991886786], [1.0282664949159146, 53.04739300259584], [1.0283641940113015, 53.04745447124306], [1.0284293649220897, 53.04756262818781], [1.0285498814344431, 53.04756262818781], [1.0286857771750542, 53.04750608632382], [1.028703445195246, 53.04751556793986], [1.0287599870592365, 53.04759120565418], [1.0288485295850784, 53.04756262818781], [1.0289607290483613, 53.04756262818781], [1.0290426963791903, 53.04757142540413], [1.029099238243181, 53.04752900923684], [1.0291084608774272, 53.04750608632382], [1.0292567580174667, 53.04750608632382], [1.029268863835153, 53.04742354114828], [1.0292193124862883, 53.04727991886786], [1.0291586084162638, 53.04722337700387], [1.0291557801071716, 53.04733692634199], [1.029099238243181, 53.04725192800683], [1.0290813700816468, 53.047110293275885], [1.0291080101030121, 53.047166835139876], [1.0292123219711624, 53.04715406581198], [1.029293895470721, 53.047166835139876], [1.0293374686569388, 53.047110293275885], [1.0293168972291022, 53.04722337700387], [1.0293819475631345, 53.04730089073966], [1.0293944409935418, 53.047166835139876], [1.0294484851200936, 53.047110293275885], [1.0294835890403038, 53.04727991886786], [1.0294384894271253, 53.04736127533657], [1.029509002259819, 53.04727991886786], [1.0295511957816303, 53.047110293275885], [1.029597133406647, 53.047166835139876], [1.0296258296209928, 53.04722337700387], [1.0296849821408451, 53.047166835139876], [1.0297466218787032, 53.04727991886786], [1.0297875758248733, 53.04722337700387], [1.0297706447590227, 53.047110293275885], [1.0298214548792615, 53.047166835139876], [1.029890824339051, 53.04712097906735], [1.0299844610588855, 53.047110293275885], [1.0300331600208885, 53.04722337700387], [1.0300703021121458, 53.04727991886786], [1.0301244895770625, 53.047166835139876], [1.0301814986424125, 53.047110293275885], [1.0302764113204965, 53.04722337700387], [1.0302923290394066, 53.04727991886786], [1.03033324076857, 53.047110293275885], [1.030395827364075, 53.047166835139876], [1.0304436536637303, 53.047110293275885], [1.0304914940820522, 53.047053751411894], [1.0305414596762845, 53.047166835139876], [1.0306051869452417, 53.047110293275885], [1.0306370388722663, 53.047053751411894], [1.0307811456745695, 53.047110293275885], [1.0308520360268933, 53.04708532823311], [1.0309268389343067, 53.047110293275885], [1.0310216616188654, 53.047151816739756], [1.0311043871104317, 53.047110293275885], [1.031134745346847, 53.047266136571075], [1.0311912872108375, 53.04711049144352], [1.031304370938819, 53.04717459710346], [1.031304370938819, 53.04706795229862], [1.0313217561632237, 53.047053751411894], [1.0314057947574073, 53.047166835139876], [1.0314604028083108, 53.047110293275885], [1.031480197957146, 53.047053751411894], [1.0315638353454917, 53.047110293275885], [1.0316272002589595, 53.047166835139876], [1.0316848930797051, 53.047110293275885], [1.0317188029666986, 53.047166835139876], [1.0318057751216396, 53.047110293275885], [1.0318361253204562, 53.047166835139876], [1.0318697895787263, 53.04724491047681], [1.031926331442717, 53.04729801808625], [1.0319773579434686, 53.047166835139876], [1.031926331442717, 53.047102192197265], [1.0319853556035445, 53.047166835139876], [1.0320570999093965, 53.04727991886786], [1.0321236727936012, 53.04733646073185], [1.032095957034689, 53.047170233508005], [1.0320967655017033, 53.047166835139876], [1.032194351339134, 53.04727991886786], [1.032254354999216, 53.04739300259584], [1.032322124490652, 53.047345856763826], [1.0322980788668223, 53.04727991886786], [1.0323786663546428, 53.04732490922353], [1.032435651661445, 53.04727991886786], [1.0324016302454786, 53.04739300259584], [1.0324772296253544, 53.04750608632382], [1.0325193232077756, 53.04756262818781], [1.0325630204903071, 53.04750608632382], [1.0326147071153997, 53.0476191700518], [1.032717917538587, 53.04769724516288], [1.0327827911654845, 53.047675711915794], [1.0328875431305593, 53.04774126477668], [1.0330006268585405, 53.04780711681242], [1.033061708723272, 53.047788795643775], [1.0331702524505129, 53.04784935413745], [1.0333008173381395, 53.04784533750776], [1.0332267943145035, 53.04778178630881], [1.033113710586522, 53.04769907044634], [1.0330398318397485, 53.0476191700518], [1.033052900428603, 53.04744954445983], [1.0331084721624424, 53.04733646073185], [1.0331554691387694, 53.04722337700387], [1.0332267943145035, 53.04713050704255], [1.0333964199064756, 53.047125254218024], [1.0334992363354703, 53.047053751411894], [1.0335710449621043, 53.047053751411894], [1.0336425364161475, 53.047110293275885], [1.0337107782484332, 53.047053751411894], [1.0337922129544108, 53.04705286853267], [1.0339052966823923, 53.04708611843432], [1.0339827850509142, 53.047110293275885], [1.0341112925304725, 53.047053751411894], [1.0342295870344174, 53.047053751411894], [1.0342778717381134, 53.046997209547904], [1.0343580218159454, 53.046997209547904], [1.0344707153222994, 53.04698638310812], [1.0345837990502809, 53.04702332699173], [1.0346968827782623, 53.047063949786086], [1.0348099665062436, 53.047015318524224], [1.0349100244395804, 53.04694066768391], [1.0349795920982159, 53.046965504663056], [1.0350926758261974, 53.047016064252524], [1.035149217690188, 53.0469353551354], [1.0352057595541788, 53.04700278458231], [1.0353077033238696, 53.04694066768391], [1.0353353262815026, 53.046997209547904], [1.0354319270101415, 53.04699525860888], [1.0355213846564473, 53.047053751411894], [1.0355546832674616, 53.047110293275885], [1.0356580944661045, 53.04701568132389], [1.0357654225535309, 53.047110293275885], [1.035809750663181, 53.047053751411894], [1.0359262562507965, 53.046997209547904], [1.0359973456500489, 53.0470246288144], [1.0361104293780303, 53.04708071691306], [1.0361012268387864, 53.046997209547904], [1.036166971242021, 53.04701309682327], [1.0362800549700024, 53.046950408439464], [1.0363775400333324, 53.047053751411894], [1.0364324202958723, 53.046997209547904], [1.0365062224259654, 53.04701612398049], [1.0366027724506077, 53.04694066768391], [1.0366204380514727, 53.046997209547904], [1.0367215785801034, 53.04694066768391], [1.036788931745919, 53.04696439121111], [1.0369020154739004, 53.04692733041252], [1.0370716410658725, 53.04691530287144], [1.0372412666578446, 53.046934531224174], [1.0373293037423934, 53.04688412581992], [1.0374108922498169, 53.04682764442872], [1.0374657632335256, 53.04671450022795], [1.037580517841789, 53.046679670193086], [1.0376936015697704, 53.04664999632677], [1.0377816852617432, 53.04665795836396], [1.0378759166565457, 53.04665795836396], [1.037976310889724, 53.04664481960533], [1.0380553917291437, 53.04665795836396], [1.038170886747743, 53.04665795836396], [1.0382590202096775, 53.04665115477192], [1.038372103937659, 53.04667202041], [1.0384851876656405, 53.046653038927445], [1.0385912868579925, 53.04665795836396], [1.0386548132576126, 53.0466892400752], [1.0388244388495849, 53.04667399205854], [1.038994064441557, 53.04667960471634], [1.0391636900335293, 53.04670221570963], [1.0393333156255014, 53.04666850740666], [1.039404854147413, 53.04665795836396], [1.0395029412174734, 53.04661425700316], [1.039616024945455, 53.046586771008705], [1.0396870011640162, 53.04660141649997], [1.0398421924014178, 53.04657750661106], [1.04001181799339, 53.04655087016916], [1.040181443585362, 53.046600973069964], [1.0402945273133435, 53.046612699569444], [1.040407611041325, 53.04659403730556], [1.0405772366332973, 53.04657377649529], [1.0407408305996104, 53.04654487463598], [1.04080340408926, 53.046560281151095], [1.040905128578384, 53.04654487463598], [1.0409730296812323, 53.04650647118907], [1.0410861134092135, 53.04646680710686], [1.041160904364332, 53.046488332771986], [1.0412022370279224, 53.046431790907995], [1.0413122808651765, 53.04642114680972], [1.0414819064571486, 53.04641620153094], [1.0416515320491209, 53.04643087905827], [1.041821157641093, 53.046419878266754], [1.0419907832330653, 53.04639202753241], [1.0421604088250374, 53.04641205168726], [1.0423300344170094, 53.046399236816114], [1.0424996600089815, 53.04639226710522], [1.042612743736963, 53.04635558962643], [1.0426760567996947, 53.046375249044004], [1.0428379607341391, 53.04631870718001], [1.0428954530569168, 53.04633574126459], [1.0430085367848982, 53.04631700140134], [1.043069554279415, 53.04626216531602], [1.043234704240861, 53.04628310374616], [1.0433233611592951, 53.04626216531602], [1.0434043298328333, 53.046238501038886], [1.0434765674222128, 53.04626216531602], [1.0435739554248054, 53.04620287824732], [1.0436653689820146, 53.04620562345203], [1.0436897850020697, 53.04614908158804], [1.0437553759484204, 53.04620562345203], [1.0438982792763305, 53.04614908158804], [1.0439936326501247, 53.04614908158804], [1.0440828322007218, 53.0461155223117], [1.044156492424312, 53.04614908158804], [1.0443089996566848, 53.04610319172697], [1.0444220833846662, 53.04608870849154], [1.0445351671126475, 53.04613411075182]]}}, {"type": "Feature", "properties": {"depth": -15.0}, "geometry": {"type": "LineString", "coordinates": [[0.9880088939336129, 53.04835421428368], [0.9880722621318965, 53.04846729801166], [0.9879933031219273, 53.04842144259948], [0.9879329135841312, 53.04835421428368], [0.9880088939336129, 53.04835421428368]]}}, {"type": "Feature", "properties": {"depth": -15.0}, "geometry": {"type": "LineString", "coordinates": [[1.0396388909430223, 53.048297672419686], [1.0396836768340985, 53.048184588691704], [1.0397347964067667, 53.04807150496372], [1.0397876361925409, 53.04795842123574], [1.0397693787680184, 53.04790187937175], [1.0396935560829548, 53.04801496309973], [1.039629266724354, 53.04812804682771], [1.0395701155979118, 53.04807150496372], [1.0395029412174734, 53.04812022191037], [1.0395071748274098, 53.048184588691704], [1.0394463993534828, 53.048166821192], [1.0393818343250134, 53.048241130555695], [1.0392946684793065, 53.04835421428368]]}}, {"type": "Feature", "properties": {"depth": -15.0}, "geometry": {"type": "LineString", "coordinates": [[1.023614677436081, 53.04782857505752], [1.0234777614171418, 53.04784533750776], [1.0235581355720904, 53.047913068903604], [1.023621976689665, 53.04784533750776]]}}, {"type": "Feature", "properties": {"depth": -15.0}, "geometry": {"type": "LineString", "coordinates": [[1.025480558947775, 53.047822109540434], [1.0253109333558026, 53.047842051968786], [1.0253657663269606, 53.04790187937175], [1.0254555288457445, 53.04790187937175], [1.025480558947775, 53.047822109540434]]}}, {"type": "Feature", "properties": {"depth": -15.0}, "geometry": {"type": "LineString", "coordinates": [[1.026045977587682, 53.04772497501135], [1.0259328938597005, 53.047781101109386], [1.0259894357236914, 53.047789516843146], [1.0261322377312645, 53.047788795643775], [1.026045977587682, 53.04772497501135]]}}, {"type": "Feature", "properties": {"depth": -15.0}, "geometry": {"type": "LineString", "coordinates": [[1.0229361750681925, 53.04729922941], [1.0228244101837216, 53.04739300259584], [1.0229056537955943, 53.04750608632382], [1.0229798433428094, 53.04744954445983], [1.022992716932183, 53.04733786932268]]}}, {"type": "Feature", "properties": {"depth": -15.0}, "geometry": {"type": "LineString", "coordinates": [[1.0241800960759884, 53.04732251587324], [1.024067012348007, 53.047340252468324], [1.0241235542119975, 53.04741905149967], [1.024236637939979, 53.047482244721806], [1.0242931798039696, 53.0473939249937], [1.0241953666378767, 53.04733646073185]]}}, {"type": "Feature", "properties": {"depth": -15.0}, "geometry": {"type": "LineString", "coordinates": [[1.0245304930646708, 53.047166835139876], [1.0244952899108877, 53.04727991886786], [1.0244265570386883, 53.04722337700387], [1.0245193472599325, 53.0471591690111]]}}, {"type": "Feature", "properties": {"depth": -15.0}, "geometry": {"type": "LineString", "coordinates": [[1.0555042887268473, 53.0411715856308], [1.055511551375056, 53.04106031382888], [1.0553940963871735, 53.04106031382888], [1.055328124434681, 53.04106031382888], [1.0551714482488133, 53.04106031382888], [1.0551524386640316, 53.04111685569287], [1.0550325072308053, 53.04106031382888], [1.0549940469736214, 53.0409472301009], [1.0548823282229494, 53.04096128514555], [1.054769244494968, 53.04094141093611], [1.0546561607669864, 53.0408387789076], [1.0545032225207949, 53.040834146372916], [1.0543991190454187, 53.040834146372916], [1.0543664282713145, 53.04089068823691], [1.0543169095830422, 53.0408203697584], [1.0543734514470329, 53.04077075151515], [1.0542603677190514, 53.04069909919525], [1.05414728399107, 53.040644548767055], [1.053991806252221, 53.04060797891695], [1.0538756120730912, 53.04060797891695], [1.0538282687773286, 53.040721062644934], [1.0538080328071258, 53.040834672999715], [1.0536949490791443, 53.040778134994326], [1.053635181005836, 53.040721062644934], [1.0536949490791443, 53.04077679729028], [1.053751490943135, 53.040674105718004], [1.0536681781836372, 53.04060797891695], [1.0535448733068036, 53.04060797891695], [1.0534687816231814, 53.0406861164133], [1.0534096517057283, 53.04060797891695], [1.0535253234871722, 53.04057975553773], [1.0534906536450745, 53.04049489518897], [1.0534122397591907, 53.04043515532923], [1.053307452781965, 53.04049489518897], [1.0532426141672184, 53.040479364714024], [1.0531765658906413, 53.04038181146099], [1.053097544214623, 53.04026872773301], [1.0530164467112555, 53.04018358670407], [1.0529237793759758, 53.040155644005026], [1.0529705437542511, 53.04026872773301], [1.0530207135428893, 53.04038181146099], [1.0530951393154682, 53.04049489518897], [1.0530164340348704, 53.04049489518897], [1.0529599048472649, 53.040437844539404], [1.0529595217753278, 53.040325269597], [1.0528510832159914, 53.04021218586902], [1.0529151551587, 53.040099102141035], [1.0528076783875584, 53.040099102141035], [1.052733737391302, 53.0401739899657], [1.0526206536633205, 53.04013843085909], [1.0525641117993298, 53.0402114097056], [1.0525514720730051, 53.04021218586902], [1.0523944862073578, 53.04017128629593], [1.0522814024793763, 53.04011017406231], [1.0522814024793763, 53.040026062204035], [1.052384116275016, 53.040099102141035], [1.0524723919596075, 53.040099102141035], [1.0524148002674756, 53.03998601841305], [1.052337944343367, 53.039883208616786], [1.0522248606153854, 53.03981840527879], [1.0521117768874042, 53.039922208929745], [1.0519986931594227, 53.03986246728026], [1.0519194868267336, 53.03992947654906], [1.0518290675674504, 53.03999988481569], [1.0517510608586171, 53.03992947654906], [1.0517316860407324, 53.03975985095709], [1.0516304656796418, 53.03975985095709], [1.0516923452194102, 53.03987293468507], [1.0516562951467219, 53.03992947654906], [1.0515463582474969, 53.0398377401142], [1.0515228196684014, 53.0397033090931], [1.0514431616416067, 53.03975985095709], [1.0513728387280308, 53.03975985095709], [1.0512636489275433, 53.03967319356111], [1.0511505651995618, 53.03961214679123], [1.051067305148158, 53.039533683501126], [1.0509809396075898, 53.03946535932229], [1.0508678558796083, 53.039417667353405], [1.0508113140156174, 53.039434785849515], [1.0507547721516268, 53.039512357181536], [1.0506416884236454, 53.039555982489695], [1.050683771361, 53.039477141637136], [1.0505851465596545, 53.03940672923903], [1.05048621240764, 53.03930751604516], [1.0504155209676824, 53.03922607622215], [1.050302437239701, 53.03928464330389], [1.0501893535117195, 53.039314990496415], [1.0500762697837382, 53.03926189952288], [1.0500121019364936, 53.03919443231718], [1.0499546180570818, 53.03925097418117], [1.0498440421179565, 53.03925097418117], [1.0496987132273432, 53.03925097418117], [1.0496239348718124, 53.03931328775872], [1.0495629493070417, 53.03925097418117], [1.0495544729400725, 53.0390813485892], [1.0494543092798403, 53.03901154733403], [1.0493527652831165, 53.0390813485892], [1.049284683687868, 53.039170403285], [1.0491715999598865, 53.039093348112395], [1.0490988205113432, 53.0390813485892], [1.0490054188673121, 53.03913789045319], [1.0489750718840511, 53.03902480672521], [1.048888890639933, 53.0389314243826], [1.0488568535413632, 53.0390813485892], [1.0487821457264332, 53.03913789045319], [1.0487465953191515, 53.03902480672521], [1.0487167431879518, 53.03896826486122], [1.048574025209355, 53.03896826486122], [1.048493097591998, 53.03890429583365], [1.0483800138640165, 53.03882987992804], [1.0483234720000258, 53.038898365616696], [1.048415512226364, 53.03896826486122], [1.0484946193639444, 53.03902480672521], [1.0484213281306936, 53.03902480672521], [1.04831995093608, 53.03896826486122], [1.0482103882720444, 53.03889124364607], [1.0481429492508232, 53.038855181133236], [1.048097304544063, 53.03901874399105], [1.047978512636576, 53.03896826486122], [1.0479276789520908, 53.03882264144022], [1.0478377835202028, 53.03891172299723], [1.0478145952241094, 53.039055527040915], [1.047798877240817, 53.03891172299723], [1.047701511496128, 53.03880378334478], [1.0476200704872514, 53.038742097405255], [1.0475318859041558, 53.038666289088916], [1.0475318859041558, 53.038764886119374], [1.047475344040165, 53.038849992175436], [1.0473622603121835, 53.03877307089003], [1.0472962924509897, 53.038742097405255], [1.0473161234574715, 53.038855181133236], [1.047220057409697, 53.03891172299723], [1.0471432475158922, 53.038855181133236], [1.047079013814059, 53.038798639269245], [1.0469664672642485, 53.03870616386207], [1.0469664672642485, 53.03859877356073], [1.0469484250366496, 53.03851592994929], [1.0468852418454875, 53.0384593880853], [1.0468533835362672, 53.038612985979306], [1.0468533835362672, 53.03873396531405], [1.0469277649336526, 53.038798639269245], [1.0469664672642485, 53.03885812265293], [1.0468533835362672, 53.03880467214585], [1.0467968416722764, 53.03872565996197], [1.0467815637284232, 53.03857247181328], [1.0467133651233156, 53.03862901367727], [1.04660420264424, 53.03862901367727], [1.0464870823380745, 53.03862901367727], [1.0464010486243414, 53.0387147059977], [1.04628796489636, 53.03874374186054], [1.0461959808608567, 53.038742097405255], [1.0460942549829253, 53.038742097405255], [1.0460315950806534, 53.03862901367727], [1.0459487137124155, 53.038550672965606], [1.0458356299844342, 53.03850255457076], [1.0457790881204434, 53.03854590626202], [1.0457225462564528, 53.03858899550974], [1.0456094625284713, 53.03855355315626], [1.045603115645064, 53.038685555541264], [1.0454782399802327, 53.038685555541264], [1.045439836936499, 53.03860158052637], [1.0455406601542947, 53.03851592994929], [1.045439836936499, 53.038413610404625], [1.0453613525607839, 53.03840284622131], [1.0453139972106618, 53.03851592994929], [1.0453642383411836, 53.03862901367727], [1.0453088258052883, 53.038685555541264], [1.0452138553407526, 53.03857247181328], [1.0451374253233732, 53.03851592994929], [1.045192516460028, 53.03840284622131], [1.0451005857525548, 53.038335041270315], [1.045044043888564, 53.03844905293381], [1.045044043888564, 53.03856899336127], [1.0449875020245734, 53.03857626417968], [1.044915580210037, 53.03851592994929], [1.0449574683844376, 53.03840284622131], [1.044874418296592, 53.038326999586815], [1.0448178764326013, 53.03839212440843], [1.0447613345686104, 53.0384160787735], [1.044648250840629, 53.03849902155063], [1.0445575856309237, 53.03840284622131], [1.0444786252486569, 53.03843733896754], [1.0444220833846662, 53.03831835059954], [1.044269597771423, 53.03834630435732], [1.0441959159287033, 53.0384059766827], [1.0440828322007218, 53.0383523711829], [1.0440833155537135, 53.0384593880853], [1.0440215220169682, 53.0384593880853], [1.0439132066087495, 53.038347604526564], [1.043856664744759, 53.0382761269563], [1.0437435810167774, 53.03820897997404], [1.0436356429514282, 53.038176678765346], [1.0437435810167774, 53.038264436937084], [1.0436870391527868, 53.03830323557253], [1.0436267248583249, 53.03823322062934], [1.0435270909263261, 53.038120136901355], [1.0434687698565368, 53.038176678765346], [1.0434043298328333, 53.03823527316425], [1.0433546011026538, 53.038120136901355], [1.0432553701973277, 53.038120136901355], [1.0433035612010493, 53.03823322062934], [1.043234704240861, 53.03823158942039], [1.0431216205128795, 53.03825201080112], [1.0430479936528363, 53.03828976249333], [1.0430650786488889, 53.03813307281877], [1.0430726546524605, 53.03800705317338], [1.0429842038629353, 53.03800705317338], [1.0429747411638175, 53.038176678765346], [1.042941345183179, 53.03828976249333], [1.0428954530569168, 53.0382480811607], [1.0429462498135313, 53.038120136901355], [1.0428466146247157, 53.03806359503737], [1.0427823693289353, 53.03805705311449], [1.042721154270615, 53.038120136901355], [1.042612743736963, 53.03820424377124], [1.0424996600089815, 53.03815840499922], [1.042443118144991, 53.03823072302047], [1.0424416850601617, 53.03823322062934], [1.0423300344170094, 53.03815405327156], [1.0421720628345617, 53.038176678765346], [1.042216950689028, 53.03826629916762], [1.0421038669610465, 53.03819085721442], [1.0421604088250374, 53.03816752955754], [1.042124458474702, 53.03806359503737], [1.0420473250970559, 53.03798450841667], [1.0419342413690744, 53.03802434682194], [1.0418776995050838, 53.03789459945718], [1.041878346662089, 53.0378939694454], [1.0419907832330653, 53.03783807810132], [1.0420473250970559, 53.03780698165469], [1.0419907832330653, 53.037671164866616], [1.0418776995050838, 53.03773672830419], [1.0417933760129243, 53.03778088571742], [1.041821157641093, 53.03768537083439], [1.04185866111751, 53.037611260125445], [1.0419342413690744, 53.03751622683654], [1.0419907832330653, 53.037434417491006], [1.0421038669610465, 53.03733926058536], [1.0421875893525836, 53.0372720089415], [1.0422734925530188, 53.03718884527643], [1.0423309173061632, 53.03710238334953], [1.042443118144991, 53.03701217570959], [1.0425562018729724, 53.03706627450675], [1.0426156505326243, 53.03715892521352], [1.0426692856009538, 53.03730154093057], [1.0427527321437209, 53.03732855080549], [1.042843349823347, 53.03732855080549], [1.0429519949209074, 53.037326021974], [1.0429463460615835, 53.03738509266948], [1.0428954530569168, 53.03746391194892], [1.0430085367848982, 53.0374102718133], [1.0430127593374792, 53.0372720089415], [1.0430085367848982, 53.03720847138547], [1.0430650786488889, 53.03712892790673], [1.0430974315553232, 53.037045841485536], [1.0431781623768703, 53.036942920514214], [1.0431781623768703, 53.03683273008592], [1.0431518801736606, 53.03670659030159], [1.0431957331715522, 53.03659350657361], [1.043268797773628, 53.03648042284563], [1.0433477879688424, 53.0364017710863], [1.0434608716968239, 53.03632803954146], [1.0435627957709785, 53.036254255389665], [1.0436363457232394, 53.036197713525674], [1.0437327485044139, 53.03608462979769], [1.0438321775679533, 53.0360280879337], [1.0439207860309432, 53.03597154606971], [1.0440254772998259, 53.03585846234173], [1.0440828322007218, 53.035799401651936], [1.0441959159287033, 53.03572307794677], [1.0443057907796938, 53.035632294885765], [1.0441460435297998, 53.035575753021774], [1.0442627898796017, 53.035575753021774], [1.044405127341241, 53.035575753021774], [1.0443468266256308, 53.03546266929379], [1.0443702466265774, 53.035519211157784], [1.044500817677124, 53.035519211157784], [1.044611229343749, 53.03546266929379], [1.0447015542183469, 53.0354061274298], [1.0447613345686104, 53.03536277173396], [1.044874418296592, 53.03529549807657], [1.044934540431977, 53.03523650183783], [1.0450508860914258, 53.03517995997384], [1.0451571276165454, 53.035093978332455], [1.0451337157661744, 53.035010334381866], [1.0452341224977146, 53.035010334381866], [1.04529300054201, 53.034953792517875], [1.0452524684532865, 53.0348407087899], [1.0453267532085175, 53.03477463230154], [1.045412129524387, 53.03467108319793], [1.0454963788004898, 53.034681083288234], [1.0455529206644805, 53.0346488011238], [1.0455848079541943, 53.034557999469946], [1.045666004392462, 53.0344942613281], [1.0457308184355432, 53.034501457605955], [1.0458921718484249, 53.034472675714305], [1.0459487137124155, 53.03438353183055], [1.0461038956608097, 53.03433183201398], [1.0461748811683784, 53.034247459538115], [1.0463285709590808, 53.034218748286], [1.0464300914712854, 53.03416220642201], [1.0465706742163134, 53.03412833707185], [1.046683757944295, 53.03407895544772], [1.0466727593649665, 53.03416220642201], [1.0467723776361406, 53.03416220642201], [1.0469099254002578, 53.0341061050549], [1.0470230091282393, 53.03404924630596], [1.0471360928562208, 53.034022095481774], [1.0472491765842022, 53.03393981798069], [1.0473622603121835, 53.03391422848469], [1.047424965930684, 53.033879497102056], [1.0475318859041558, 53.03385177825481], [1.0476449696321373, 53.033817678303016], [1.047618465096066, 53.033709871510084], [1.0477160393763199, 53.033709871510084], [1.0478145952241094, 53.033668935068256], [1.0479453747607885, 53.03365332964609], [1.0479276789520908, 53.03359610264919], [1.0480407626800723, 53.03363325500356], [1.0481381712357452, 53.03354024591811], [1.0482103882720444, 53.03355964166334], [1.0482669301360352, 53.03342880254401], [1.048326837404735, 53.03348370405412], [1.0482669301360352, 53.033423834525095], [1.0483223787045821, 53.03331407846215], [1.0483400974134611, 53.03337062032614], [1.0484365557280073, 53.033428865929324], [1.048493097591998, 53.03336836748886], [1.0485704663027557, 53.03331407846215], [1.0487192650479609, 53.0333225919732], [1.0487770868786894, 53.03325753659816], [1.0487318196759055, 53.033144452870175], [1.0487758069119515, 53.03302885841148], [1.0487953161113124, 53.033144452870175], [1.048888890639933, 53.03323945620228], [1.0489639867853549, 53.033144452870175], [1.0490019743679144, 53.032974921335935], [1.0490853558775028, 53.03291828541421], [1.0491182995048178, 53.03286174355022], [1.049199149216137, 53.0329748272782], [1.049243386864777, 53.03303136914219], [1.0492288080944094, 53.03286174355022], [1.0493169805078069, 53.03280520168623], [1.0493948241799336, 53.03274865982224], [1.0494543092798403, 53.03278028875897], [1.0495610344336723, 53.03269211795825], [1.0496045984519802, 53.03274865982224], [1.0496493445775275, 53.03269211795825], [1.0497370185997938, 53.032596129217644], [1.0498227970279521, 53.03263557609426], [1.049906644191766, 53.03255064101641], [1.0500197279197474, 53.03248806652982], [1.0501532252472676, 53.032465950502285], [1.0502442998649015, 53.0323528667743], [1.050302437239701, 53.03239138880475], [1.0504193442566119, 53.0323528667743], [1.050528604695664, 53.03237821565779], [1.0505851465596545, 53.0322913078284], [1.050698230287636, 53.03221244628909], [1.0508113140156174, 53.03216751115014], [1.050924397743599, 53.0321951883413], [1.0509809396075898, 53.03209604921191], [1.0510595027143088, 53.03212669931834], [1.0511764596657158, 53.03212669931834], [1.0512376909495529, 53.03218324118233], [1.0512636489275433, 53.03209582615112], [1.051320190791534, 53.032026246037596], [1.0513767326555248, 53.03213268198767], [1.0514332745195154, 53.03202808429377], [1.0516029001114875, 53.03202464980063], [1.0516594419754783, 53.03193743765851], [1.0517203599591376, 53.03190053186238], [1.051715983839469, 53.03196981640423], [1.0518290675674504, 53.031941765148616], [1.0518856094314413, 53.03184758461075], [1.0518881357931147, 53.031843989998386], [1.0520477547184395, 53.031843989998386], [1.0521117768874042, 53.031878634948846], [1.0522248606153854, 53.031800000157325], [1.052337944343367, 53.031753089621944], [1.0524510280713484, 53.03171138311606], [1.052572874870545, 53.03167436440641], [1.0526722441731255, 53.03156128067844], [1.052733737391302, 53.031482675637776], [1.0528322876369989, 53.03150473881445], [1.0528663372331313, 53.03144819695046], [1.052981202610237, 53.03144819695046], [1.0530730167438818, 53.031391655086466], [1.0532426141672184, 53.03134666431272], [1.0532991560312093, 53.031262163999514], [1.0533928753020811, 53.031278571358484], [1.0535253234871722, 53.031244320955345], [1.0536384072151534, 53.031201435638195], [1.053751490943135, 53.03116061405186], [1.0538491709915698, 53.03110894576651], [1.0539211165351072, 53.031092648638484], [1.0540342002630885, 53.031023645252354], [1.0541688033881298, 53.03099586203853], [1.0543158985828305, 53.03093932017454], [1.0543734514470329, 53.030881203457696], [1.0544865351750143, 53.03091308406935], [1.0545996189029958, 53.03085273557953], [1.0546956733405741, 53.03082623644656], [1.054769244494968, 53.03078251910254], [1.0548823282229494, 53.03074784445292], [1.0549954119509308, 53.03068377883082], [1.0551084956789123, 53.03065180496927], [1.055268236570337, 53.030600068990594], [1.0553346631348752, 53.030629177889864], [1.0554097831701093, 53.0305435271266], [1.0555042887268473, 53.03054838688894], [1.0556173724548288, 53.03049147000591], [1.055695568744064, 53.03043044339862], [1.0557869980468009, 53.03045452635259], [1.0558853148198948, 53.03037390153463], [1.0559566236387732, 53.03038267511643], [1.0560591431406974, 53.03031735967064], [1.0561262492307453, 53.03034752221906], [1.0562393329587267, 53.03029251304174], [1.0563524166867082, 53.03023035224044], [1.0564655004146895, 53.030187178245825], [1.0566351260066618, 53.030182565927], [1.0567482097346432, 53.030118320268876], [1.056868862614282, 53.03009119221468], [1.0568612934626245, 53.03002379972412], [1.056974377190606, 53.03007434352565], [1.057066211509431, 53.030034650350686], [1.0571138491894134, 53.029978108486695], [1.0572005446465689, 53.03000539953215], [1.0572570865105597, 53.02991071961253], [1.0573597383684639, 53.029921566622704], [1.0574832539665224, 53.029874812552286], [1.0575737431447072, 53.02980848289472], [1.0576528795584947, 53.029827581348435], [1.0577094214224854, 53.02973183885645], [1.0578225051504668, 53.02977328421469], [1.0578800978524574, 53.02969539916674], [1.057992130742439, 53.029699336527216], [1.0581052144704204, 53.02964134734382], [1.0581948608849514, 53.02958231543876], [1.0582896787533076, 53.02952577357477], [1.058393793094214, 53.02946923171078], [1.0584444656543648, 53.0293622642069], [1.0584458550924427, 53.029356147982796], [1.0585575493823463, 53.02943094166215], [1.0586320502644502, 53.029356147982796], [1.0586706331103277, 53.02923284015492], [1.0587439941943795, 53.029243064254814], [1.0588179444214563, 53.02912998052683], [1.0588968005662904, 53.02916872691059], [1.0589688128164163, 53.02907343866284], [1.0590664261582627, 53.02899605732582], [1.0591795098862442, 53.02892511302788], [1.0592208616928598, 53.02879072934289], [1.0592908270609125, 53.028677645614906], [1.059405677342207, 53.0286403072173], [1.0595187610701884, 53.02857979288784], [1.0596318447981699, 53.02854822535552], [1.059801470390142, 53.02853456373174], [1.0599145541181234, 53.02848925607567], [1.0600276378461049, 53.0285510108204], [1.0600841797100957, 53.02866296629836], [1.0601972634380772, 53.028718868469525], [1.0602645123135652, 53.02879072934289], [1.0603206745644365, 53.02890381307087], [1.0602538053020678, 53.02889822090134], [1.0601584839030702, 53.02884727120688], [1.0601889452261988, 53.02901689679885], [1.0601056927112105, 53.02912998052683], [1.0600276378461049, 53.02919511724473], [1.0600276378461049, 53.02931678417274], [1.0601407215740863, 53.02937909002424], [1.0602061017075624, 53.029356147982796], [1.060266929948138, 53.02941268984679], [1.0603504572972748, 53.02946923171078], [1.0603052829217192, 53.02958231543876], [1.0603668890300493, 53.02956443231636], [1.0604174201653584, 53.02941268984679], [1.06042343089404, 53.0292868521935], [1.0604272286486345, 53.02941268984679], [1.06042343089404, 53.02955820386807], [1.0604799727580307, 53.029588199367765], [1.0605365146220214, 53.02953216609898], [1.0605930564860122, 53.02951384876186], [1.0606495983500028, 53.02962092663485], [1.0607061402139935, 53.029541437016256], [1.0607626820779843, 53.029517694806735], [1.0608872503548235, 53.02946923171078], [1.0608610310525064, 53.029356147982796], [1.0608962843912058, 53.02941268984679], [1.0609888495339472, 53.02949376188683], [1.0610418844701297, 53.029356147982796], [1.0610809671967765, 53.029299606118805], [1.0610794570074127, 53.02946923171078], [1.0611170023831489, 53.02941268984679], [1.0612036879751172, 53.029299606118805], [1.0613220804608772, 53.029243064254814], [1.0613281007178914, 53.029253290775166], [1.0613548673829936, 53.029356147982796], [1.061428476444644, 53.029299606118805], [1.0614977263098637, 53.029213143499064], [1.0615542681738543, 53.02930020311119], [1.061562919165714, 53.02918652239082], [1.0616108100378452, 53.0290520430989], [1.0617238937658264, 53.029091784992914], [1.0617804356298173, 53.02901461393386], [1.061866558187419, 53.02907343866284], [1.0618986351454458, 53.02901689679885], [1.0619826837668862, 53.02896035493486], [1.062026990141336, 53.02901689679885], [1.062075592075483, 53.02890381307087], [1.0620556352613886, 53.02879072934289], [1.0621196868137615, 53.02880678680854], [1.0621601184791556, 53.02896035493486], [1.062232770541743, 53.028921635459966], [1.0622183946418875, 53.02884727120688], [1.0622893124057338, 53.0287747193781], [1.0624023961337152, 53.02868584025908], [1.0623458542697244, 53.0286680045397], [1.0623458542697244, 53.028560560102264], [1.0624023961337152, 53.028447410987], [1.0624255882660172, 53.028564561886924], [1.0625154798616967, 53.02853986435523], [1.062513861780723, 53.02845147815894], [1.0626285635896782, 53.028444997443835], [1.0626851054536688, 53.028337303215814], [1.0627601193042582, 53.02839493629496], [1.0628017153654428, 53.02833839443097], [1.0627981891816503, 53.02825938472842], [1.062883597214825, 53.02828185256698], [1.0629678147736223, 53.028288640929865], [1.0630243566376132, 53.02825024643977], [1.0630243566376132, 53.02813964085373], [1.063110081972125, 53.028168768838995], [1.0631636307249615, 53.028112226975004], [1.0632018335521642, 53.028168768838995], [1.063250524093576, 53.02803285925043], [1.0633636078215574, 53.02799375688923], [1.0634766915495388, 53.02793311062889], [1.0635897752775203, 53.02788152738956], [1.0637518787066294, 53.02782951765505], [1.0638724845974739, 53.02778792373795], [1.0639290264614647, 53.02768862254377], [1.0640421101894462, 53.02765379135308], [1.0641777198812272, 53.02760335019909], [1.064293388722037, 53.027546808335096], [1.0643813613733903, 53.02755192998175], [1.0644944451013718, 53.027491421188245], [1.0645509869653624, 53.027391353549305], [1.064664070693344, 53.02733076331669], [1.0647771544213254, 53.02728193468547], [1.0647771544213254, 53.02716147648079], [1.0647206125573347, 53.02712994785466], [1.0648027872427024, 53.02709447342317], [1.0648637695879228, 53.02703793155918], [1.0648902381493068, 53.02692321296216], [1.0650033218772883, 53.02696331288294], [1.0649847192609543, 53.026868305967206], [1.0650958891046411, 53.026811764103215], [1.0652024592084945, 53.026755222239224], [1.0652294893332512, 53.026663072098664], [1.0652806912966792, 53.02658559664725], [1.0652860311972419, 53.02648741735563], [1.0652935795457323, 53.02647251291927], [1.065393045920548, 53.02658559664725], [1.0654073065958651, 53.02652905478326], [1.0654287112178447, 53.02635942919129], [1.0653590257538226, 53.026246345463306], [1.0653344806048735, 53.026133261735325], [1.0653991149252233, 53.0261780714991], [1.0655121986532048, 53.026215669808096], [1.0655687405171954, 53.02611102675233], [1.0656582492265032, 53.02602017800734], [1.0657018621470131, 53.02590709427936], [1.0656252823811863, 53.025850440426645], [1.0655121986532048, 53.02574337538418], [1.065451152490809, 53.02579401055138], [1.0653991149252233, 53.0256413974569], [1.0654206541727156, 53.025567843095416], [1.065466805468932, 53.025454759367435], [1.065409422761528, 53.02534167563945], [1.0653425730612327, 53.02534307036359], [1.065239601539055, 53.02528513377546], [1.0651967508717641, 53.02517205004748], [1.0651729474692604, 53.025107065277304], [1.0652860311972419, 53.02502628872026], [1.0653495462610876, 53.024945882591524], [1.0653425730612327, 53.0248077687735], [1.0652481398572438, 53.02483279886354], [1.0651793109426506, 53.02471971513556], [1.0651134477717192, 53.02466317327157], [1.0651467648270299, 53.02455008954359], [1.0651729474692604, 53.02448223446795], [1.0650970330272094, 53.024380463951616], [1.0650016813898981, 53.024323922087625], [1.0650452891151727, 53.024267380223634], [1.065070692408156, 53.02421083835964], [1.065059863741279, 53.02410297461654], [1.0651164056052698, 53.02403906881582], [1.0652270998924707, 53.02409775463166], [1.0652860311972419, 53.024174235541125], [1.0653646448070504, 53.024267380223634], [1.0653812964637757, 53.02443700581561], [1.0654556567892142, 53.02439738737139], [1.065442245121811, 53.024323922087625], [1.0654747607351949, 53.02421083835964], [1.0653991149252233, 53.02410479608585], [1.0653425730612327, 53.0239950923353], [1.0653991149252233, 53.02395039729791], [1.0654686743047972, 53.0238715871757], [1.0653991149252233, 53.02380079627318], [1.0652544003005773, 53.02381504531171], [1.0651760368700764, 53.0238715871757], [1.065059863741279, 53.023819989389445], [1.0649850430614944, 53.023758503447716], [1.065064350078474, 53.023701961583726], [1.0652274976475486, 53.023701961583726], [1.0652377768594796, 53.023758503447716], [1.0653426092552252, 53.023701961583726], [1.0652773745336388, 53.023645419719735], [1.065347474111723, 53.023588877855744], [1.0654556567892142, 53.02350810686822], [1.0655687405171954, 53.023464804314656], [1.0656818242451769, 53.023380229891906], [1.065818853855931, 53.02336271039978], [1.0659645335651304, 53.0233585774131], [1.066077617293112, 53.02340227525564], [1.066092628080525, 53.02353233599175], [1.0661564115820927, 53.023645419719735], [1.0662472428850842, 53.02372061803278], [1.0663575498450852, 53.02381504531171], [1.0664168684770563, 53.02389490296766], [1.066489240297642, 53.02381504531171], [1.0664168684770563, 53.02374257052371], [1.0663037847490748, 53.02369638821377], [1.0663191459766495, 53.023588877855744], [1.0664168684770563, 53.02350888806912], [1.0663979621251671, 53.02341925226377], [1.0663037847490748, 53.02343341639126], [1.0662125620007021, 53.02336271039978], [1.0661907010210934, 53.02329071648232], [1.0663603266130657, 53.02325795149671], [1.0664251242186897, 53.0232496266718], [1.0665299522050378, 53.0232084881179], [1.0665616233810933, 53.023080001079826], [1.0666430359330192, 53.023082575572936], [1.0667561196610007, 53.023164770590945], [1.066845873399649, 53.023080001079826], [1.0669021623373078, 53.02313654294382], [1.0668666808758283, 53.0232496266718], [1.0669822871169634, 53.0232592639224], [1.0670953708449449, 53.02332254001085], [1.0671480358777081, 53.02347579412776], [1.0671810464768527, 53.023588877855744], [1.0672649964369172, 53.023696265339176], [1.0673780801648984, 53.02374664101517], [1.0674554632265678, 53.02381504531171], [1.067499039779579, 53.02392812903969], [1.0675477057568707, 53.02408555634801], [1.0676191828246573, 53.02404121276767], [1.0677173313488428, 53.02413501835537], [1.067781504358333, 53.02409775463166], [1.0678585454417728, 53.02421083835964], [1.0678869569408151, 53.02428934871132], [1.067932159875315, 53.024380463951616], [1.0680000406687964, 53.02443913851129], [1.0681420238240558, 53.0244935476796], [1.0682262081247593, 53.024561779015144], [1.0683108239559451, 53.02466317327157], [1.0683958337167314, 53.02465334830053], [1.0684528491520493, 53.02460663140758], [1.0683958337167314, 53.024671154644814], [1.0684299039378131, 53.02477625699955], [1.0685489875901644, 53.02483279886354], [1.0686220011726943, 53.02481610883466], [1.0687171776911737, 53.02483279886354], [1.0687350849006758, 53.024879973808744], [1.0687579167469776, 53.024945882591524], [1.0688217077980664, 53.025058966319506], [1.068904710492648, 53.025004311142055], [1.0689885626875728, 53.0251155081835], [1.0690743360846202, 53.02508329335191], [1.0691874198126017, 53.025125164512914], [1.0692439616765923, 53.02504548966418], [1.0693315353226935, 53.025058966319506], [1.069370189293506, 53.025002424455515], [1.0694688648764095, 53.025058966319506], [1.0695266709965459, 53.02509940895276], [1.0696083850105735, 53.02517205004748], [1.0696629167977458, 53.02528513377546], [1.0697878257327662, 53.02528513377546], [1.0698659221804903, 53.0252222755784], [1.0699725175958377, 53.02522859191147], [1.0700920873020383, 53.02517205004748], [1.0701659236394954, 53.0251155081835], [1.0702290570097557, 53.025002424455515], [1.0701004098375755, 53.025002424455515], [1.0699827208915593, 53.025002424455515], [1.0699519755461298, 53.02488934072753], [1.0698659221804903, 53.02481494443063], [1.0697864932412393, 53.02471971513556], [1.0697321941484519, 53.02460663140758], [1.0695832128605367, 53.02456048365224], [1.0695152828394614, 53.0244935476796], [1.0695390642869183, 53.024380463951616], [1.0695918130912188, 53.024267380223634], [1.0695832128605367, 53.024183223423385], [1.0696962965885182, 53.02425433562765], [1.0698659221804903, 53.024236715534094], [1.069936686606832, 53.02415429649565], [1.0700920896364532, 53.02410504968678], [1.0702051733644344, 53.02417156137939], [1.0702617152284253, 53.024043841817324], [1.0703747989564067, 53.02411438798073], [1.0704426747396876, 53.02415429649565], [1.0704878826843882, 53.02401573128428], [1.0705690821416147, 53.02404121276767], [1.0706324275508645, 53.02409775463166], [1.0705649479772528, 53.02415429649565], [1.0705022583258217, 53.02421083835964], [1.0703747989564067, 53.02424058826354], [1.0703747989564067, 53.02436489181249], [1.070440341963877, 53.024323922087625], [1.0704313408203974, 53.02440549871452], [1.0705122516341434, 53.0244935476796], [1.0705444245483788, 53.024662131941355], [1.0706575082763603, 53.02459542355825], [1.070660493978249, 53.02471971513556], [1.0706009664123697, 53.02466623887281], [1.0705444245483788, 53.02480714909094], [1.0704878826843882, 53.02486526704062], [1.0705444245483788, 53.024963638571194], [1.0706575082763603, 53.02501194286241], [1.0707140501403511, 53.0250622684648], [1.0706746670278307, 53.02522859191147], [1.0706075253821679, 53.02517205004748], [1.0705696634158335, 53.02522859191147], [1.0704878826843882, 53.025287259886504], [1.0704651679972312, 53.025454759367435], [1.0705444245483788, 53.025539002612426], [1.0706299358653213, 53.025511301231425], [1.0707140501403511, 53.025494307393046], [1.0708271338683324, 53.02545395219891], [1.0709191995728096, 53.025511301231425], [1.0709806751445559, 53.025454759367435], [1.0710050883865252, 53.025398217503444], [1.0710289262889945, 53.025567843095416], [1.0710657534941705, 53.0256809268234], [1.0710012337168864, 53.02579401055138], [1.0709402175963139, 53.02575483353763], [1.0708836757323232, 53.02587315353906], [1.0707705920043418, 53.02593305608985], [1.0706575082763603, 53.02600837263301], [1.0706009664123697, 53.02603171601613], [1.0707184996780654, 53.026076719871334], [1.0708271338683324, 53.026069541783386], [1.0709402175963139, 53.02611281626156], [1.0710438492974401, 53.02602017800734], [1.07110329776829, 53.026076719871334], [1.0711811926716277, 53.026076719871334], [1.071241442398287, 53.02602017800734], [1.0713360106442489, 53.02600721661205], [1.0713199134036446, 53.026076719871334], [1.0713925525082397, 53.026170721648846], [1.0714490943722303, 53.02613158148182], [1.071492041983041, 53.02602017800734], [1.0715077814930232, 53.02596363614335], [1.0716070978134278, 53.02602017800734], [1.0716752618281933, 53.02593823630849], [1.0717883455561747, 53.02600659831167], [1.0718791573338466, 53.02596363614335], [1.0719089480944404, 53.02590709427936], [1.0719891601639782, 53.02585055241537], [1.0720372583696252, 53.02590709427936], [1.072115267352193, 53.02579401055138], [1.0721841386041098, 53.02572283847175], [1.0722542945842737, 53.02562438495941], [1.0723537641960819, 53.025654141127994], [1.0724668479240633, 53.02557522819633], [1.0725329037722262, 53.02562438495941], [1.0725675706361308, 53.025454759367435], [1.0725971701000347, 53.025511301231425], [1.0726930153800263, 53.02548821737132], [1.072771597049766, 53.025454759367435], [1.0728228887721762, 53.025398217503444], [1.0729191828359892, 53.02541273702667], [1.0729750322795018, 53.02528513377546], [1.0730048115922697, 53.02534167563945], [1.0730888084279613, 53.025306803955175], [1.0731453502919521, 53.02522269386925], [1.0732516467150774, 53.02528513377546], [1.0732787722976747, 53.02522859191147], [1.0732584340199334, 53.02516516320857], [1.0733385912018625, 53.02517205004748], [1.0734787601381062, 53.0251155081835], [1.0735411433398871, 53.025033909886076], [1.073609306625204, 53.025002424455515], [1.0736554105393235, 53.025058966319506], [1.073748015935961, 53.024945882591524], [1.0738348172261538, 53.024945882591524], [1.0739074278603071, 53.02488934072753], [1.0739934782518128, 53.02489760309312], [1.0740500201158034, 53.0248240445173], [1.074112580371989, 53.02477625699955], [1.074173744009423, 53.02483279886354], [1.0742278974287607, 53.02471971513556], [1.0743327294357572, 53.024744841698265], [1.0743922965796513, 53.02466317327157], [1.0744481133634192, 53.02460663140758], [1.0745588968917201, 53.0245600892232], [1.0746719806197014, 53.02452257573151], [1.0747683547594074, 53.0244935476796], [1.0748416062116737, 53.02445471925379], [1.074999797220441, 53.02443700581561], [1.0750677736676364, 53.02437194444295], [1.0751448270260202, 53.024380463951616], [1.0752373992596087, 53.02430105350868], [1.0753504829875902, 53.024248866760836], [1.0754481514303444, 53.02415429649565], [1.0755201085795623, 53.024187177865805], [1.0756331923075437, 53.02413375747999], [1.0757462760355252, 53.02405915871799], [1.0758593597635067, 53.02399979463672], [1.07594007538156, 53.02404121276767], [1.0760014914475722, 53.02398467090368], [1.0760855272194694, 53.02394264283401], [1.076157658747071, 53.0238715871757], [1.0762551528114417, 53.02391866878426], [1.076301321380649, 53.023758503447716], [1.0763849236866936, 53.023701961583726], [1.0764813202674044, 53.02363273326164], [1.0765944039953859, 53.02355440262909], [1.0767074877233673, 53.02349576050159], [1.0768205714513488, 53.023442838317884], [1.0769336551793303, 53.023398796528056], [1.0770467389073117, 53.0233413629166], [1.0771598226352932, 53.023302937042644], [1.0772729063632747, 53.02324387561449], [1.0773859900912561, 53.023190277347], [1.0774990738192374, 53.02310458268337], [1.0776121575472188, 53.02306658524963], [1.0777252412752003, 53.0230055318212], [1.0778383250031818, 53.02293961679996], [1.0779328285757677, 53.022910375487854], [1.0780079505951539, 53.02286011130816], [1.0780079505951539, 53.02278864540068], [1.0778948668671724, 53.0228307307228], [1.0778113657730317, 53.02274074989588], [1.07785488828566, 53.02268420803189], [1.0779514087311632, 53.0227484228484], [1.0779514087311632, 53.02264650269217], [1.0780079505951539, 53.02261171979889], [1.0781108528828862, 53.02251458243992], [1.0781775761871262, 53.02252782118983], [1.078274470062147, 53.02245804057593], [1.0783472017790983, 53.022379898989925], [1.0785168273710704, 53.02236870804167], [1.0785152130404168, 53.022288414983954], [1.0785733692350612, 53.02232741910316], [1.0786299110990518, 53.022221563384335], [1.0786929871217015, 53.02223187311996], [1.0788546922069477, 53.02223187311996], [1.0788679759029085, 53.02217533125597], [1.0789126204190054, 53.022060741826415], [1.0790257041469868, 53.02207533005552], [1.0791387878749683, 53.022010383664615], [1.0791953297389592, 53.02191142665533], [1.0793084134669404, 53.02186202973616], [1.0794214971949219, 53.0218349722052], [1.0794780390589127, 53.02174453566809], [1.0794780390589127, 53.02164988590315], [1.079462180829509, 53.02155337075208], [1.0794780390589127, 53.021476697236565], [1.0794214971949219, 53.021422593434686], [1.0795078535701075, 53.02132720329612], [1.0794214971949219, 53.021268303232496], [1.0794405911308622, 53.021157577704145], [1.0793625875031125, 53.021101035840154], [1.0793082410405854, 53.02098795211217], [1.0792518716029498, 53.02084184093905], [1.0791387878749683, 53.02077405989798], [1.0791260054361327, 53.02064870092823], [1.0792167504924837, 53.020592159064236], [1.0793074281003026, 53.020479075336254], [1.079344591401179, 53.020535617200245], [1.079398601452464, 53.020479075336254], [1.0795345809229033, 53.02044585615747], [1.0795911227868942, 53.020342183064756], [1.0797042065148756, 53.0203041616344], [1.079703998186956, 53.0201963660163], [1.0795911227868942, 53.02021944853413], [1.079516026058291, 53.0201963660163], [1.0794214971949219, 53.02027430611831], [1.0793412996457086, 53.0201963660163], [1.0792518716029498, 53.02011568456948], [1.0792518716029498, 53.02000143374473], [1.0793649553309312, 53.01996956703695], [1.0794780390589127, 53.01997188061829], [1.0795381361549803, 53.019913656696346], [1.0796998705010548, 53.019857114832355], [1.0797607483788663, 53.01988836025648], [1.079840898007537, 53.019800572968364], [1.0799869158348292, 53.01978749011192], [1.0800999995628107, 53.01980962277859], [1.0800797828492832, 53.01974403110437], [1.0801846901853653, 53.01974403110437], [1.0802355896386264, 53.019800572968364], [1.0803261670187734, 53.0197068710184], [1.0803935133852651, 53.01963094737639], [1.080442097890261, 53.0195744055124], [1.0805546823563268, 53.0195744055124], [1.080539042836644, 53.01946132178442], [1.0806333542567217, 53.01940477992043], [1.0805523344747363, 53.019314400209495], [1.0804845012038393, 53.01934823805644], [1.0805304951748655, 53.019235154328456], [1.0804042818117088, 53.019235154328456], [1.0802903687954575, 53.019235154328456], [1.0802696251547828, 53.019168717638266], [1.0803827088827642, 53.01906596738255], [1.0803685235208518, 53.01900898687249], [1.0804762123263192, 53.0189524450085], [1.0804957926107457, 53.01888075871971], [1.0804120241659863, 53.01883936128052], [1.0803827088827642, 53.018813865139904], [1.080374366874284, 53.01872627755254], [1.0802696251547828, 53.01861435065795], [1.0803033926377665, 53.01855665196057], [1.0802696251547828, 53.0184875768741], [1.0803040973726492, 53.01833048450461], [1.0803796469200644, 53.01821740077663], [1.0804704530162634, 53.01816085891264], [1.0803827088827642, 53.018055873975776], [1.0803163284768196, 53.018047775184655], [1.0802607387150547, 53.018104317048646], [1.0802002881502577, 53.017991233320664], [1.0802696251547828, 53.018013329618825], [1.0803261670187734, 53.01793378185926], [1.0803827088827642, 53.01781479769981], [1.080529339880461, 53.0177650658647], [1.0806088763387272, 53.01769612379677], [1.0807219600667086, 53.01764491896678], [1.08083504379469, 53.017577045751686], [1.0810046693866622, 53.017539623632885], [1.0811177531146436, 53.01750856894278], [1.081230836842625, 53.01743093504994], [1.081319409518779, 53.017425814680756], [1.0814004624345972, 53.01737711680275], [1.0815135461625787, 53.017352033643945], [1.0816642958161982, 53.017312730952774], [1.0817397136185414, 53.01724878334065], [1.0818433339511346, 53.01725618908878], [1.0819284238698959, 53.01719964722479], [1.0820224229384952, 53.017107372008105], [1.0821355066664766, 53.0170654479405], [1.082248590394458, 53.017008675578396], [1.0823616741224393, 53.01697159251722], [1.08251865244443, 53.01691693790484], [1.0825780533737193, 53.01697347976883], [1.082644383442393, 53.016923508737584], [1.0827574671703744, 53.01690442829998], [1.0828382125717189, 53.01697347976883], [1.0827800400077108, 53.01708656349681], [1.0828705508983558, 53.01714495028171], [1.0830401764903281, 53.017157147596656], [1.0832098020823002, 53.01718063219613], [1.0832032055832141, 53.01708656349681], [1.0832663439462908, 53.017138901866865], [1.0833228858102817, 53.01720494134463], [1.0833681765972814, 53.01708656349681], [1.0834119633925232, 53.0171431053608], [1.0834925114022538, 53.01720095696569], [1.0836055951302352, 53.01718857412708], [1.0837002930202597, 53.01719964722479], [1.0837752207222073, 53.01721883935077], [1.0838883044501888, 53.017279497661214], [1.084057930042161, 53.01727778398142], [1.084057930042161, 53.017397825114536], [1.084057930042161, 53.01749389980857], [1.0841710137701424, 53.01746358363523], [1.0843406393621147, 53.017463149836985], [1.0844537230900961, 53.01749211046816], [1.084570573171887, 53.01753889840874], [1.084476969542181, 53.01759544027273], [1.0845668068180774, 53.01768879659789], [1.084679890546059, 53.0177568593216], [1.0847929742740403, 53.01780875454087], [1.0849625998660126, 53.01781154970304], [1.085040212526705, 53.01782160772869], [1.0850782062261797, 53.01787814959268], [1.0850282056266274, 53.017991233320664], [1.0849318114677877, 53.018047775184655], [1.0848437121542498, 53.018104317048646], [1.0849625998660126, 53.01813610608197], [1.085075683593994, 53.018101725195834], [1.085197196203116, 53.018104317048646], [1.0853018510499568, 53.01821287963593], [1.0853597095450493, 53.01816085891264], [1.0854149347779383, 53.01828489126444], [1.0854714766419291, 53.01839201780981], [1.0855580970812306, 53.01850011009658], [1.0854714766419291, 53.01858206238773], [1.0854149347779383, 53.01861773143614], [1.0855510797158376, 53.018669735688555], [1.085641773373061, 53.01872627755254], [1.0855614262661348, 53.01878281941653], [1.0855994314995345, 53.01889590314451], [1.0855390981731883, 53.01883936128052], [1.0855104448707007, 53.01889590314451], [1.085464365954031, 53.0189524450085], [1.0853583929139476, 53.0189745198901], [1.085378493632185, 53.01906552873648], [1.0853358770584771, 53.019122070600474], [1.0852803876421582, 53.01906552873648], [1.0851887673219753, 53.019031921563645], [1.085102060676377, 53.019122070600474], [1.085142783360426, 53.019235154328456], [1.085117937906028, 53.019178612464465], [1.0850631555260615, 53.01906552873648], [1.084984209129635, 53.019122070600474], [1.0849060580020218, 53.0192225495158], [1.084758287235885, 53.019235154328456], [1.084679890546059, 53.01930805768124], [1.0846233486820682, 53.01919967465085], [1.0845772578957493, 53.01934823805644], [1.0846233486820682, 53.01940636457186], [1.0845102649540868, 53.019383779711156], [1.0844537230900961, 53.01927592795572], [1.0843971812261053, 53.01939221688097], [1.0843051879417511, 53.01940477992043], [1.0842275556341332, 53.01943385363407], [1.0841710137701424, 53.019521580764675], [1.0841144719061517, 53.01942780272448], [1.084057930042161, 53.01951847633115], [1.08399453595343, 53.01951786364841], [1.0838957407750813, 53.0195744055124], [1.0838261533585527, 53.0195744055124], [1.0837186788582167, 53.01963404905818], [1.0836462152638506, 53.01963094737639], [1.0835487672944293, 53.01968748924038], [1.0834359695382632, 53.019756250540574], [1.0832873311863485, 53.019800572968364], [1.0832098020823002, 53.01985930627615], [1.0830967183543188, 53.0199399763513], [1.0830401764903281, 53.01998486913083], [1.0830070028398344, 53.02002674042433], [1.0829270927623467, 53.02007852770976], [1.082829596115712, 53.02008328228832], [1.0827710292263484, 53.02013982415231], [1.0827574671703744, 53.02028021638232], [1.0826914753112917, 53.02036599160827], [1.0827574671703744, 53.020436217662265], [1.0828679825041472, 53.020479075336254], [1.0829270927623467, 53.02038595058532], [1.0830401764903281, 53.020439895214835], [1.0830967183543188, 53.020587672751994], [1.0830548098364452, 53.02064870092823], [1.0830967183543188, 53.020713634671644], [1.083011288626369, 53.02070524279222], [1.082947902220735, 53.0208183265202], [1.0830401764903281, 53.02077089715418], [1.0832098020823002, 53.02079507941445], [1.0833228858102817, 53.020839171122745], [1.083424835199314, 53.02076178465621], [1.0834925114022538, 53.020805917950774], [1.0835957045794231, 53.0208183265202], [1.0836827438956522, 53.0208183265202], [1.0837752207222073, 53.02080765336016], [1.0838883044501888, 53.020749543867495], [1.0840013881781703, 53.020682372476585], [1.0841144719061517, 53.020634119188045], [1.0840815802705432, 53.020535617200245], [1.0841710137701424, 53.02055889202631], [1.084273573104893, 53.020592159064236], [1.0843406393621147, 53.0204950839775], [1.0844537230900961, 53.02044163074699], [1.0845006848085124, 53.02030944974428], [1.0845384525481425, 53.02036599160827], [1.0845587936839283, 53.020535617200245], [1.0845803441768, 53.020479075336254], [1.084679890546059, 53.02037190990972], [1.0847929742740403, 53.0203394358515], [1.0848495161380312, 53.02029994464325], [1.0848624881821045, 53.0201963660163], [1.0849625998660126, 53.02022458604928], [1.0850191417300032, 53.02018853555823], [1.085075683593994, 53.020129151503276], [1.085202937961915, 53.02008328228832], [1.0851887673219753, 53.02001578748121], [1.0852813357190432, 53.02002674042433], [1.0853583929139476, 53.01995419284563], [1.085451296322953, 53.01997019856034], [1.0855280185059197, 53.0198957759983], [1.0856110862002846, 53.019913656696346], [1.0856976440978918, 53.0198168394347], [1.0858107278258733, 53.019792646484284], [1.0859238115538548, 53.01969518155831], [1.0860790674990617, 53.01968748924038], [1.086093437145827, 53.01959339040709], [1.0861432755864577, 53.01951786364841], [1.0862085579881766, 53.01951786364841], [1.0861049800761358, 53.0195744055124], [1.0862065208738083, 53.019638197755334], [1.0862736066088927, 53.01968748924038], [1.0863523420764432, 53.0195744055124], [1.0864326883297712, 53.019586512321034], [1.0865457720577527, 53.019649821635326], [1.0866588557857342, 53.01971580483647], [1.0867719395137156, 53.01966686250309], [1.0868782454261712, 53.01974403110437], [1.0869415651056877, 53.019729533274806], [1.087038787379099, 53.01974403110437], [1.0871111906976598, 53.01975887342984], [1.0871711070760797, 53.01974403110437], [1.0872475743824859, 53.019800572968364], [1.0873328316577417, 53.01974403110437], [1.0873516164660892, 53.019800572968364], [1.0873939000176136, 53.0197261577744], [1.0874086616183467, 53.01963094737639], [1.0874504418816042, 53.019509276077365], [1.0874405428105212, 53.01940477992043], [1.0873939000176136, 53.019315208526784], [1.08748040826918, 53.01934823805644], [1.0874966211304713, 53.019178612464465], [1.0875954229337128, 53.019122070600474], [1.0876725237902691, 53.01906552873648], [1.0877331512015578, 53.01901542504226], [1.0878462349295392, 53.01898050984363], [1.0878352778268738, 53.01889590314451], [1.0877331512015578, 53.01892715220649], [1.0876200674735763, 53.018960650039084], [1.087506983745595, 53.01890549990484], [1.0874243893042492, 53.01883936128052], [1.087506983745595, 53.01877634681721], [1.0875635256095857, 53.01865426828364], [1.0876661749728134, 53.01855665196057], [1.0877331512015578, 53.018454157289305], [1.0878252763177294, 53.01855665196057], [1.0878686213812787, 53.01850011009658], [1.0879593186575207, 53.01843959539016], [1.0880238348887337, 53.01844356823259], [1.0880724023855022, 53.01829552976585], [1.0881509143453616, 53.01821740077663], [1.0882249163623967, 53.01827394264062], [1.088292817532303, 53.01821740077663], [1.088310112693335, 53.01827394264062], [1.0884116535694464, 53.01825591113803], [1.088534607374423, 53.01821740077663], [1.0886511201551152, 53.01821740077663], [1.0887031111247656, 53.01827394264062], [1.08883008348919, 53.01821740077663], [1.0888074466173816, 53.01814663930228], [1.088920530345363, 53.01818099062271], [1.0889770722093537, 53.01809751848475], [1.0890536095485712, 53.018104317048646], [1.0891466978013258, 53.01799901051841], [1.0892482596156121, 53.017934691456674], [1.089316323393298, 53.01782828847508], [1.0893483315810337, 53.01770852400071], [1.0893855196441138, 53.0177650658647], [1.0894416965342726, 53.01782160772869], [1.0895176899273966, 53.01770852400071], [1.0894548082352564, 53.01759544027273], [1.0893728652572887, 53.01753333835802], [1.0892700789014618, 53.01759544027273], [1.0892597815293072, 53.01772415807533], [1.0892430553996126, 53.01759544027273], [1.0890976506700563, 53.01759544027273], [1.0890336140733443, 53.01758428723601], [1.0889704178326185, 53.01759544027273], [1.0888074466173816, 53.01757128309252], [1.0887064756528804, 53.01759544027273], [1.0887509047533908, 53.01750466374949], [1.0888074466173816, 53.0174686054985], [1.0889365954231538, 53.017425814680756], [1.0890151287531302, 53.017312730952774], [1.0891340416136224, 53.01725618908878], [1.0890336140733443, 53.01716740882058], [1.0889361476066217, 53.01719964722479], [1.0888639884813722, 53.017102558609665], [1.0888074466173816, 53.017203155741086], [1.0887480567133943, 53.0171431053608], [1.0886673094497772, 53.01703002163282], [1.0885812791614187, 53.017052829839], [1.0885245758759496, 53.01697347976883], [1.0884681954334372, 53.0168585270918], [1.0884655441614337, 53.016690770448875], [1.0885442766227553, 53.016634228584884], [1.0886099738252797, 53.0165211448569], [1.0885247372974278, 53.016550600477615], [1.0884291376589417, 53.0165211448569], [1.0883551117054557, 53.01658638275132], [1.0882985698414651, 53.01651681279621], [1.0882420279774743, 53.01657814709343], [1.0882369718237743, 53.01646460299291], [1.0883435041602896, 53.01640806112892], [1.0882766282226028, 53.01629497740094], [1.0883551117054557, 53.01633437821745], [1.0884116535694464, 53.01620817370456], [1.0885247372974278, 53.0161268746377], [1.0886378210254093, 53.0160964702509], [1.0887713621760262, 53.016068809944976], [1.0887385976288149, 53.015955726216994], [1.0888074466173816, 53.015978146913575], [1.0888847943861055, 53.015899184353], [1.0888639884813722, 53.01580408547944], [1.0889770722093537, 53.0158631864275], [1.0891123357671841, 53.01584264248901], [1.0890306838113222, 53.01578610062502], [1.0888975946019936, 53.01572955876103], [1.0888074466173816, 53.01576543251318], [1.0887509047533908, 53.015844670125205], [1.0886943628894001, 53.015758767878914], [1.0885998683683984, 53.01584264248901], [1.088554415444992, 53.01578610062502], [1.0885247372974278, 53.0156214863305], [1.0885812791614187, 53.015606475009285], [1.0886378210254093, 53.015708160369385], [1.0886943628894001, 53.01558752547805], [1.0888074466173816, 53.015530702599506], [1.08888482521703, 53.015446849441076], [1.0889729188862747, 53.01550339130507], [1.0889790403071578, 53.015446849441076], [1.0890664890421755, 53.0153337657131], [1.0891300364621779, 53.01539030757709], [1.0892032396653166, 53.015344096983235], [1.0892717023781002, 53.01527722384911], [1.0893768640916035, 53.01522068198512], [1.0894859489852702, 53.015131634662325], [1.0895841513749787, 53.01505105639315], [1.0896555745772423, 53.01505385471777], [1.0897585472293496, 53.01499451452916], [1.0898817420332052, 53.014984428350864], [1.0899972173962955, 53.014937972665166], [1.0901088743167329, 53.014881430801175], [1.0902610169285756, 53.014824888937184], [1.0903394220048068, 53.014824888937184], [1.0904471606731123, 53.01481213674859], [1.0904471606731123, 53.014937535203934], [1.0903900606981223, 53.01499451452916], [1.090312263386354, 53.01510759825714], [1.0902775350811402, 53.015210795615005], [1.0902346339960793, 53.01527722384911], [1.0903428532223882, 53.01527722384911], [1.090442830678529, 53.01516414012113], [1.0904753548396213, 53.01510759825714], [1.0904062790753015, 53.01522068198512], [1.0905037025371032, 53.01531187586006], [1.0905738917448342, 53.01522068198512], [1.0905602444010938, 53.015148876506245], [1.0906728755241006, 53.01522068198512], [1.0906935248971519, 53.01516414012113], [1.0906356509086998, 53.01505105639315], [1.0906167862650846, 53.01496842794951], [1.0906894947057237, 53.01505105639315], [1.090769939552362, 53.01516414012113], [1.090839758616508, 53.01510759825714], [1.0909056557259413, 53.01510759825714], [1.0909885801225336, 53.01522068198512], [1.0909128413722515, 53.0153337657131], [1.0908429537210473, 53.015408459963815], [1.090729869993066, 53.015471613435764], [1.0906167862650846, 53.01555704700314], [1.0905201528633774, 53.01555993316906], [1.0904775506667768, 53.01561647503305], [1.0904471606731123, 53.01568035849199], [1.0905602444010938, 53.01564292376619], [1.0906916119487247, 53.01561647503305], [1.0908115140346715, 53.01555993316906], [1.0909560374490288, 53.01551836942379], [1.0910691211770103, 53.0154592126501], [1.0911822049049917, 53.015424276551606], [1.0912898392502635, 53.0153337657131], [1.0913508032844974, 53.01539030757709], [1.0914279991777702, 53.01539030757709], [1.091469571788285, 53.0153337657131], [1.0915779979529268, 53.0154336752419], [1.0916910816809082, 53.01546908592741], [1.0916743710926184, 53.01539030757709], [1.0916345398169176, 53.0152880596793], [1.0916343699945315, 53.01522068198512], [1.0916910816809082, 53.015254600460196], [1.0917757230721647, 53.01516414012113], [1.0918607072728803, 53.01521457080086], [1.0919172491368712, 53.015141455035526], [1.09193506463751, 53.01510759825714], [1.0920868747288432, 53.01513822619047], [1.0920687710279293, 53.01505105639315], [1.092143416592834, 53.015103714455954], [1.0922565003208153, 53.01503558524361], [1.0923681105775753, 53.014937972665166], [1.0924615276825407, 53.014937972665166], [1.0925877320168054, 53.014937972665166], [1.0926018163315272, 53.014881430801175], [1.0926582625783094, 53.014937972665166], [1.0927088352327412, 53.01479429664806], [1.0928219189607227, 53.01486918931674], [1.0929350026887041, 53.01491696626299], [1.0930185254160854, 53.014881430801175], [1.0931350538230848, 53.014881430801175], [1.093161170144667, 53.0147533247617], [1.0932177120086577, 53.014848275263844], [1.0933307957366392, 53.01478644711632], [1.0933200618264398, 53.0147118052092], [1.0933873376006298, 53.014716627709795], [1.0935004213286112, 53.01480296620801], [1.0936166023889289, 53.01476834707319], [1.0936135050565927, 53.01465678094082], [1.0936811847877606, 53.0147118052092], [1.0937978948939315, 53.01465526334521], [1.0938725343422828, 53.01459872148122], [1.093963545496694, 53.01459872148122], [1.0940092981045277, 53.014441953622], [1.0940770532789805, 53.01448563775324], [1.0941223818325092, 53.014411401314845], [1.094136943065555, 53.01437255402526], [1.0942519050222572, 53.01437255402526], [1.0943439286662342, 53.014259470297276], [1.0944050911524628, 53.014200619388], [1.0945074451348507, 53.014202928433285], [1.094574716744435, 53.014091607245064], [1.0946312586084257, 53.01404387684729], [1.094661906521551, 53.01397676097732], [1.0946878004724163, 53.014019821113216], [1.0947443423364072, 53.01403536132047], [1.094747729308422, 53.01392021911333], [1.0948574260643886, 53.013834163771065], [1.0948488099475737, 53.01375059352136], [1.0949139679283793, 53.01377945436966], [1.0949988124119663, 53.01369405165737], [1.0950287159237642, 53.01363750979338], [1.0951401353843422, 53.01369707705504], [1.0952054938927542, 53.01363750979338], [1.095235930959343, 53.013467884201404], [1.0953097609763143, 53.01339356982519], [1.0953663028403051, 53.0134692974702], [1.0954228447042957, 53.01337606610065], [1.0954793865682866, 53.013295197931434], [1.0955843974318051, 53.01329825860943], [1.0956490121602587, 53.01319415448269], [1.0957620958882401, 53.01317006439986], [1.0958751796162216, 53.01311502712223], [1.0959390408509573, 53.01312863301746], [1.095988263344203, 53.01301332762288], [1.0961013470721843, 53.01303772233932], [1.0961578889361752, 53.012928911134196], [1.0962709726641566, 53.012853153624654], [1.096384056392138, 53.01280441469197], [1.0964761060551447, 53.01273283996952], [1.096610223848101, 53.01267673498858], [1.0967233075760823, 53.01265655441805], [1.0968154570870319, 53.01256321437755], [1.0969401678909383, 53.01250667251356], [1.097006016896036, 53.012402440135155], [1.0971191006240173, 53.0123801388516], [1.0972321843519988, 53.01231897457497], [1.097385851935657, 53.012280505057596], [1.0974583518079617, 53.01228806955425], [1.097558121023485, 53.012280505057596], [1.0976279773999338, 53.01227069692387], [1.0976845192639246, 53.01212254277214], [1.097767181195612, 53.01205433760164], [1.097797602991906, 53.01195557868034], [1.0976845192639246, 53.01201153784388], [1.0975148936719523, 53.012004299290574], [1.0974123714169308, 53.01199779573765], [1.0973142800043196, 53.01205433760164], [1.0973452680799802, 53.012132163708756], [1.0972321843519988, 53.012207592245794], [1.097137888505959, 53.012223963193605], [1.0971027083001619, 53.012280505057596], [1.0969535766447869, 53.012280505057596], [1.0968929331680546, 53.012334916717094], [1.0968363913040637, 53.01244304206341], [1.0967653646717337, 53.01239358878558], [1.0966706030139746, 53.01250667251356], [1.096610223848101, 53.012489589367455], [1.0964971401201196, 53.01255355199935], [1.0964038873934925, 53.01256321437755], [1.096384056392138, 53.012492060967034], [1.0964971401201196, 53.01243287533223], [1.0965881355181555, 53.01233704692159], [1.0966667657120917, 53.01236514036343], [1.0967233075760823, 53.01226794009508], [1.0968363913040637, 53.012313754544444], [1.0968929331680546, 53.01218382174113], [1.0970257195286313, 53.01216742132962], [1.0971191006240173, 53.01210879986969], [1.0972321843519988, 53.01202728752817], [1.0973452680799802, 53.011997014216746], [1.0974583518079617, 53.01189588859962], [1.0975714355359432, 53.01187405810362], [1.0976845192639246, 53.01179647198746], [1.0977410611279153, 53.011737764458815], [1.0977677917028041, 53.011658544553704], [1.0978541448558967, 53.01158019893854], [1.0979198017096776, 53.01154546082572], [1.0978954032121535, 53.011658544553704], [1.0979672285838782, 53.011602565166584], [1.0979793433445209, 53.01148891896173], [1.098023770447869, 53.01140398957987], [1.0980518782015283, 53.01137583523375], [1.0981368541758503, 53.011360637245836], [1.098196365876818, 53.01137583523375], [1.0982499379038317, 53.01131756179026], [1.0981368541758503, 53.011220037300305], [1.0981743343889177, 53.01114966777779], [1.0981368541758503, 53.01103967463699], [1.098231197885786, 53.011036584049805], [1.0983177711424716, 53.011036584049805], [1.0983968230701031, 53.01092350032182], [1.0984761053597947, 53.01086400846027], [1.0985367407666375, 53.01086695845783], [1.0986115728063899, 53.01075387472985], [1.0987022728157576, 53.01068235141995], [1.098815356543739, 53.01060693641959], [1.0989419684773813, 53.01058424913788], [1.0990281401695383, 53.010471165409896], [1.0991546077276833, 53.01043747473629], [1.0992489802945327, 53.010358081681915], [1.0993242333196556, 53.01025457262215], [1.0993807751836462, 53.01022101585921], [1.099302448879031, 53.01018845608994], [1.099211149591674, 53.01025648869891], [1.0990980658636926, 53.01031785698402], [1.0989849821357112, 53.01038890065134], [1.0989284402717203, 53.01024801210006], [1.0989722008279013, 53.01018845608994], [1.099041523999702, 53.010210304588924], [1.099211149591674, 53.01021927333099], [1.0992676914556647, 53.010092680574274], [1.099437317047637, 53.01008137855631], [1.0993807751836462, 53.010075014419684], [1.099437317047637, 53.00998893902687], [1.0995395873064426, 53.00990574676999], [1.0996069426396091, 53.00991020262351], [1.0996069426396091, 53.0098373758887], [1.0995504007756183, 53.00977136251314], [1.0996374399251938, 53.009679579314025], [1.099600010454467, 53.00956649558604], [1.099644200875487, 53.00950995372205], [1.0996681693357353, 53.009623037450034], [1.0996634845035997, 53.00975139723941], [1.0997200263675906, 53.00981876939889], [1.0998896519595627, 53.009796514990114], [1.0999461938235533, 53.00972791710957], [1.1000027356875441, 53.009660699685526], [1.1000337051329918, 53.00956649558604], [1.0999461938235533, 53.0094637194055], [1.099873760530397, 53.00956649558604], [1.0998896519595627, 53.00963358422848], [1.0997765682315812, 53.009705686128505], [1.0997648119638461, 53.00956649558604], [1.0997765682315812, 53.00943518330637], [1.0998896519595627, 53.009501260571916], [1.0999210587393344, 53.00934032813008], [1.0999461938235533, 53.00924897355976], [1.0999461938235533, 53.009166566411174], [1.1000329951317016, 53.0092272444021], [1.1001375804271485, 53.0092272444021], [1.1001974633982374, 53.009114160674116], [1.1002676725042062, 53.009001076946134], [1.1003210781371031, 53.00894453508215], [1.1003916624547065, 53.009057618810125], [1.10045507059947, 53.00904048794946], [1.1005542707063747, 53.00894453508215], [1.1005681543274513, 53.00879571039559], [1.1006500840155709, 53.00888799321816], [1.1006960351368522, 53.00883145135417], [1.1006547130113837, 53.00871836762619], [1.100703959474277, 53.008661825762196], [1.1007953185450168, 53.008661825762196], [1.100899833846343, 53.008548742034215], [1.1009639473753863, 53.00856361247244], [1.101025783700371, 53.008492200170224], [1.101143958996371, 53.00843565830623], [1.1012693497243666, 53.00837911644224], [1.1014162822873121, 53.00833542276539], [1.1015293660152936, 53.00828467703905], [1.1016100415583552, 53.00820949085027], [1.1017555334712565, 53.00819803742256], [1.1018326902789624, 53.00809640712229], [1.1017555334712565, 53.007988810431456], [1.1016989916072657, 53.007902353089534], [1.101663479961152, 53.0080398652583], [1.1016989916072657, 53.00811464641683], [1.1016153821545476, 53.0080398652583], [1.101642449743275, 53.00791895997183], [1.1017244808969318, 53.007813697802334], [1.1017766291213515, 53.00775715593834], [1.1018785858122733, 53.00775715593834], [1.1019251590632286, 53.00765084009587], [1.1019116973087613, 53.00753098848238], [1.101927195449006, 53.00758753034637], [1.10203824279121, 53.00756803750991], [1.102034958898411, 53.00747444661839], [1.1020947846552007, 53.00750481739443], [1.1022078683831822, 53.00744038617967], [1.1022749982283155, 53.00736136289041], [1.1022064376773881, 53.007304821026416], [1.10203824279121, 53.007291176739045], [1.1019817009272193, 53.0073849703764], [1.101877502672778, 53.00736136289041], [1.1017799989456232, 53.00736136289041], [1.1016943602087637, 53.007304821026416], [1.1017888129995708, 53.007304821026416], [1.1018531748580744, 53.007248279162425], [1.1018120753352472, 53.007186741347], [1.101902914496722, 53.007191737298434], [1.101962592429474, 53.00707865357045], [1.1020287504689108, 53.00702211170646], [1.1020947846552007, 53.00699249200242], [1.1021513265191916, 53.006864923322986], [1.1022311231986492, 53.0067959442505], [1.1022910019323933, 53.00668286052252], [1.1023573202788837, 53.00673940238651], [1.1023051134076123, 53.00685248611449], [1.1023774939751543, 53.00684937696359], [1.1024340358391451, 53.00673072951394], [1.1025471195671266, 53.00665263086966], [1.1026411891283436, 53.00668286052252], [1.1027167451590987, 53.00662543522078], [1.1027806995438807, 53.006626318658526], [1.1029057993925917, 53.006569776794535], [1.1030476914983198, 53.006513234930544], [1.1031690800710245, 53.006476431150986], [1.1032438469007384, 53.00640015120256], [1.103129265046972, 53.00640015120256], [1.103055996343043, 53.00638216205967], [1.1029943699872704, 53.00640015120256], [1.1029417925229081, 53.00628706747458], [1.10302245460401, 53.00623052561059], [1.103055996343043, 53.00609122956175], [1.1031125382070337, 53.00617723254716], [1.103119616844624, 53.00606090001862], [1.103108431798679, 53.005947816290636], [1.1031675462479238, 53.005891274426645], [1.1032058189483922, 53.005834732562654], [1.103055996343043, 53.00581214874915], [1.102923254702659, 53.005834732562654], [1.1028863707510708, 53.00581084444785], [1.1029994544790522, 53.00575483187493], [1.1031537107922584, 53.00572164883468], [1.1029994544790522, 53.005683098834], [1.1028863707510708, 53.0056310322866], [1.1027732870230893, 53.00558800057674], [1.1027126803687903, 53.0056085651067], [1.1027167451590987, 53.005529859751206], [1.1027732870230893, 53.00545369424876], [1.1028501346424726, 53.005382397650735], [1.1027682611914205, 53.005325855786744], [1.1028269561956032, 53.00521277205876], [1.1027732870230893, 53.00514151627248], [1.1028832002963747, 53.00509968833078], [1.1029440019587478, 53.00509968833078], [1.103090286516403, 53.00504314646679], [1.1032125232887937, 53.0049866046028], [1.1031125382070337, 53.00489075878337], [1.1029994544790522, 53.00482469170805], [1.1028894402018867, 53.004760437146835], [1.1027732870230893, 53.004748948339476], [1.1026689798054876, 53.004647353418854], [1.102638810305484, 53.00453426969087], [1.1027732870230893, 53.004516806708786], [1.1028390375572428, 53.00442118596289], [1.1027167451590987, 53.004380850593975], [1.1025471195671266, 53.00438483022849], [1.1024340358391451, 53.00433920258785], [1.1023760474602828, 53.00425156037092], [1.1022740440992966, 53.00430810223491], [1.1022078683831822, 53.0043885834612], [1.1020764374421717, 53.0043646440989], [1.1020947846552007, 53.00428487746711], [1.10203824279121, 53.004146327531025], [1.1020947846552007, 53.004121315563424], [1.1021734934036882, 53.004138476642936], [1.1022078683831822, 53.00401601615243], [1.1022201017589863, 53.004138476642936], [1.102300333461513, 53.00419501850693], [1.102339585706349, 53.004081934778945], [1.1023188260314474, 53.00396885105096], [1.1024340358391451, 53.00396870603555], [1.1025471195671266, 53.003903589656474], [1.1027167451590987, 53.00386983671216], [1.1028298288870801, 53.00384070466453], [1.1029429126150616, 53.00374538376023], [1.1030411192588714, 53.00379922545899], [1.1029429126150616, 53.00374039220668], [1.1028298288870801, 53.003759141540776], [1.1027314173774274, 53.00368614173101], [1.1026990835573005, 53.003742683595], [1.1026036614311172, 53.00369611308856], [1.1024905777031357, 53.00374458750272], [1.102388998739861, 53.003742683595], [1.1023121921040664, 53.003742683595], [1.1022078683831822, 53.00364443971793], [1.1022078683831822, 53.00357019725396], [1.102264410247173, 53.00366645550601], [1.1023383671849505, 53.00357305800303], [1.1023209521111637, 53.00349058064265], [1.1024569103866986, 53.003459974275046], [1.1025471195671266, 53.00339731617347], [1.102660203295108, 53.0034159516092], [1.1027167451590987, 53.00333458106437], [1.1028298288870801, 53.00336320584014], [1.1028931624551144, 53.00329034868307], [1.1029973152763803, 53.003346890547064], [1.103055996343043, 53.003307174524025], [1.1030531246671396, 53.00323380681908], [1.1031690800710245, 53.00317728510935], [1.1031125382070337, 53.00314144527453], [1.1029987658375369, 53.00317726495509], [1.1028298288870801, 53.003210272664454], [1.102660203295108, 53.00321078074217], [1.1024905777031357, 53.00320622279602], [1.1023774939751543, 53.00324065841998], [1.1023667083460618, 53.0031207230911], [1.1023774939751543, 53.00296365566962], [1.1024788516946196, 53.00289455563514], [1.1025471195671266, 53.002827727450665], [1.1026036614311172, 53.00291162376622], [1.102660203295108, 53.00279627163121], [1.1027732870230893, 53.002749971188415], [1.1028863707510708, 53.00269697649825], [1.1030212946326095, 53.002668388179174], [1.1029994544790522, 53.00260246637362], [1.1031055646383472, 53.00261184631518], [1.1031690800710245, 53.0026373499374], [1.103282163799006, 53.002578505570675], [1.1033834015136441, 53.00255530445119], [1.1035083312549687, 53.00258536604102], [1.1035779324478285, 53.00261184631518], [1.1037070577729047, 53.00255530445119], [1.1037910405749223, 53.00256075359111], [1.1038475824389131, 53.00249508925817], [1.1039606661668946, 53.0025275152979], [1.104073749894876, 53.00248062364467], [1.1042433754868481, 53.002496027023696], [1.1043564592148296, 53.002426712631795], [1.1044130010788202, 53.00236974042562], [1.1043564592148296, 53.00224398982044], [1.1043564592148296, 53.00210679678752], [1.1044645983232821, 53.00215951140326], [1.104469542942811, 53.002025224792554], [1.1045742373720102, 53.0019333439473], [1.1046391685347832, 53.00197378199731], [1.1047424665243897, 53.00187680208331], [1.1048087941267553, 53.00189551856048], [1.1049218778547367, 53.00182208703042], [1.1050349615827182, 53.001812063279914], [1.1051660805036096, 53.00176371835533], [1.1053176709026717, 53.00175129316057], [1.1053778861389902, 53.00176371835533], [1.105487296494644, 53.001680426950024], [1.1056082717094968, 53.001650634627346], [1.1057507466194438, 53.001594092763355], [1.105883089542579, 53.00158457984612], [1.106032327842635, 53.001537550899364], [1.1061657988625326, 53.00151905576859], [1.1063328012774334, 53.00148100903537], [1.1064045334306938, 53.00148100903537], [1.106505050046477, 53.001443469898106], [1.1065841252519832, 53.00142446717138], [1.1067228353087828, 53.00142446717138], [1.1067652482721482, 53.00136792530739], [1.1068443012304212, 53.001436065600146], [1.1070139268223935, 53.00144930061793], [1.1071092496531807, 53.00148100903537], [1.1071835524143656, 53.00149255710742], [1.107296636142347, 53.00148009485294], [1.1074097198703285, 53.00148255760257], [1.107546900635337, 53.001537550899364], [1.1076271517181833, 53.00148100903537], [1.107692429190282, 53.0015241333574], [1.1078055129182636, 53.00146708098222], [1.107918596646245, 53.00148867521712], [1.1080190078059617, 53.00148100903537], [1.1080882222382171, 53.00143916532458], [1.1082013059661986, 53.00138003490439], [1.1082339388901774, 53.00125484157941], [1.1083428839744793, 53.00125484157941], [1.10831438969418, 53.00131599018405], [1.1084274734221615, 53.00125784061558], [1.108540557150143, 53.00121613701918], [1.1086152440179537, 53.00114175785143], [1.108710182742115, 53.001064008192124], [1.1088232664700965, 53.000992584617386], [1.1089153933150941, 53.00102867412345], [1.1090494339260593, 53.001000365683126], [1.1091625176540407, 53.000927384722914], [1.1092253922520727, 53.000972132259456], [1.1091807930635174, 53.000859048531474], [1.1092756013820222, 53.00090954819232], [1.109332143246013, 53.00098849756983], [1.1094452269739945, 53.001050318842786], [1.1095385111945018, 53.00102867412345], [1.1095911686267192, 53.000972132259456], [1.109727936293948, 53.0009314076778], [1.1098309443545407, 53.000859048531474], [1.1098975618859201, 53.00080189416253], [1.1098959533749893, 53.0006894229395], [1.109751875249287, 53.00063288107551], [1.109727936293948, 53.00057335779308], [1.1098321138975842, 53.00057633921152], [1.109897548359563, 53.00046325548354], [1.109954103749911, 53.00048022031076], [1.1100350292927477, 53.00046325548354], [1.110123729341883, 53.00044427571175], [1.1102933549338552, 53.00043226962831], [1.1104603595738864, 53.00046325548354], [1.110519522389818, 53.00041653398123], [1.1106326061177996, 53.00040341160646], [1.110745689845781, 53.00042838784583], [1.1109153154377531, 53.000425153018476], [1.1109886593884928, 53.00040671361955], [1.1110849410297252, 53.000470807516116], [1.1111429827100021, 53.00046325548354], [1.111141482893716, 53.00055583259707], [1.1112192288075198, 53.00063288107551], [1.1113095883268118, 53.00074596480349], [1.1114063895411257, 53.00080250666748], [1.1114865683163886, 53.000859048531474], [1.1115395526912877, 53.000972132259456], [1.111685162516017, 53.00102867412345], [1.1117895923085026, 53.00108521598744], [1.1118765271255953, 53.00119085305881], [1.1119375521379427, 53.00125484157941], [1.1120342750371208, 53.0013113834434], [1.112092320026017, 53.00136792530739], [1.1121894203439582, 53.00142446717138], [1.1123288620375211, 53.0014731735378], [1.1124419457655026, 53.00148594448034], [1.1126115713574747, 53.00149506124218], [1.1127246550854561, 53.00147973982454], [1.1128942806774282, 53.001464038790644], [1.1130073644054097, 53.00148333262523], [1.113176989997382, 53.001498871961495], [1.113286743819555, 53.00142446717138], [1.113403157453345, 53.00137815761153], [1.1135162411813262, 53.001314008954296], [1.1136211264175087, 53.00125484157941], [1.113572783045317, 53.00118090681645], [1.1136858667732985, 53.00109036729755], [1.11379895050128, 53.001074718743155], [1.1139120342292612, 53.00101265188986], [1.1139243258227225, 53.000859048531474], [1.1140523880530464, 53.00080250666748], [1.1141330163464773, 53.000859048531474], [1.1141851592723133, 53.00080250666748], [1.1142512854132056, 53.000850228977214], [1.114364369141187, 53.00086496802787], [1.1145156563624203, 53.000915590395465], [1.11459053659715, 53.00088685093322], [1.1147036203251315, 53.00092102895233], [1.1147816875629766, 53.000859048531474], [1.1148303509823183, 53.000915590395465], [1.1149297877810942, 53.000893867302665], [1.1149903501514542, 53.000915590395465], [1.115093786797059, 53.00080250666748], [1.1151559552370571, 53.000855917206394], [1.1152469393730744, 53.00074596480349], [1.1152690389650386, 53.000624260433305], [1.1153241360621804, 53.00074596480349], [1.1153454561313039, 53.0006894229395], [1.1153824917601136, 53.00063288107551], [1.1155437453884038, 53.00063288107551], [1.1156648320129736, 53.000583542988274], [1.1157813637506395, 53.00057633921152], [1.115799145904948, 53.00040671361955], [1.115777915740955, 53.00032345103187], [1.1158909994689366, 53.00038968697128], [1.1159507781925029, 53.00035017175556], [1.1160606250609086, 53.000320367451735], [1.116134934470566, 53.00035017175556], [1.116230250652881, 53.00025888673908], [1.1162765212033925, 53.00012400429959], [1.1163433343808622, 53.00012679267768], [1.116399876244853, 53.00004758765221], [1.1164564181088437, 52.99991746332773], [1.1165135987845807, 52.99984129497964], [1.1164499833324855, 52.99978475311565], [1.1165695018368251, 52.99975336634522], [1.116626043700816, 52.99965447865404], [1.1167593600654744, 52.999615127523676], [1.1169087530207695, 52.999612082901365], [1.117021836748751, 52.9996642773727], [1.1171349204767322, 52.99972441809471], [1.11719774759854, 52.99978475311565], [1.1173045460687046, 52.99989614173895], [1.117375128197124, 52.99995437870762], [1.1174458463574517, 53.0000674624356], [1.1175023288574906, 53.000180546163584], [1.1174741716606766, 53.00032544404376], [1.1173610879326952, 53.00036689902757], [1.1173045460687046, 53.000416245702304], [1.1173610879326952, 53.000552977924514], [1.1173599301277823, 53.00063288107551], [1.1173374919782602, 53.00080250666748], [1.117215013128396, 53.000859048531474], [1.1170801979781997, 53.000859048531474], [1.1170768507385507, 53.000915590395465], [1.1171349204767322, 53.00099997092335], [1.1172480042047137, 53.00095402866377], [1.1173403906866832, 53.000972132259456], [1.1173826544811494, 53.000915590395465], [1.1174701549936445, 53.000859048531474], [1.117482961757316, 53.000915590395465], [1.117643797252649, 53.00092027764473], [1.1177121839460051, 53.000972132259456], [1.1178699647086117, 53.00092298553801], [1.1179830484365931, 53.00091004518254], [1.1180961321645746, 53.0009588420098], [1.118209215892556, 53.00090898666376], [1.1183788414845282, 53.00088956585141], [1.1185240030534895, 53.000859048531474], [1.118605008940491, 53.00090494608793], [1.1187180926684726, 53.00083736595333], [1.1188877182604446, 53.000817658625756], [1.119038728720748, 53.00080250666748], [1.1191138857164076, 53.00081208008332], [1.1191902267927187, 53.00080250666748], [1.1192835113083797, 53.00080133887698], [1.1193965950363611, 53.000816949549005], [1.1195096787643426, 53.00076393845404], [1.1195710194189594, 53.00080250666748], [1.1197358462203055, 53.00079554288452], [1.119848929948287, 53.00082227743378], [1.120018555540259, 53.000813373008654], [1.1201881811322312, 53.0008354644912], [1.1203012648602126, 53.00080017252256], [1.1203867753487922, 53.000859048531474], [1.120414348588194, 53.00093464712195], [1.1203012648602126, 53.0009008464658], [1.120214089370657, 53.000972132259456], [1.1203578067242035, 53.001005791308], [1.1205274323161756, 53.00100008736572], [1.1206232236960039, 53.000915590395465], [1.1206708127093252, 53.000859048531474], [1.1206970579081477, 53.00097285642106], [1.1208101416361291, 53.00094912293855], [1.1209424270729014, 53.000915590395465], [1.120878969439858, 53.00080250666748], [1.12086668350012, 53.00071126411697], [1.1209548124846354, 53.00080250666748], [1.1210263503751963, 53.000915590395465], [1.1210928509560827, 53.00087115685686], [1.121036309092092, 53.000819061799255], [1.121036309092092, 53.00070560864949], [1.121101906910834, 53.0006894229395], [1.121238436592495, 53.0006894229395], [1.121334670377922, 53.00063288107551], [1.1214483802585695, 53.00063288107551], [1.1215017233574431, 53.0006894229395], [1.1216017277319992, 53.00059704723608], [1.1217148114599806, 53.00056847932478], [1.121884437051953, 53.00057199348599], [1.1219773377316755, 53.00051979734753], [1.1221106045079157, 53.00053334538331], [1.1222376553843985, 53.00051979734753], [1.1222901949637534, 53.00046325548354], [1.1223536629646156, 53.00051979734753], [1.1225063975558507, 53.000507608529865], [1.1226194812838322, 53.000462098185075], [1.122676023147823, 53.00053404693086], [1.1227325650118136, 53.000657917092624], [1.1227933217374462, 53.0006894229395], [1.1227725266810415, 53.00057633921152], [1.122727566400744, 53.00046325548354], [1.122800226039911, 53.00046325548354], [1.122902190603786, 53.000458397686856], [1.1229800880171563, 53.00051979734753], [1.12287995856741, 53.00057633921152], [1.1229247332348868, 53.0006894229395], [1.1230019245521783, 53.00063288107551], [1.123071816195758, 53.00065115559054], [1.123159005468725, 53.00057633921152], [1.1231848999237395, 53.00041190403639], [1.123297983651721, 53.00037695745771], [1.123388104113777, 53.00046325548354], [1.123467609243693, 53.00055104627169], [1.1235806929716745, 53.00047136455668], [1.123530350721424, 53.00040671361955], [1.1235806929716745, 53.00026798611877], [1.1236372348356651, 53.0003719603724], [1.123693776699656, 53.0004861605986], [1.1237069126997077, 53.00035017175556], [1.123693776699656, 53.000241194331444], [1.1238068604276374, 53.00032923362975], [1.123919944155619, 53.000272152808996], [1.123996155590719, 53.000237088027575], [1.1240848301579256, 53.000180546163584], [1.1241461116115816, 53.000189843007384], [1.124259195339563, 53.000148535130286], [1.124370306409503, 53.000237088027575], [1.1244350993338679, 53.000237088027575], [1.1245295618351958, 53.000180546163584], [1.1245984465235075, 53.00016946448813], [1.124711530251489, 53.000183765532874], [1.124755468543097, 53.00035017175556], [1.1248246139794702, 53.000417117635244], [1.124935629819954, 53.00040671361955], [1.1249942395714425, 53.00039432974139], [1.1251595457747445, 53.00040671361955], [1.1252204070274054, 53.00036055939391], [1.125333490755387, 53.0004289039588], [1.125471702737161, 53.00046325548354], [1.1255130406483247, 53.00040671361955], [1.125592134892401, 53.00046325548354], [1.1255829058564122, 53.00063288107551], [1.1255596582113496, 53.00071942183189], [1.125672741939331, 53.00075339789998], [1.1257858256673126, 53.00080279290755], [1.1259340417445687, 53.000859048531474], [1.1260265718721976, 53.000915590395465], [1.126125076851257, 53.00090232325238], [1.1261950851929916, 53.000972132259456], [1.1263424244064302, 53.00102867412345], [1.1263698735631849, 53.00114175785143], [1.126520869899192, 53.00115626687872], [1.1266339536271734, 53.00121435250547], [1.126747037355155, 53.00128715915589], [1.1268486288343578, 53.00136792530739], [1.1269732048111176, 53.001408450067906], [1.1270496319608365, 53.00148100903537], [1.12714283040309, 53.00157154931861], [1.1271993722670806, 53.00149109262464], [1.127209989143369, 53.00148100903537], [1.1273092310746975, 53.001594092763355], [1.1273689978590526, 53.00157255282631], [1.127538623451025, 53.00157576443927], [1.127708249042997, 53.00156410113065], [1.1278720919038703, 53.001537550899364], [1.12793441649896, 53.00155409048167], [1.128104042090932, 53.00154425383311], [1.1282171258189135, 53.00152955321917], [1.128318964096861, 53.001594092763355], [1.1284400690621885, 53.001650634627346], [1.128499835138867, 53.001617929705105], [1.1286129188668486, 53.00168645978342], [1.1287159306348746, 53.00176371835533], [1.1287959109112085, 53.00182026021932], [1.1288956281868021, 53.001925861545814], [1.128952170050793, 53.00199756760701], [1.1290652537787744, 53.00204875795152], [1.1292348793707465, 53.00209485954687], [1.1293291826253413, 53.00210296953927], [1.1294045049627186, 53.00211877031917], [1.1294734271517226, 53.00210296953927], [1.129574130554691, 53.00208688220114], [1.1296872142826722, 53.002124339157284], [1.129743756146663, 53.0020431563384], [1.1298568398746445, 53.00209799650936], [1.129969923602626, 53.00213759441833], [1.1300830073306072, 53.00204841739155], [1.1301960910585886, 53.001997473873594], [1.1302791923013122, 53.00210296953927], [1.1303461379732687, 53.00215951140326], [1.130365716650561, 53.00202335323641], [1.1304900737868222, 53.00204642767528], [1.130591884106524, 53.00203020749257], [1.1306484259705145, 53.00212758246121], [1.130733047628128, 53.00215951140326], [1.1308180515624866, 53.00205467396238], [1.1308745934264774, 53.002172597441835], [1.130911751592125, 53.00204642767528], [1.1309414362616346, 53.0019333439473], [1.131017081654538, 53.00182026021932], [1.1311007608824402, 53.001759253309416], [1.1312703864744125, 53.00173034295631], [1.131383470202394, 53.001681013627085], [1.131553095794366, 53.00167622327103], [1.1314965539303752, 53.00164523444177], [1.131326928338403, 53.00159599691838], [1.1312138446104216, 53.00156679203276], [1.1311007608824402, 53.0016118462004], [1.1310140489250027, 53.001594092763355], [1.130931135290468, 53.001556397588196], [1.1308745934264774, 53.00143797386524], [1.1308180515624866, 53.001328280228506], [1.1307590437740065, 53.00136792530739], [1.1307688939692804, 53.00125484157941], [1.130761509698496, 53.00114899735743], [1.1308745934264774, 53.0011184212618], [1.1309547161139297, 53.00108521598744], [1.130931135290468, 53.001164403782134], [1.1310442190184495, 53.00111212791867], [1.1310442190184495, 53.00097658312226], [1.130929354748348, 53.000972132259456], [1.1308180515624866, 53.00097302592328], [1.130761509698496, 53.00091190274632], [1.130665772023412, 53.000915590395465], [1.1305550763604357, 53.000859048531474], [1.1304482641280433, 53.000859048531474], [1.130365716650561, 53.00082197511502], [1.130273714593562, 53.00074596480349], [1.1301960910585886, 53.000650720554795], [1.130139549194598, 53.00076048456374], [1.1300920732365456, 53.00063288107551], [1.1300830073306072, 53.000502945534095], [1.129991064817906, 53.00051979734753], [1.1298568398746445, 53.000499411593694], [1.1298002980106536, 53.00059761448358], [1.129743756146663, 53.00050017432571], [1.129574130554691, 53.00049116139166], [1.1294898634051243, 53.00040671361955], [1.1294186874045853, 53.00046325548354], [1.129347963098728, 53.00045124524839], [1.1292348793707465, 53.0003596847718], [1.129178337506756, 53.00027827593146], [1.129121795642765, 53.00036458857102], [1.1290494835541347, 53.000293629891566], [1.1290664413083928, 53.000237088027575], [1.1291427586254374, 53.000180546163584], [1.1292348793707465, 53.00011301690681], [1.129307067561622, 53.00012400429959], [1.1292348793707465, 53.000067117753574], [1.1290652537787744, 53.00006109970791], [1.128952170050793, 53.0000920735453], [1.1288390863228115, 53.000147264003544], [1.12872600259483, 53.00010518186152], [1.128556377002858, 53.00011543521068], [1.1284432932748765, 53.00014067457037], [1.128295078435111, 53.000180546163584], [1.128160583954923, 53.00022439532369], [1.128104042090932, 53.00027107882073], [1.1280944487800162, 53.000293629891566], [1.1279909583629506, 53.00029761397182], [1.1279287055746392, 53.00035017175556], [1.127764790906988, 53.00029970705451], [1.12770566950894, 53.000293629891566], [1.127538623451025, 53.00033522257089], [1.1273689978590526, 53.00032407366005], [1.1272559141310712, 53.00027910363408], [1.1271567127834974, 53.000293629891566], [1.127068729527575, 53.000237088027575], [1.1269972002777047, 53.000293629891566], [1.1269373939964746, 53.000237088027575], [1.1268601210831362, 53.00017686559659], [1.126747037355155, 53.00019042422412], [1.1266400828699668, 53.00012400429959], [1.1265774117631826, 53.00006009342661], [1.1264643280352011, 53.00008747174825], [1.1264782966908178, 53.000180546163584], [1.1264077861712105, 53.00013084236895], [1.126294702443229, 53.00009733885243], [1.1261816187152476, 53.00006179078985], [1.126183814243271, 53.00012400429959], [1.126125076851257, 53.00006986235972], [1.1260416452771087, 53.00012400429959], [1.1259304141213153, 53.0000674624356], [1.125895401352569, 53.00001092057161], [1.1258423675313032, 53.00016802026883], [1.125729283803322, 53.00010548199839], [1.125672741939331, 53.000187872218596], [1.1256162000753405, 53.00011805410876], [1.125503116347359, 53.00014145561852], [1.1254082825174805, 53.00012400429959], [1.1252786519819244, 53.00012400429959], [1.1252204070274054, 53.00016017610151], [1.1251474509396404, 53.000237088027575], [1.1251638651634146, 53.0003029738283], [1.1250520002230637, 53.000237088027575], [1.1249616348750089, 53.000180546163584], [1.1249376977074517, 53.00004880419585], [1.1249662114610635, 53.00001092057161], [1.1250507814354331, 52.999959253897394], [1.1250416523822004, 52.99989783684363], [1.125107323299424, 52.999925555856166], [1.12521819323114, 52.99984129497964], [1.1252204070274054, 52.99984586335347], [1.1251185351293276, 52.99995437870762], [1.1252076740305548, 53.0000674624356], [1.1252374330274306, 53.00001092057161], [1.1253033244532917, 52.99989783684363], [1.125371357333908, 52.99978475311565], [1.1253156758637484, 52.999671669387666], [1.125276948891396, 52.999589862139274], [1.125333490755387, 52.999447987633104], [1.1252927719995505, 52.99938896006771], [1.1252760341345236, 52.99927587633973], [1.1253153977365689, 52.999162792611756], [1.1252204070274054, 52.99905888098589], [1.1251599293270274, 52.99899316701978], [1.1252204070274054, 52.999047331990305], [1.125276948891396, 52.99890077861171], [1.1253912077008728, 52.9988800832918], [1.1254465744833682, 52.99877313161922], [1.1253900326193775, 52.99869119186364], [1.1254087815240232, 52.99865391583584], [1.125503116347359, 52.99871281901542], [1.1255835473414835, 52.99876699956382], [1.1256162000753405, 52.99869067306891], [1.1255573148618283, 52.99859737397185], [1.1255596582113496, 52.998455111937716], [1.125672741939331, 52.998511297019014], [1.125729283803322, 52.998416338542086], [1.1258423675313032, 52.99835928677761], [1.1259554512592846, 52.99827236822011], [1.1260119931232755, 52.9981986639557], [1.126125076851257, 52.998107204440906], [1.1262325474913428, 52.99803195533194], [1.1262656852594128, 52.99791887160396], [1.1263512443072197, 52.997809362683746], [1.1263063227917507, 52.997749246011985], [1.1262448474039144, 52.997636162284], [1.1263512443072197, 52.99754253573409], [1.1264077861712105, 52.997432668529726], [1.126520869899192, 52.99740155345763], [1.1266290039297864, 52.99729691110006], [1.126690495491164, 52.9972111164552], [1.1267859946240908, 52.997127285508085], [1.1268601210831362, 52.99705615080999], [1.1269762447076597, 52.997014201780104], [1.1271043584069544, 52.99695765991611], [1.1271993722670806, 52.99688674134874], [1.127312455995062, 52.99679886262451], [1.1274255397230435, 52.99677078474719], [1.127538623451025, 52.996687449863465], [1.1276517071790064, 52.99663790212899], [1.127764790906988, 52.99660562820845], [1.1279175425370958, 52.99656186686818], [1.1279909583629506, 52.9964942699076], [1.128160583954923, 52.99645550633285], [1.1281410604168387, 52.996392241276205], [1.1282133210022944, 52.99627915754822], [1.1282736676829042, 52.9962051415156], [1.1283867514108856, 52.99613465862938], [1.1285152774356226, 52.99610953195625], [1.1286129188668486, 52.996026176245856], [1.12872600259483, 52.99598426999273], [1.1288390863228115, 52.9959217734424], [1.128952170050793, 52.99585840561113], [1.129041398611943, 52.99577028077231], [1.1291044171221136, 52.99565719704433], [1.1291429426065211, 52.99560065518034], [1.129183205374054, 52.99565719704433], [1.1292409166159425, 52.99560065518034], [1.129321967002674, 52.99554411331635], [1.1293833681213377, 52.99548757145236], [1.1294610468267094, 52.9954683529351], [1.129574130554691, 52.9954007374839], [1.129644878319207, 52.995374487724376], [1.129743756146663, 52.99536259906099], [1.1298568398746445, 52.99531374046741], [1.1300264654666166, 52.9952946152255], [1.130139549194598, 52.995259597938656], [1.1303091747865701, 52.99520583785666], [1.1304222585145516, 52.99516040523746], [1.130543988300247, 52.99514832026841], [1.1307049678345051, 52.995113699226465], [1.130780562819786, 52.99509177840442], [1.130931135290468, 52.995106921708526], [1.1310442190184495, 52.995056460401806], [1.1312138446104216, 52.9950678094208], [1.131383470202394, 52.995076063538725], [1.131553095794366, 52.99507947186071], [1.1317227213863381, 52.99505826747571], [1.1318923469783104, 52.99506235558764], [1.132059301530299, 52.99503523654043], [1.1321185144342731, 52.99505024358589], [1.1321841939890331, 52.99503523654043], [1.132344681890236, 52.99506530341154], [1.1324577656182175, 52.99512619009548], [1.1325143074822082, 52.99521908057477], [1.132621228897001, 52.995317945860386], [1.1326839330741805, 52.99538442085748], [1.132797016802162, 52.9954762172993], [1.1328451982253656, 52.99560065518034], [1.132966642394134, 52.99565365528838], [1.1330797261221155, 52.99556963558737], [1.1332493517140876, 52.99557694171189], [1.133367011059531, 52.99554411331635], [1.1334465883547562, 52.99543102958837], [1.1334468774390003, 52.995261403996395], [1.1334828314729841, 52.995204862132404], [1.1336397364296835, 52.995261403996395], [1.1337174949925528, 52.995317945860386], [1.1338141970571467, 52.99543102958837], [1.133918144681456, 52.99548757145236], [1.133984395945967, 52.99547970248565], [1.134154021537939, 52.995461420865986], [1.1343236471299112, 52.99546485468364], [1.1344823122310244, 52.99548757145236], [1.1345958134388237, 52.99554411331635], [1.1346628983138556, 52.995605635373565], [1.1347235518884262, 52.99565719704433], [1.134832523905828, 52.99570854254719], [1.1348963283661393, 52.99577028077231], [1.134965370955972, 52.995883364500294], [1.1350140823807076, 52.995996448228276], [1.1350586913617906, 52.99614657545602], [1.135228316953763, 52.9961186703082], [1.1353856983711577, 52.99610953195625], [1.1354548825189732, 52.99605299009226], [1.1354691173277909, 52.995883364500294], [1.1354794455925807, 52.99571373890832], [1.135567568137707, 52.99576086859586], [1.1356610369232576, 52.9958268226363], [1.135701025412087, 52.995883364500294], [1.13579373559367, 52.99579261586286], [1.1358502774576609, 52.995712229047925], [1.1359969081732515, 52.99565719704433], [1.1360921926511225, 52.99560065518034], [1.136246070505596, 52.99554804211281], [1.1363591542335771, 52.99552630580336], [1.1364722379615586, 52.995565208585354], [1.136594968071521, 52.99560065518034], [1.1366984054175215, 52.995679175277935], [1.1367786532539812, 52.99577028077231], [1.136924284745641, 52.9958268226363], [1.137037656601466, 52.99586243790147], [1.1371302675023602, 52.995939906364285], [1.137241514678255, 52.995996448228276], [1.1373423208615143, 52.99605299009226], [1.1374899915133916, 52.99609229930127], [1.137590093822249, 52.99610953195625], [1.137659617105364, 52.99612404241013], [1.137829242697336, 52.9961423557115], [1.1379621377529312, 52.99616607382024], [1.1381119520172895, 52.99618395066562], [1.1382296120950057, 52.99622261568423], [1.138394661337243, 52.996264281885765], [1.1385077450652246, 52.99628566806711], [1.1386773706571969, 52.99630035255259], [1.1388319011454109, 52.996335699412214], [1.1389600799771504, 52.99636759339966], [1.139073163705132, 52.9964375238371], [1.139177246530835, 52.996505325004186], [1.1392993311610948, 52.99652827263161], [1.139412414889076, 52.9964535403409], [1.1395224228776335, 52.996392241276205], [1.1395820404810482, 52.9963274594271], [1.139710172984263, 52.99627915754822], [1.139808207937011, 52.9962039884474], [1.1398866321090315, 52.99610953195625], [1.139878427869827, 52.995939906364285], [1.1399318441517217, 52.9958268226363], [1.1399849885480178, 52.99577028077231], [1.1400909172569649, 52.99574496512624], [1.1402040009849461, 52.99570033827608], [1.1403736265769184, 52.99570326057053], [1.1405432521688905, 52.99569612702435], [1.1407040473132368, 52.99571373890832], [1.1408160251719055, 52.99577028077231], [1.1409390452168255, 52.995794249083325], [1.1409981289185427, 52.995883364500294], [1.1410581594497684, 52.995939906364285], [1.1411652126727885, 52.99595229193097], [1.141273942578425, 52.99605299009226], [1.1413913801287514, 52.99609416167756], [1.1415044638567329, 52.99614473794178], [1.1416155356587319, 52.99622261568423], [1.1416755562761258, 52.99627915754822], [1.1417871731766864, 52.99636272536082], [1.141900256904668, 52.99644562085045], [1.1419822680926242, 52.996505325004186], [1.1420733015724678, 52.99656186686818], [1.1421829662246215, 52.996636360055625], [1.142296049952603, 52.99672865946617], [1.1423575969658928, 52.99678803432414], [1.142465675544575, 52.9968545526372], [1.1425787592725565, 52.99695118701118], [1.142635301136547, 52.997020809791294], [1.1427483848645286, 52.99710181372707], [1.1428107314017102, 52.997183827372076], [1.1429180104565009, 52.99729575363826], [1.1430307056077342, 52.99735345296405], [1.1431160530568945, 52.99740999482804], [1.1432007197764544, 52.99749217039179], [1.1432648679742519, 52.99757962042001], [1.143313803504436, 52.997718777925314], [1.1433709062444808, 52.997805787875976], [1.1434325181399423, 52.99791887160396], [1.1434978288778441, 52.99803195533194], [1.1435890960865198, 52.99808849719593], [1.1435965128243895, 52.99811478205204], [1.14365305468838, 52.998154736896744], [1.1438108234082711, 52.99814503905992], [1.1439357640083339, 52.99810232340016], [1.144105389600306, 52.99811525636935], [1.1442184733282874, 52.99814595703139], [1.1443315570562689, 52.99810926606936], [1.144501182648241, 52.99811478797976], [1.144583208284813, 52.99808849719593], [1.144727350104204, 52.99812807521261], [1.144896975696176, 52.99811602313503], [1.1450512296962363, 52.99808849719593], [1.1451796850161295, 52.998049647616824], [1.1453493106081019, 52.9980416498433], [1.145462394336083, 52.9980104487617], [1.1456038318326125, 52.99797541346795], [1.1457451036560369, 52.997930404613754], [1.1458581873840181, 52.99790320690156], [1.1459208244186652, 52.99791887160396], [1.1460278129759904, 52.99785780516864], [1.1461974385679625, 52.99784570149337], [1.1463670641599348, 52.99784828215671], [1.1464444934275726, 52.997805787875976], [1.1465932316158975, 52.99781310630577], [1.146691186000969, 52.997805787875976], [1.146791214227434, 52.997805787875976], [1.146923198313004, 52.997805787875976], [1.1469890246638326, 52.997795716567204], [1.147102108391814, 52.997825329776354], [1.1472717339837861, 52.99784718070453], [1.147404490911671, 52.99786232973997], [1.14755444330374, 52.99789137235756], [1.14770777640152, 52.99786232973997], [1.1478240918471947, 52.99786232973997], [1.1478371526236935, 52.99799164861279], [1.1479681989017112, 52.99803195533194], [1.1480633200796564, 52.99809239098916], [1.1481388336864198, 52.99820158092391], [1.1481764038076379, 52.998363602488304], [1.148289487535619, 52.998392303229096], [1.148367302576161, 52.998371206515884], [1.1484454901999976, 52.99831466465189], [1.148510772226608, 52.998371206515884], [1.1485947577279518, 52.998427748379875], [1.1486852805835541, 52.9983830335719], [1.1488549061755264, 52.99838561734628], [1.1489421093681123, 52.99831466465189], [1.149060811609389, 52.9982581227879], [1.1491941573594708, 52.99823566559573], [1.149307775181721, 52.99820158092391], [1.1494768666794244, 52.998162458438244], [1.1495863626294476, 52.99814503905992], [1.1496464922713965, 52.99822511898193], [1.149703034135387, 52.99809990443379], [1.1498161178633688, 52.99807679813264], [1.14992920159135, 52.99803101761632], [1.150044126036273, 52.99797541346795], [1.1502042940756647, 52.99791887160396], [1.150324994639285, 52.997869502701306], [1.1504380783672665, 52.9978256956868], [1.150551162095248, 52.99778277510465], [1.1506891725999793, 52.997749246011985], [1.150777329551211, 52.99768616813902], [1.150946955143183, 52.9976733951234], [1.1510731738610138, 52.997636162284], [1.1512296644631368, 52.997607742950855], [1.151342748191118, 52.99756282789249], [1.1514033568452469, 52.99757962042001], [1.151568915647081, 52.997532768878656], [1.1516293539484979, 52.99752307855602], [1.151795083103044, 52.99754417553961], [1.151871739392555, 52.99752307855602], [1.151964708695016, 52.99758830210262], [1.1520829299159765, 52.997636162284], [1.1522474180149698, 52.997684176836145], [1.152360501742951, 52.9976948004738], [1.1524735854709325, 52.99777124084592], [1.152586669198914, 52.997833753379815], [1.152586669198914, 52.99793023439844], [1.1526045137536745, 52.99803195533194], [1.1526997529268954, 52.99813594827867], [1.152733748259857, 52.9982581227879]]}}, {"type": "Feature", "properties": {"depth": -15.0}, "geometry": {"type": "LineString", "coordinates": [[1.0545650635325765, 53.0409472301009], [1.0546072220203921, 53.04106031382888], [1.0545216129384594, 53.04106031382888], [1.054543077039005, 53.04094136796634]]}}, {"type": "Feature", "properties": {"depth": -15.0}, "geometry": {"type": "LineString", "coordinates": [[1.0548823282229494, 53.04077536194606], [1.0547548289318354, 53.040777604508925], [1.0548257863589587, 53.040885302925936], [1.0548910711175565, 53.04089068823691], [1.0548823282229494, 53.04077536194606]]}}, {"type": "Feature", "properties": {"depth": -15.0}, "geometry": {"type": "LineString", "coordinates": [[1.0540949041660168, 53.040721062644934], [1.0542409311195922, 53.040777604508925], [1.05414728399107, 53.04088836216395], [1.0540907421270793, 53.04072795455184], [1.0539776583990978, 53.04078375436494], [1.0539776583990978, 53.04071490961515], [1.0540949041660168, 53.040721062644934]]}}, {"type": "Feature", "properties": {"depth": -15.0}, "geometry": {"type": "LineString", "coordinates": [[1.0536384072151534, 53.04041408439572], [1.0535818653511628, 53.0404467338475], [1.0536949490791443, 53.04050985749117], [1.053675006096979, 53.04043835332498]]}}, {"type": "Feature", "properties": {"depth": -15.0}, "geometry": {"type": "LineString", "coordinates": [[1.0531860723032278, 53.04005712465981], [1.053129530439237, 53.04012098366734], [1.053219519142774, 53.04021218586902], [1.053263554953081, 53.040155644005026], [1.0531860723032278, 53.04005712465981]]}}, {"type": "Feature", "properties": {"depth": -15.0}, "geometry": {"type": "LineString", "coordinates": [[1.0526206536633205, 53.039676901205034], [1.0526159994707562, 53.03981639282108], [1.0526779196985772, 53.03981639282108], [1.052633312669293, 53.0397033090931]]}}, {"type": "Feature", "properties": {"depth": -15.0}, "geometry": {"type": "LineString", "coordinates": [[1.0510514664180388, 53.03964676722911], [1.0511505651995618, 53.039758950940914], [1.0510940233355712, 53.03977042039859], [1.0510369583138068, 53.0397033090931], [1.0510514664180388, 53.03964676722911]]}}, {"type": "Feature", "properties": {"depth": -15.0}, "geometry": {"type": "LineString", "coordinates": [[1.0510940233355712, 53.03936135199157], [1.0510374814715804, 53.03939356351517], [1.0511215739435762, 53.039477141637136], [1.0512071070635525, 53.03954798966165], [1.051320190791534, 53.03959746001296], [1.0512906393652846, 53.039533683501126], [1.051251063522484, 53.039420599773145], [1.051099799963806, 53.039364057909154]]}}, {"type": "Feature", "properties": {"depth": -15.0}, "geometry": {"type": "LineString", "coordinates": [[1.0496804767358032, 53.038949503928364], [1.0496804767358032, 53.03906582325953], [1.049787986995599, 53.03913789045319], [1.0499000287904101, 53.03913789045319], [1.0497935604637845, 53.03904894693562], [1.0497080509583816, 53.03896826486122]]}}, {"type": "Feature", "properties": {"depth": -15.0}, "geometry": {"type": "LineString", "coordinates": [[1.0478145952241094, 53.03868237686282], [1.0477678786936588, 53.038798639269245], [1.0479125706822603, 53.038798639269245], [1.0478174219282237, 53.038685555541264]]}}, {"type": "Feature", "properties": {"depth": -15.0}, "geometry": {"type": "LineString", "coordinates": [[1.046061797440397, 53.03845520066376], [1.0460052555764063, 53.03848120085568], [1.0461183393043878, 53.03855024416348], [1.0460695095404349, 53.0384593880853]]}}, {"type": "Feature", "properties": {"depth": -15.0}, "geometry": {"type": "LineString", "coordinates": [[1.0453832950725084, 53.03481623846215], [1.045354667584476, 53.034953792517875], [1.045439836936499, 53.03490769289075], [1.0454046494765372, 53.0348407087899]]}}, {"type": "Feature", "properties": {"depth": -15.0}, "geometry": {"type": "LineString", "coordinates": [[0.9432478656285918, 53.028734187478896], [0.9433252305692583, 53.0288022255097], [0.9434383142972398, 53.0288775113442], [0.9434948561612305, 53.0289607607984], [0.9436077887077574, 53.02907343866284], [0.9436307018795109, 53.02918652239082], [0.9437158432379574, 53.029299606118805], [0.9437816720992978, 53.029356147982796], [0.9438906492091655, 53.029461344429556], [0.9439471910731563, 53.02955224864747], [0.9439471910731563, 53.029677890516005], [0.9439362001348991, 53.02980848289472], [0.9440008441630959, 53.029921566622704], [0.9440072545332766, 53.030034650350686], [0.944003732937147, 53.03016089642332], [0.9438906492091655, 53.03021841281829], [0.943804158665589, 53.03014773407867], [0.9437460456986299, 53.030034650350686], [0.9436927053783691, 53.029921566622704], [0.9436079398892119, 53.02981328683259], [0.9435263703659416, 53.02975194103073], [0.9434275028270053, 53.02969539916674], [0.9433352348071873, 53.02958231543876], [0.9432535560444218, 53.02952577357477], [0.9431556049772862, 53.02942618115642], [0.9431562572968946, 53.029356147982796], [0.9431294542534325, 53.029243064254814], [0.9430990631132955, 53.029127911706155], [0.9430342944821887, 53.02901689679885], [0.9429633951230748, 53.02890381307087], [0.9429294375213233, 53.02875111026023], [0.9428728956573326, 53.0287182361729], [0.9430198627483989, 53.028734187478896], [0.9431556049772862, 53.0287424956425], [0.9432478656285918, 53.028734187478896]]}}, {"type": "Feature", "properties": {"depth": -15.0}, "geometry": {"type": "LineString", "coordinates": [[0.9423490278705678, 53.02879072934289], [0.9424688878560752, 53.02884727120688], [0.942590186337379, 53.02886724096434], [0.9426773888721867, 53.02890381307087], [0.9427598119293511, 53.02882103754941], [0.9427598119293511, 53.028906740993186], [0.9427032700653604, 53.029053302391844], [0.9427032700653604, 53.02915377544149], [0.9427765608982285, 53.029243064254814], [0.9428163537933418, 53.029408353285405], [0.942811788999709, 53.02946923171078], [0.9427598119293511, 53.02962670387807], [0.9427573862166099, 53.02975194103073], [0.9426386023599475, 53.02980848289472], [0.9427207329627898, 53.02986502475871], [0.9427792118497601, 53.029978108486695], [0.9428036540661083, 53.03014773407867], [0.9426467282013697, 53.030176754395654], [0.942518381081227, 53.03014773407867], [0.9424440640789364, 53.030034650350686], [0.9423640188814161, 53.02993879694382], [0.9423074770174253, 53.02983573235776], [0.9422509351534346, 53.029709094081355], [0.942190989746828, 53.02963885730275], [0.9421378514254533, 53.029519524885096], [0.9420914477323001, 53.029356147982796], [0.9420768545578223, 53.029243064254814], [0.9421378514254533, 53.029144115992835], [0.9420936940036256, 53.02907343866284], [0.9421378514254533, 53.028946682580894], [0.9422078060013699, 53.02884727120688], [0.9423074770174253, 53.02875941335864]]}}, {"type": "Feature", "properties": {"depth": -15.0}, "geometry": {"type": "LineString", "coordinates": [[0.9447669440100694, 53.029356147982796], [0.9449084027609985, 53.029412651602584], [0.9449084027609985, 53.02947423173715], [0.9449330118305601, 53.02958231543876], [0.9449096068340928, 53.02975194103073], [0.9448518608970078, 53.029823147936206], [0.9447387771690263, 53.02977442177471], [0.9446822353050356, 53.02969163387297], [0.9446256934410449, 53.02975966375364], [0.9445700896124405, 53.02963885730275], [0.9445358239893608, 53.02952577357477], [0.9445691515770542, 53.0294046627636], [0.9446964550614212, 53.029356147982796]]}}, {"type": "Feature", "properties": {"depth": -15.0}, "geometry": {"type": "LineString", "coordinates": [[0.9414662739652093, 53.02946923171078], [0.9414771538194266, 53.02963885730275], [0.9414028071935738, 53.02960811953555], [0.9413188447007418, 53.02952577357477], [0.9414028071935738, 53.02946442718576]]}}, {"type": "Feature", "properties": {"depth": -15.0}, "geometry": {"type": "LineString", "coordinates": [[0.941523624225823, 53.029299606118805], [0.941572432785546, 53.029405559600605], [0.9414593490575646, 53.02929971309972], [0.9415158909215553, 53.02929631840944]]}}, {"type": "Feature", "properties": {"depth": -15.0}, "geometry": {"type": "LineString", "coordinates": [[0.9585429599800555, 53.025398217503444], [0.9585725908692531, 53.025567843095416], [0.9586744911210809, 53.02562438495941], [0.9588055226768805, 53.0256809268234], [0.9589075642674735, 53.02573746868739], [0.9589873268946878, 53.02580906408731], [0.95915695248666, 53.02583176461685], [0.9592700362146415, 53.0258757172241], [0.9594396618066137, 53.02590123149414], [0.9595174362636967, 53.02590709427936], [0.9596658292625765, 53.02585077945294], [0.9597749399245892, 53.02585055241537], [0.9598354548545487, 53.025813619153276], [0.95994853858253, 53.02574315003404], [0.9600050804465208, 53.02566123938963], [0.9600616223105115, 53.02553208040614], [0.960174706038493, 53.02549738648133], [0.9602877897664744, 53.025523807421074], [0.9604363265810304, 53.025567843095416], [0.960570499086428, 53.025578644283726], [0.9606835828144095, 53.02565847673533], [0.9608152543886194, 53.0256809268234], [0.960966292134363, 53.0257311505034], [0.9610793758623445, 53.02574650788494], [0.961192459590326, 53.0257239517588], [0.9613597247102402, 53.02573746868739], [0.9614751689102795, 53.02577631174544], [0.9615621235923066, 53.02579401055138], [0.9616447945022517, 53.02583623611138], [0.9617578782302332, 53.02588821882788], [0.9618623829778872, 53.02596363614335], [0.9619333692747888, 53.02602017800734], [0.9620405875501867, 53.02611211706225], [0.9620971294141775, 53.026213450507235], [0.9621805924120259, 53.0263028873273], [0.96230704730219, 53.02635942919129], [0.9623870700602264, 53.02641597105528], [0.9624929224621125, 53.02651376364816], [0.9625524716583606, 53.02658559664725], [0.9626157547873337, 53.02669868037523], [0.9626076028514643, 53.026868305967206], [0.9627239352238459, 53.0269248478312], [0.9628028556733568, 53.02703793155918], [0.9628321736460568, 53.027132478489165], [0.9628371178479627, 53.02720755715115], [0.9628321736460568, 53.02736544456888], [0.9628321736460568, 53.02744377241688], [0.9627981380705126, 53.027546808335096], [0.9627190899180754, 53.02764937911862], [0.9627497257699271, 53.02771643392707], [0.9626705013884224, 53.02782951765505], [0.9626700330064717, 53.02799914324702], [0.9626113277896375, 53.028112226975004], [0.9625488915926129, 53.028168768838995], [0.9625494643261032, 53.02822783695489], [0.9624363805981218, 53.028317389278264], [0.9623232968701403, 53.0282595192409], [0.9622667550061497, 53.02836750253246], [0.9622102131421589, 53.02825924168447], [0.9621536712781682, 53.02814623981852], [0.9620405875501867, 53.02809211819257], [0.9619182008151913, 53.02805568511101], [0.9618277439263961, 53.02799914324702], [0.9617578782302332, 53.028070935535425], [0.9616917872572007, 53.02799914324702], [0.9617106707419564, 53.02788605951904], [0.9616361155182628, 53.02782951765505], [0.9614972328928006, 53.02777297579106], [0.9614186270462888, 53.02780468123389], [0.9613055433183074, 53.02784725932259], [0.9612297715954544, 53.02782951765505], [0.961192459590326, 53.027989616454676], [0.9610736208920855, 53.02799914324702], [0.960966292134363, 53.028080464607854], [0.9608620766979673, 53.028168768838995], [0.9607401246784002, 53.028170927643636], [0.9607666134215423, 53.028112226975004], [0.9606270409504187, 53.028078744976014], [0.9605139572224373, 53.02814071439588], [0.9604008734944558, 53.02810750803021], [0.9604347901833676, 53.028168768838995], [0.9603443316304652, 53.02825112254253], [0.9602312479024837, 53.028288636129524], [0.9601181641745022, 53.02827618400833], [0.9600250287275549, 53.02828185256698], [0.9599947707651784, 53.02833839443097], [0.9600732874541129, 53.02839493629496], [0.960174706038493, 53.02845584017533], [0.9602877897664744, 53.02856061201165], [0.960263026075014, 53.028621103750915], [0.960174706038493, 53.02860179108074], [0.9601512777741823, 53.028734187478896], [0.960090655677578, 53.02884727120688], [0.95994853858253, 53.02885604417374], [0.9598354548545487, 53.028826728349905], [0.9598363775926612, 53.028734187478896], [0.9597618905709178, 53.028677645614906], [0.9596658292625765, 53.0286116318722], [0.9596092873985858, 53.02846748841909], [0.959552745534595, 53.0285696261966], [0.9594962036706043, 53.02848091202827], [0.9594735888286491, 53.028621103750915], [0.9595393187620025, 53.028734187478896], [0.959552745534595, 53.02883109698988], [0.9594962036706043, 53.02893809799486], [0.9593831199426229, 53.02898970082249], [0.9593265780786322, 53.02888768123847], [0.9592408348313097, 53.02890381307087], [0.9592134943506507, 53.02877714899934], [0.9592076609688635, 53.02890381307087], [0.9591004106226693, 53.02884731329063], [0.9589873268946878, 53.028914782934116], [0.958923097760631, 53.02896035493486], [0.958761159438725, 53.02891823716745], [0.958670221962917, 53.02884727120688], [0.9586002961655613, 53.028734187478896], [0.9585174979456647, 53.028677645614906], [0.9584219082547807, 53.02859366618076], [0.958426046345324, 53.02850802002293], [0.9583542298789575, 53.02850802002293], [0.9583088245267992, 53.028635111776865], [0.9582809306505193, 53.02879072934289], [0.9583120707599927, 53.02890381307087], [0.958279643323616, 53.02896035493486], [0.9581957407988178, 53.02897362755835], [0.958139198934827, 53.028890357788015], [0.9580261152068456, 53.02879691195616], [0.9579695733428548, 53.028957420213295], [0.958007217198896, 53.02901689679885], [0.9579130314788642, 53.029118793545244], [0.9577999477508827, 53.029151809665876], [0.9576868640229013, 53.02912906214103], [0.9575749684340744, 53.02918652239082], [0.9575172384309292, 53.0291579204578], [0.9574409004735027, 53.02912998052683], [0.9573395336178654, 53.02912998052683], [0.95721236581539, 53.02912998052683], [0.9570793818517616, 53.02918652239082], [0.9570451711425845, 53.029243064254814], [0.956951819791022, 53.02917772989376], [0.9568387360630405, 53.02911159694408], [0.956725652335059, 53.02906340276448], [0.9566595753400535, 53.02907343866284], [0.9565560267430868, 53.0289798681669], [0.9564994848790962, 53.02889814048079], [0.9564163415579394, 53.02879072934289], [0.9563864473165026, 53.028621103750915], [0.956329859287124, 53.02863533576682], [0.956249890719736, 53.028564561886924], [0.956201396450546, 53.02845147815894], [0.956266722928172, 53.02833839443097], [0.9563050036501501, 53.028225310702986], [0.9562733174231333, 53.028075907891505], [0.956329859287124, 53.02802767174325], [0.9564052400415812, 53.02799914324702], [0.9564913916223812, 53.02794260138303], [0.9563864011511147, 53.02786246458398], [0.9563025613542697, 53.02788605951904], [0.9562600624737856, 53.02782951765505], [0.9562167755591425, 53.02779473191795], [0.956329859287124, 53.02774613868542], [0.956404796116852, 53.02777297579106], [0.9564994848790962, 53.02768822594176], [0.9565963309271388, 53.02771643392707], [0.9566691104710683, 53.027651647486735], [0.9567580245257318, 53.02771643392707], [0.9568387360630405, 53.027711816534975], [0.9569093440889465, 53.02760335019909], [0.9570083616550127, 53.027492881923905], [0.957121445382994, 53.02749003671261], [0.957121445382994, 53.027360811128574], [0.9571713963339467, 53.02726409901514], [0.9572497812312731, 53.02720755715115], [0.9573307645271977, 53.02709447342317], [0.9574041547029477, 53.02699933064969], [0.9575050442286116, 53.0269248478312], [0.9575737802949198, 53.02681758356993], [0.9576868640229013, 53.02677669207222], [0.9577999477508827, 53.02670729916028], [0.9578460332196365, 53.02658559664725], [0.9578644680529701, 53.02647251291927], [0.9579569197077507, 53.02635942919129], [0.9579695733428548, 53.026236061839526], [0.9580826570708363, 53.02615865705926], [0.9580684333051811, 53.026076719871334], [0.9580425366905945, 53.02590709427936], [0.9580830508164073, 53.02579401055138], [0.9581409334047362, 53.0256809268234], [0.9582522826628085, 53.02557394894352], [0.95832063837665, 53.025511301231425], [0.95836536639079, 53.02537427464542], [0.9584416686163401, 53.025398217503444], [0.9585429599800555, 53.025398217503444]]}}, {"type": "Feature", "properties": {"depth": -15.0}, "geometry": {"type": "LineString", "coordinates": [[1.0600841797100957, 53.02875634918691], [1.0600032247994449, 53.02884727120688], [1.06001549162606, 53.02901689679885], [1.0600542897080365, 53.02896035493486], [1.0601212536687465, 53.02884727120688]]}}, {"type": "Feature", "properties": {"depth": -15.0}, "geometry": {"type": "LineString", "coordinates": [[0.9415462741880509, 53.02833839443097], [0.9416289746495368, 53.02842158685805], [0.9417165581489116, 53.02850802002293], [0.9417986002415089, 53.028587526661504], [0.9419116839694903, 53.02867286762763], [0.9419116839694903, 53.02875976002903], [0.9417433349165545, 53.02879072934289], [0.9416855165135275, 53.02885470861471], [0.9416289746495368, 53.028989178367866], [0.9415158909215553, 53.028939885692246], [0.9414028071935738, 53.02885353357371], [0.941383020259737, 53.028734187478896], [0.9414593490575646, 53.028740055835335], [0.941572432785546, 53.028712642940306], [0.941572432785546, 53.028607831838045], [0.9414911121229295, 53.02850802002293], [0.941492552097919, 53.02833839443097]]}}, {"type": "Feature", "properties": {"depth": -15.0}, "geometry": {"type": "LineString", "coordinates": [[0.9699082219511101, 53.02585055241537], [0.970069532236869, 53.025902612995054], [0.9701862774245417, 53.02590709427936], [0.9702956996928319, 53.025991144009396], [0.9703522415568226, 53.02611890486985], [0.9704653252848041, 53.026172561693144], [0.9705280242587693, 53.026189803599316], [0.9706349508767762, 53.02622313552843], [0.9707480346047577, 53.02627035310251], [0.9708611183327391, 53.026322649442875], [0.9709720823388035, 53.02641597105528], [0.9710606227439537, 53.02647251291927], [0.9711093440509636, 53.02658559664725], [0.9710023397406418, 53.02664213851124], [0.9710827966582403, 53.02669868037523], [0.9711045888709161, 53.026755222239224], [0.9710307439247112, 53.02682158551022], [0.9709742020607205, 53.02672533308617], [0.9709176601967298, 53.026827316513184], [0.9708045764687484, 53.026755222239224], [0.9708588035623156, 53.026868305967206], [0.9708045764687484, 53.02700054808489], [0.9707480346047577, 53.02695047741994], [0.9706914927407669, 53.026877544752026], [0.9706153190833015, 53.026811764103215], [0.9705784090127855, 53.02666422002232], [0.9705218671487947, 53.026778717128536], [0.97042242531968, 53.02669868037523], [0.9703522415568226, 53.026619669443384], [0.9702401563800483, 53.02669868037523], [0.9701826159648504, 53.02665121118487], [0.9701260741008597, 53.026554851466344], [0.970069532236869, 53.02665122795189], [0.970069532236869, 53.02676035809381], [0.9701826159648504, 53.026844727200405], [0.9702129519754056, 53.02698138969519], [0.9702391578288412, 53.02710056896782], [0.9702956996928319, 53.027241145759525], [0.970323129789644, 53.02737718274312], [0.9703060069503324, 53.027546808335096], [0.9702391578288412, 53.027490878666704], [0.9702391578288412, 53.02741684898334], [0.9702110282275515, 53.02732064087913], [0.9701252393024831, 53.02732064087913], [0.9701330595863555, 53.027433724607114], [0.9701068298715763, 53.02737718274312], [0.9700129903728782, 53.02742045298929], [0.9700267093520183, 53.027490266471105], [0.9699850479981739, 53.02760335019909], [0.9698999066448969, 53.027602495733625], [0.9698327760232762, 53.02765989206308], [0.9696873086576363, 53.02771643392707], [0.9696171973249432, 53.02768650195461], [0.9694475717329711, 53.02767117420766], [0.9694475717329711, 53.02779389286316], [0.9694196795702192, 53.02782951765505], [0.9693344880049897, 53.027862608806444], [0.9692214042770082, 53.0279423915802], [0.9690796425384242, 53.02794260138303], [0.9689512726718428, 53.02799914324702], [0.9688821530930639, 53.027975944249064], [0.9688062046150294, 53.02799914324702], [0.9687125275010917, 53.028040018131826], [0.9686595653102333, 53.02788605951904], [0.9686284770097418, 53.02794260138303], [0.9685854675688091, 53.02805568511101], [0.9684769467661023, 53.02805568511101], [0.9683732763171474, 53.027998138044524], [0.968260192589166, 53.0280436730565], [0.9681571679268521, 53.02794260138303], [0.9681204534110175, 53.02799914324702], [0.9680628332860491, 53.02805568511101], [0.967958601856515, 53.02799914324702], [0.967878476539814, 53.02794260138303], [0.9678078576772402, 53.02790415086864], [0.9677513158132495, 53.02800340135369], [0.9676667127546494, 53.02794260138303], [0.9675780987477107, 53.02794260138303], [0.9675861723844073, 53.02805568511101], [0.9674867681032128, 53.028112226975004], [0.9674331564181704, 53.028225310702986], [0.9674099952284179, 53.028168768838995], [0.9674120646293052, 53.028094749931924], [0.9673382593216662, 53.028168768838995], [0.967275482172063, 53.02828185256698], [0.9671858971733422, 53.028253028911756], [0.9670557771561412, 53.02828185256698], [0.9669597297173794, 53.02837649386262], [0.966846645989398, 53.028449999314006], [0.9667229495541205, 53.02845147815894], [0.9666204785334351, 53.02841686346441], [0.9665290593549469, 53.02839493629496], [0.9664556408700521, 53.02833839443097], [0.9663943110774722, 53.02838813827884], [0.9664141091700984, 53.02845147815894], [0.9663377692134815, 53.02844423388109], [0.9662246854855, 53.028460068728414], [0.9661116017575186, 53.02843129187676], [0.9660550598935279, 53.02851006695048], [0.9659985180295372, 53.02843035311783], [0.9658854343015557, 53.028463369309726], [0.9657723505735742, 53.028520520176656], [0.9657158087095835, 53.02841998681377], [0.9656283015175952, 53.02850802002293], [0.9655163111165426, 53.02850802002293], [0.9653840378470256, 53.02845147815894], [0.9653439325045826, 53.02850802002293], [0.9652579782451878, 53.02850802002293], [0.9651503900696763, 53.02851565859444], [0.9650303823122156, 53.02850802002293], [0.9649242226137135, 53.02851926110034], [0.964811138885732, 53.02856532044959], [0.9647545970217413, 53.028498942489264], [0.9646819182030942, 53.02845147815894], [0.9646415132937599, 53.0285851101397], [0.9646261528661229, 53.02845147815894], [0.9645284295657784, 53.02837810804573], [0.9644718877017877, 53.02846343720787], [0.9643955726047434, 53.02839493629496], [0.9643022621098155, 53.028303789750474], [0.9643075615118644, 53.02839493629496], [0.9642457202458248, 53.02834745502705], [0.964145302676837, 53.02828185256698], [0.9640760946538527, 53.028223145793326], [0.964019552789862, 53.02808414961144], [0.9639295584617029, 53.028112226975004], [0.9639064690618805, 53.02797300451335], [0.963793385333899, 53.02800432054792], [0.9637877015401959, 53.02788605951904], [0.9637368434699083, 53.02782667202377], [0.9638499271978898, 53.027878924671676], [0.9639357770961137, 53.02788605951904], [0.9638766616661898, 53.02777297579106], [0.9639360420068039, 53.02765989206308], [0.9639064690618805, 53.02752580122519], [0.9637864713823607, 53.027490266471105], [0.9638499271978898, 53.02741572720216], [0.9639630109258712, 53.027436221851985], [0.9639630109258712, 53.02733769740147], [0.9639794265722402, 53.02726409901514], [0.9640898894685583, 53.02720755715115], [0.9640760946538527, 53.027130522993936], [0.96413710786452, 53.02703793155918], [0.9643022621098155, 53.02698686648859], [0.9643739330556877, 53.0269248478312], [0.9644285122645162, 53.026811764103215], [0.9644861755761807, 53.02669868037523], [0.9645849714297692, 53.02662912239858], [0.9646980551577506, 53.02664437711417], [0.964811138885732, 53.02662250746655], [0.9648842125292866, 53.02664213851124], [0.9650373063416949, 53.026631466397966], [0.9651503900696763, 53.02665976548165], [0.965291775980043, 53.02669868037523], [0.96543309938963, 53.02673445933505], [0.9655461831176114, 53.0267860714296], [0.9656592668455928, 53.0268264548584], [0.9657344779187198, 53.026811764103215], [0.965828892437565, 53.026799403183524], [0.9659419761655464, 53.026854033838745], [0.9660550598935279, 53.026900482890554], [0.9661261045502055, 53.026868305967206], [0.9662246854855, 53.02692975113897], [0.9663114275078557, 53.02698138969519], [0.9663377692134815, 53.02686461909481], [0.9663943110774722, 53.026964438470614], [0.9664582734609226, 53.02703793155918], [0.9665639366694444, 53.02703035169162], [0.9666346707252077, 53.02709447342317], [0.9666973748029705, 53.02720755715115], [0.9667573826321398, 53.02726409901514], [0.9668933402274558, 53.02726409901514], [0.9669907145182574, 53.02732064087913], [0.9670728134453608, 53.027265644732], [0.9671757809224333, 53.02720755715115], [0.9672989809013237, 53.02717704577928], [0.9674120646293052, 53.027226940968504], [0.9675251483572866, 53.02715943150686], [0.9675927065740518, 53.02709447342317], [0.9675816902212773, 53.02696089996526], [0.9674933206297047, 53.02698138969519], [0.9674704417301752, 53.026811764103215], [0.9675816902212773, 53.02685287189384], [0.9676578969425126, 53.026755222239224], [0.967575535853177, 53.02669868037523], [0.9674686064932959, 53.02664017568027], [0.967488250292221, 53.02652905478326], [0.9675816902212773, 53.02657973598463], [0.967638232085268, 53.02646234019236], [0.9678078576772402, 53.026422519324335], [0.9679321613571137, 53.02641597105528], [0.9678643995412309, 53.02633174947721], [0.9678928376440468, 53.0263028873273], [0.9679774832692124, 53.02627577571627], [0.9680549102395387, 53.026246345463306], [0.9681471088611845, 53.02632716272057], [0.9682036507251752, 53.02641795586889], [0.9683732763171474, 53.02643867176716], [0.9684446890797319, 53.02641597105528], [0.9685994437731102, 53.02643835827991], [0.9687125275010917, 53.026475614316944], [0.9688256112290732, 53.02644980407507], [0.9688821530930639, 53.02632511475747], [0.9689952368210453, 53.02626787654263], [0.9691648624130175, 53.02625577575271], [0.9692779461409989, 53.02630361248954], [0.9693344880049897, 53.026226038801475], [0.9694417365385095, 53.026189803599316], [0.9695041135969618, 53.0262519392751], [0.9695606554609525, 53.0261663840327], [0.9696232314571228, 53.026133261735325], [0.9697495046751702, 53.026133261735325], [0.9697654831967613, 53.02596363614335], [0.9698265071409393, 53.02590709427936], [0.9698920615808575, 53.02585055241537]]}}, {"type": "Feature", "properties": {"depth": -15.0}, "geometry": {"type": "LineString", "coordinates": [[0.9620980720642288, 53.028225310702986], [0.9620978697309672, 53.02839493629496], [0.9620405875501867, 53.02836204626388], [0.9619684163428767, 53.02828185256698], [0.9619899891003959, 53.028225310702986], [0.9620589885861244, 53.02828185256698], [0.9620980720642288, 53.028225310702986]]}}, {"type": "Feature", "properties": {"depth": -15.0}, "geometry": {"type": "LineString", "coordinates": [[0.9642457202458248, 53.028149216859006], [0.9641741412132241, 53.028225310702986], [0.9642457202458248, 53.02832759821687], [0.964265125492869, 53.028168768838995]]}}, {"type": "Feature", "properties": {"depth": -15.0}, "geometry": {"type": "LineString", "coordinates": [[0.9713460639767193, 53.026868305967206], [0.9713134532446649, 53.02700469673903], [0.9712236297301409, 53.0269248478312], [0.9713134532446649, 53.02686245306746]]}}, {"type": "Feature", "properties": {"depth": -15.0}, "geometry": {"type": "LineString", "coordinates": [[0.9701826159648504, 53.02604397061891], [0.970105572271123, 53.026076719871334], [0.9700193789428027, 53.026133261735325], [0.9701260741008597, 53.0262411041478], [0.9701872718015455, 53.026246345463306], [0.9702558714615932, 53.026133261735325], [0.9701826159648504, 53.02604397061891]]}}, {"type": "Feature", "properties": {"depth": -15.0}, "geometry": {"type": "LineString", "coordinates": [[0.9546996746560247, 53.025454759367435], [0.9548032289593745, 53.02556136530522], [0.9548441400661527, 53.0256809268234], [0.9548032289593745, 53.025838177634135], [0.9546833180735813, 53.02585055241537], [0.9546010482479361, 53.02579401055138], [0.954551576400601, 53.0256809268234], [0.954513006087526, 53.025567843095416], [0.9545770615034117, 53.02547851548784], [0.9546901452313931, 53.02543767301978]]}}, {"type": "Feature", "properties": {"depth": -15.0}, "geometry": {"type": "LineString", "coordinates": [[1.0658514498371492, 53.02578116928886], [1.0657383661091677, 53.02583562051014], [1.0657949079731583, 53.02586670056284], [1.0658671927336751, 53.02579401055138]]}}, {"type": "Feature", "properties": {"depth": -15.0}, "geometry": {"type": "LineString", "coordinates": [[0.9556029058036348, 53.025454759367435], [0.9555948150552447, 53.02555270363626], [0.955538273191254, 53.02559426756826], [0.9554612174507722, 53.025511301231425], [0.955538273191254, 53.02544494991362]]}}, {"type": "Feature", "properties": {"depth": -15.0}, "geometry": {"type": "LineString", "coordinates": [[0.9557778865782878, 53.024380463951616], [0.9558775243751982, 53.02447578885418], [0.9559970076221164, 53.0244935476796], [0.9559377687712939, 53.02460663140758], [0.9559396183851183, 53.02477625699955], [0.9558775243751982, 53.02484840394658], [0.9558165092018263, 53.024945882591524], [0.9558509084988024, 53.025058966319506], [0.9558380543109444, 53.02522859191147], [0.9557664481973264, 53.02528513377546], [0.955707898783226, 53.025310308502114], [0.9555948150552447, 53.02538119458189], [0.955538273191254, 53.025262185667465], [0.955428241590656, 53.02517205004748], [0.9554084459055245, 53.025058966319506], [0.9554542069446901, 53.024945882591524], [0.955538273191254, 53.02485075600227], [0.9556206435813448, 53.02477625699955], [0.9556543046923797, 53.02466317327157], [0.9556377446239095, 53.02455008954359], [0.9556957919361878, 53.02443700581561], [0.9557644406472168, 53.02437769620351]]}}, {"type": "Feature", "properties": {"depth": -15.0}, "geometry": {"type": "LineString", "coordinates": [[0.9568550858536976, 53.024380463951616], [0.9569961377486864, 53.02443700581561], [0.9571072006675708, 53.0244935476796], [0.957185230723044, 53.02455008954359], [0.9571779872469848, 53.02466871859111], [0.9570649035190033, 53.024731295533115], [0.9569744598708927, 53.02477625699955], [0.9569446230541919, 53.02483279886354], [0.9568955933959432, 53.025002424455515], [0.9568450490736324, 53.024945882591524], [0.9567821941990498, 53.024980482420524], [0.9566766691641289, 53.025058966319506], [0.9565560267430868, 53.02508481377266], [0.9564086164813935, 53.025058966319506], [0.9563681806260912, 53.024945882591524], [0.9563581796413569, 53.02477625699955], [0.9563395831782214, 53.02460663140758], [0.9563709503295065, 53.02443700581561], [0.9564429430151055, 53.02437974294264], [0.9565560267430868, 53.02438182642005], [0.9566691104710683, 53.02437482148532], [0.9568387360630405, 53.0243715723353]]}}, {"type": "Feature", "properties": {"depth": -15.0}, "geometry": {"type": "LineString", "coordinates": [[0.9578863094624264, 53.02471971513556], [0.9578564896148735, 53.024788922712226], [0.9578564896148735, 53.024905988642665], [0.9577324582691569, 53.02488934072753], [0.9577935427576841, 53.02477625699955], [0.9578564896148735, 53.02468585902166]]}}, {"type": "Feature", "properties": {"depth": -15.0}, "geometry": {"type": "LineString", "coordinates": [[1.0659079917011398, 53.02464733133706], [1.0657942118120702, 53.02466317327157], [1.0658514498371492, 53.02472867172985], [1.0659220390575754, 53.02466317327157]]}}, {"type": "Feature", "properties": {"depth": -15.0}, "geometry": {"type": "LineString", "coordinates": [[1.0669822871169634, 53.02369679732479], [1.0668692033889822, 53.023754900341935], [1.066917720530837, 53.02381504531171], [1.0669822871169634, 53.02387246996116], [1.0670068887731072, 53.023758503447716]]}}, {"type": "Feature", "properties": {"depth": -15.0}, "geometry": {"type": "LineString", "coordinates": [[1.0666995777970099, 53.02323981531191], [1.0665864940690284, 53.0232716283138], [1.0664760720068682, 53.02336271039978], [1.0665864940690284, 53.023444556470665], [1.0666746733841277, 53.02353233599175], [1.0667383529631957, 53.023588877855744], [1.06678975514972, 53.023645419719735], [1.0668258460477433, 53.023701961583726], [1.0668872410894668, 53.023588877855744], [1.0668126615249913, 53.02351040897289], [1.0667120878775354, 53.02341925226377], [1.0667794866036824, 53.02330616853579], [1.0666995777970099, 53.02323981531191]]}}, {"type": "Feature", "properties": {"depth": -15.0}, "geometry": {"type": "LineString", "coordinates": [[1.0727656448311298, 53.02353233599175], [1.0728626409719983, 53.023588995589975], [1.0728626409719983, 53.02371500347034], [1.0728060991080077, 53.023628127940114], [1.0727374664788836, 53.02353233599175]]}}, {"type": "Feature", "properties": {"depth": -15.0}, "geometry": {"type": "LineString", "coordinates": [[1.0735479942963528, 53.02279729175987], [1.0735976852038778, 53.02287675249144], [1.0735986769609962, 53.022966917351845], [1.0736542270678684, 53.02310852345029], [1.0737451003512117, 53.02319308480781], [1.073695244979743, 53.02330616853579], [1.0736403575015068, 53.0232496266718], [1.0735492921595353, 53.02313654294382], [1.073514639448469, 53.02319308480781], [1.0735553409828216, 53.02330616853579], [1.0734846014758963, 53.02337130332114], [1.0733715177479148, 53.02342826708298], [1.0733149758839242, 53.02331958851109], [1.0732018921559427, 53.02326437105018], [1.073124085940118, 53.02319308480781], [1.0730020424596916, 53.02313654294382], [1.0730322665639707, 53.022967847974066], [1.0731407542163445, 53.022966917351845], [1.0732018921559427, 53.022952943925254], [1.0732931812432494, 53.02285383362386], [1.0733715177479148, 53.02277205278601], [1.0734846014758963, 53.02280809148655], [1.0735479942963528, 53.02279729175987]]}}, {"type": "Feature", "properties": {"depth": -15.0}, "geometry": {"type": "LineString", "coordinates": [[1.066258938997869, 53.02211878939198], [1.0662472428850842, 53.0221890267328], [1.0663069053969538, 53.022288414983954], [1.0664168684770563, 53.02228006036921], [1.066406287415333, 53.022344956847945], [1.0664168684770563, 53.02240654480839], [1.066351842957801, 53.022344956847945], [1.0662756808275906, 53.022401498711936], [1.0661907010210934, 53.02247567580641], [1.066077617293112, 53.02251885148734], [1.0659645335651304, 53.022582088966615], [1.065827195123679, 53.0226276661679], [1.0657383661091677, 53.022591978630466], [1.0656818242451769, 53.02271973802553], [1.0655687405171954, 53.02275345812338], [1.0655893033551085, 53.02268420803189], [1.0656679734313634, 53.02257112430391], [1.0657022084059615, 53.02245804057593], [1.0657949079731583, 53.02235000863707], [1.065771430604137, 53.022288414983954], [1.0658607011796932, 53.02223187311996], [1.0659645335651304, 53.022164026571495], [1.0661341591571027, 53.022137135753596], [1.0662472428850842, 53.02211232914571]]}}, {"type": "Feature", "properties": {"depth": -15.0}, "geometry": {"type": "LineString", "coordinates": [[1.0663696737152828, 53.0226276661679], [1.0663603266130657, 53.02278687352798], [1.0661907010210934, 53.022757182255475], [1.0661907010210934, 53.02264416052372], [1.0662662700871899, 53.0226276661679], [1.0663603266130657, 53.022621435191716]]}}, {"type": "Feature", "properties": {"depth": -15.0}, "geometry": {"type": "LineString", "coordinates": [[0.913928201035931, 53.0214402870241], [0.9139877516536893, 53.02155337075208], [0.9140738799288932, 53.02149682888809], [0.9141496287500467, 53.021533756950085], [0.91429895921906, 53.02149682888809], [0.9144323380700004, 53.0214688438683], [0.9145454217979817, 53.02149737105577], [0.9146685711043102, 53.02149682888809], [0.9147715892539446, 53.021506796298574], [0.9149412148459167, 53.02150705229699], [0.9151049240727069, 53.02155337075208], [0.9149977567099075, 53.02164595228016], [0.9150542985738982, 53.02170120836337], [0.9151254993126712, 53.021779538208044], [0.9151862485230923, 53.021892621936026], [0.9150694925318643, 53.02194916380001], [0.9151108404378889, 53.022026068205875], [0.9149977567099075, 53.02194928962374], [0.9150542985738982, 53.0219327392397], [0.9149977567099075, 53.02186764931857], [0.9149412148459167, 53.02172421046674], [0.9148797899287958, 53.021836080072035], [0.9148846729819261, 53.02190352589253], [0.9149315673140479, 53.022005705664], [0.9148281311179354, 53.021949729242884], [0.9147414267760882, 53.02206224752799], [0.9147150473899539, 53.02200867505824], [0.9146585055259632, 53.021979567920326], [0.914560102489745, 53.02206224752799], [0.914488879933991, 53.02217498474648], [0.9144080163190605, 53.02223187311996], [0.9144323380700004, 53.02238397295823], [0.9144252545512018, 53.02245804057593], [0.9145036013896005, 53.02251458243992], [0.9144174026114062, 53.02251458243992], [0.9143320112881768, 53.02257112430391], [0.9142627124780282, 53.02263270205778], [0.9142971790195444, 53.02257112430391], [0.9142454072710805, 53.02251458243992], [0.9141595976790836, 53.0226276661679], [0.914093086886056, 53.0226139119622], [0.9140365450220652, 53.02254025198446], [0.9141473694536938, 53.02245804057593], [0.9141503997174724, 53.022344956847945], [0.914109341393287, 53.022288414983954], [0.9140786754030771, 53.022401498711936], [0.9140208790013602, 53.02245804057593], [0.9139510185528217, 53.022401498711936], [0.9139234612940839, 53.0225469470109], [0.9137862991265708, 53.02251458243992], [0.9137277455849625, 53.02245804057593], [0.9136972938381209, 53.02257423957891], [0.9135842101101395, 53.02251750948935], [0.9134769214299727, 53.02245804057593], [0.9134145845181674, 53.02248174760381], [0.9134274541948725, 53.022401498711936], [0.9133490840004347, 53.022401498711936], [0.9132890031206434, 53.02245804057593], [0.9131945212070474, 53.022344956847945], [0.9131763913943118, 53.022288414983954], [0.913075333334223, 53.022390515298845], [0.9129057077422509, 53.022354967094785], [0.9128296822196339, 53.022344956847945], [0.912785754098417, 53.022401498711936], [0.912721399344522, 53.022288414983954], [0.9125664565583065, 53.022252593965504], [0.9124533728303251, 53.022306797156475], [0.9123968309663344, 53.02227961300582], [0.9125099146943159, 53.022179048304615], [0.9126229984222972, 53.022130706256654], [0.912679540286288, 53.022056903638095], [0.912770781884876, 53.02206224752799], [0.9127929154249296, 53.02194916380001], [0.9127926240142694, 53.02179250869346], [0.9127180007367138, 53.02172299634405], [0.9127926240142694, 53.02176655384524], [0.9128740463064593, 53.021779538208044], [0.9129622496062416, 53.021805943175316], [0.9130379116690455, 53.021779538208044], [0.9130187914702322, 53.02185665076073], [0.9131884170622044, 53.021872572604266], [0.9131690563065423, 53.021779538208044], [0.9132449589261952, 53.021817329530684], [0.9133580426541766, 53.02183805428829], [0.9134270885342046, 53.021836080072035], [0.9135276682461487, 53.02181375712431], [0.9136407519741302, 53.02177231959827], [0.9137538357021117, 53.021691592469054], [0.9138618870392099, 53.02160991261607], [0.9139624040104627, 53.02155337075208], [0.9138502329801997, 53.02149682888809], [0.9139234612940839, 53.02143598160083]]}}, {"type": "Feature", "properties": {"depth": -15.0}, "geometry": {"type": "LineString", "coordinates": [[1.0437463937210525, 52.99995437870762], [1.043856664744759, 53.00002641828083], [1.0439697484727404, 52.999975382336544], [1.0440828322007218, 53.000015336747], [1.0441959159287033, 53.00000020978565], [1.0442766624069582, 53.00001092057161], [1.0443701253637316, 53.00001092057161], [1.0444786252486569, 53.00008732089549], [1.0445917089766383, 53.00013015648562], [1.0447022022971542, 53.000237088027575], [1.0447299734348041, 53.00035017175556], [1.0448178764326013, 53.0004407062457], [1.0449309601605825, 53.00048984582421], [1.0450550186374425, 53.00046325548354], [1.045125627897029, 53.00035017175556], [1.0451590050832442, 53.000293629891566], [1.0453267532085175, 53.000314649855994], [1.0454963788004898, 53.000347589977636], [1.0456094625284713, 53.0003852576451], [1.0457225462564528, 53.00044238724819], [1.0458356299844342, 53.00051635233963], [1.0459487137124155, 53.000574940596586], [1.0460052555764063, 53.00063329092947], [1.0460618177998753, 53.00074596480349], [1.0461183393043878, 53.000862765101445], [1.0462314230323693, 53.0009455079579], [1.0463445067603505, 53.000905932267926], [1.0464382564917538, 53.00080250666748], [1.0465141323523228, 53.00072057151406], [1.0466442600124413, 53.00074596480349], [1.0467550952664002, 53.00080250666748], [1.0468533835362672, 53.00087751657016], [1.0469664672642485, 53.00094560712903], [1.04707955099223, 53.00098994408236], [1.0471926347202114, 53.00103700642453], [1.0473057184481929, 53.0010018384885], [1.0473622603121835, 53.00089117333894], [1.0474188021761743, 53.00097697681575], [1.0474984678032828, 53.00108521598744], [1.0475884277681464, 53.00115787232377], [1.0476506468494837, 53.00108521598744], [1.0475884277681464, 53.0009942714488], [1.0475653142366492, 53.000859048531474], [1.0476449696321373, 53.00086540519453], [1.0477580533601185, 53.00081246269951], [1.047894505879389, 53.000859048531474], [1.0480322897197496, 53.000915590395465], [1.0480820487524822, 53.000859048531474], [1.0481001024132284, 53.00074596480349], [1.0481556006480817, 53.0006894229395], [1.0482669301360352, 53.00074729132033], [1.048360752638859, 53.0006894229395], [1.0483800138640165, 53.00061384764688], [1.0483800138640165, 53.00046889492036], [1.048493097591998, 53.00046214477682], [1.0486061813199794, 53.00039721793103], [1.0487001919479797, 53.00040671361955], [1.0488202235403676, 53.00040671361955], [1.048888890639933, 53.00047299710326], [1.0488323487759423, 53.000524383602546], [1.0486945028023038, 53.00057633921152], [1.0485496394559888, 53.00061881452852], [1.0486061813199794, 53.000651974784766], [1.0487192650479609, 53.00072650634786], [1.0487843617343304, 53.00080250666748], [1.0487192650479609, 53.000884333884], [1.0487756496096101, 53.000972132259456], [1.0488323487759423, 53.00102936169831], [1.0489454325039238, 53.001101227306165], [1.0490585162319053, 53.00103051048217], [1.0491715999598865, 53.000996464587146], [1.049284683687868, 53.00094708860717], [1.0493815416082195, 53.00102867412345], [1.0494384273197346, 53.00114175785143], [1.0493718983998592, 53.00125484157941], [1.0494176331943266, 53.00136792530739], [1.049510851143831, 53.00145962138109], [1.0496239348718124, 53.001526676043035], [1.0497370185997938, 53.001587124156394], [1.0497935604637845, 53.0016657048636], [1.0498531319626154, 53.00176371835533], [1.049929670671811, 53.00187680208331], [1.0499875130311607, 53.00198988581129], [1.0500644115515092, 53.00210296953927], [1.0500762697837382, 53.00218423304155], [1.0500195155167404, 53.002272595131245], [1.0499506143770005, 53.00238567885923], [1.0498725081730251, 53.00249876258721], [1.049823242879138, 53.00261184631518], [1.0497370185997938, 53.00267397144339], [1.0496542183405735, 53.002781471907156], [1.0495566161017327, 53.00283801377115], [1.0494272253562786, 53.00289455563514], [1.0493412255518588, 53.00295210315439], [1.0492058919356844, 53.00300763936312], [1.0491077441355567, 53.00306418122711], [1.0491715999598865, 53.003137635808834], [1.049236049817786, 53.00323380681908], [1.0491170056782038, 53.00329034868307], [1.0490019743679144, 53.003305063704794], [1.048888890639933, 53.003381703789714], [1.04881531747492, 53.003403432411055], [1.0486627231839702, 53.003364198796966], [1.0486040909684713, 53.003459974275046], [1.0485362898054098, 53.00357305800303], [1.0483800138640165, 53.003614620414304], [1.0483234720000258, 53.00369733120044], [1.0482310702590691, 53.00379922545899], [1.0482311609560846, 53.00396885105096], [1.0481538464080538, 53.00403720640733], [1.0480407626800723, 53.004084974615964], [1.0479276789520908, 53.00414073969785], [1.0478505997713208, 53.00419501850693], [1.0477580533601185, 53.004197819659055], [1.0475884277681464, 53.00423448790615], [1.0474188021761743, 53.00422659718763], [1.0473057184481929, 53.004256623046636], [1.0471926347202114, 53.0042497322082], [1.04707955099223, 53.00429259193361], [1.0469099254002578, 53.004280878327684], [1.046850733826421, 53.00430810223491], [1.046775502203031, 53.00425156037092], [1.046683757944295, 53.00431090674214], [1.0465710405174258, 53.00430810223491], [1.0465141323523228, 53.00429477733181], [1.0463445067603505, 53.00426913144438], [1.046180531364526, 53.00430810223491], [1.046061797440397, 53.004315482973325], [1.0459370399214245, 53.0043646440989], [1.0457790881204434, 53.00440838990252], [1.045666004392462, 53.004443312550606], [1.0455852887451582, 53.00442118596289], [1.0454963788004898, 53.0044081682986], [1.0453832950725084, 53.00444899082158], [1.0452136694805363, 53.00446137936203], [1.0451005857525548, 53.00448951681188], [1.0449309601605825, 53.00451824413512], [1.0448178764326013, 53.00456242377181], [1.044648250840629, 53.00456215678639], [1.0444786252486569, 53.00457612961132], [1.0443089996566848, 53.004589576975064], [1.0441959159287033, 53.00460564995942], [1.044026290336731, 53.00462131031041], [1.0438662006526975, 53.004647353418854], [1.0438001228807683, 53.004642262533494], [1.043630497288796, 53.004642418346755], [1.0435174135608145, 53.00465378203481], [1.0434043298328333, 53.00464378729007], [1.043234704240861, 53.004641056579516], [1.0431390784711168, 53.004647353418854], [1.0430650786488889, 53.00465937326791], [1.0429519949209074, 53.00463472974377], [1.0428915966329682, 53.004647353418854], [1.0427258274649445, 53.004611460702215], [1.0425562018729724, 53.004600773416556], [1.0423865762810003, 53.00460323317157], [1.0423207394211422, 53.00459081155486], [1.0421604088250374, 53.004610419455446], [1.0420543878595094, 53.00459081155486], [1.0419342413690744, 53.00459552749029], [1.041821157641093, 53.00458116802345], [1.0416515320491209, 53.00454877276246], [1.0415384483211394, 53.00453216849867], [1.0414544388939921, 53.00453426969087], [1.0413122808651765, 53.004516131350535], [1.0411426552732044, 53.0044962932917], [1.0409730296812323, 53.00452041193011], [1.0408352360209099, 53.00453426969087], [1.0406903203612785, 53.004539573817986], [1.0405616678308671, 53.00453426969087], [1.0405147600084461, 53.00447772782688], [1.040407611041325, 53.0045561299723], [1.0402379854493529, 53.004548558510386], [1.0401573116571479, 53.00453426969087], [1.04001181799339, 53.00456509012817], [1.0398421924014178, 53.00456387091112], [1.0397291086734364, 53.00459939990229], [1.0395594830814643, 53.00461805358159], [1.0394463993534828, 53.004656711327186], [1.0393645279061772, 53.004647353418854], [1.0392348583436308, 53.004703895282844], [1.0391636900335293, 53.00467451127314], [1.0390506063055478, 53.004704743597756], [1.0389375225775663, 53.00470289088547], [1.038767896985594, 53.00468632731007], [1.038598271393622, 53.00468322930608], [1.0385197960629293, 53.004647353418854], [1.038372103937659, 53.00465371875335], [1.038202478345687, 53.00468389208537], [1.0381334212170472, 53.004703895282844], [1.0380328527537148, 53.004704021135], [1.0379197690257334, 53.004678911322635], [1.0378066852977519, 53.00463663293775], [1.0377420959594281, 53.00459081155486], [1.0376084548314277, 53.00459081155486], [1.0374674341138075, 53.00456038359835], [1.037327174214849, 53.00453426969087], [1.037184724793854, 53.004508979013025], [1.0370150992018818, 53.00450870625275], [1.0368468433460658, 53.00453426969087], [1.0369020154739004, 53.0046432781353], [1.036788931745919, 53.00455209273707], [1.0366758480179374, 53.00452511724582], [1.0365062224259654, 53.004522512415214], [1.0364451975975721, 53.00453426969087], [1.036336596833993, 53.004553724160736], [1.0361779654263212, 53.00453426969087], [1.0361104293780303, 53.004563167015625], [1.0359973456500489, 53.00459155301154], [1.0358277200580766, 53.00461110010163], [1.0357146363300953, 53.00465643429059], [1.0355475617521133, 53.004703895282844], [1.0354884688741324, 53.004687637517264], [1.035375385146151, 53.0047343461797], [1.0352623014181694, 53.00477714748497], [1.0352057595541788, 53.00483175077689], [1.0352623014181694, 53.00496168723135], [1.035262159881227, 53.00504314646679], [1.0352623014181694, 53.00515552593668], [1.035149217690188, 53.00517629345923], [1.0350846959187083, 53.00521277205876], [1.0349795920982159, 53.005117552137435], [1.034902861608997, 53.00504314646679], [1.034753424642253, 53.00499868107381], [1.0346403409142715, 53.00496461376118], [1.03452725718629, 53.004927734830886], [1.0344482609489556, 53.0049866046028], [1.0343531343897627, 53.00504314646679], [1.0343010897303273, 53.00519357185316], [1.0342284897337382, 53.00526931392275], [1.0341599521887357, 53.005382397650735], [1.0340533768612847, 53.005438939514725], [1.033961838546383, 53.005547384127084], [1.0338487548184014, 53.00558705187108], [1.0336791292264293, 53.00559359852862], [1.0335660454984479, 53.00554895166396], [1.0334529617704664, 53.00556750705365], [1.033339878042485, 53.00562623820263], [1.03325035461558, 53.0056085651067], [1.0331702524505129, 53.005606794001935], [1.0331104484371685, 53.0056085651067], [1.0330006268585405, 53.00555082341272], [1.0328726022352868, 53.005495481378716], [1.0327744594025778, 53.0054300862324], [1.0326580116011825, 53.005382397650735], [1.0325874666073878, 53.005325855786744], [1.0324917500826243, 53.005314193912135], [1.0324247490644656, 53.00526931392275], [1.0323068684327859, 53.005325855786744], [1.0322655826266613, 53.00527318685299], [1.0322090407626705, 53.00526340894753], [1.0320394151706984, 53.00523383232586], [1.0319738148161977, 53.00521277205876], [1.0318132477147355, 53.005218211202106], [1.0316436221227634, 53.005236345720746], [1.031530538394782, 53.00532527163786], [1.0315697527131222, 53.005382397650735], [1.031530538394782, 53.00551240684101], [1.0314254841703854, 53.005438939514725], [1.0314174546668005, 53.005313991418035], [1.0313695260100546, 53.005438939514725], [1.031304370938819, 53.00552352860343], [1.0311912872108375, 53.00558098721359], [1.031078203482856, 53.0056301473952], [1.0309651197548746, 53.005606905279144], [1.0308690050264406, 53.005495481378716], [1.0307954941629025, 53.005402327079665], [1.030682410434921, 53.00537835630752], [1.030512784842949, 53.00534340029256], [1.0303735688055864, 53.005325855786744], [1.030286617386986, 53.005337326070816], [1.0301837202423305, 53.005325855786744], [1.030116991795014, 53.00532319744626], [1.0300427924602005, 53.005325855786744], [1.0299473662030418, 53.00534103144896], [1.0298342824750604, 53.005307294898664], [1.029664656883088, 53.00532023561179], [1.0295515731551066, 53.005375344283046], [1.0294300852111475, 53.005382397650735], [1.0293819475631345, 53.0055004691572], [1.0292123219711624, 53.005540718518795], [1.029099238243181, 53.005484268942475], [1.0289861545151995, 53.00552386424776], [1.028873070787218, 53.0055845564826], [1.0287599870592365, 53.005654761162084], [1.0286601015700403, 53.00572164883468], [1.0285903614672645, 53.00578840766731], [1.0285338196032738, 53.00591849564304], [1.0284272842447608, 53.005891274426645], [1.028307652147311, 53.005893877685224], [1.0281945684193294, 53.00585756872067], [1.0280868998614707, 53.00577819069866], [1.0280249428273573, 53.00578900098453], [1.0279118590993759, 53.00575179592553], [1.027855317235385, 53.00584127972985], [1.0277987753713944, 53.00577714552662], [1.0276921527961624, 53.00577819069866], [1.0275898689314005, 53.00577819069866], [1.0276291497794223, 53.00583890987147], [1.027461095895419, 53.005891274426645], [1.0273752223540873, 53.005947816290636], [1.027289898595478, 53.00600873686689], [1.0272212566639727, 53.00600435815463], [1.027080166258433, 53.00606090001862], [1.0270347917182674, 53.00611744188261], [1.026999680593531, 53.00606090001862], [1.0269506474115335, 53.00616441883735], [1.0269745150336844, 53.00628706747458], [1.0268916554599659, 53.00628706747458], [1.0267810448803927, 53.0061739837466], [1.0267060972733122, 53.0061739837466], [1.0266113962275893, 53.006158156938085], [1.026485088079701, 53.00611744188261], [1.0263852287716264, 53.00604579849056], [1.026274763571571, 53.005947816290636], [1.0262156031796543, 53.00599864833164], [1.026113640010587, 53.00600435815463], [1.026045977587682, 53.00604181618471], [1.0259415487014483, 53.00611744188261], [1.02587635199571, 53.006107690361375], [1.0258128819622394, 53.0061739837466], [1.025650184539747, 53.00618905804035], [1.025480558947775, 53.00621579635301], [1.0253109333558026, 53.00621435772486], [1.0251838608474868, 53.00623052561059], [1.0250847658998399, 53.00621687782267], [1.0249151403078676, 53.00618217425635], [1.0247455147158955, 53.00622341331883], [1.0246381095221084, 53.00628706747458], [1.0245727235647948, 53.00634360933857], [1.0245193472599325, 53.00642308187934], [1.0246009319836673, 53.006513234930544], [1.0246889728519049, 53.00659542370086], [1.0247455147158955, 53.006631661535145], [1.0246889728519049, 53.00674302184839], [1.0245927906206214, 53.00685248611449], [1.024527727101627, 53.00696556984247], [1.0244996854812067, 53.00690902797848], [1.024406263531951, 53.006950391308], [1.0242931798039696, 53.00698771054911], [1.0241235542119975, 53.00700236058932], [1.024010470484016, 53.006946770303806], [1.0238973867560346, 53.006975035877865], [1.0237843030280533, 53.00695895431409], [1.0237277611640625, 53.0070359524344], [1.0235581355720904, 53.00704466098878], [1.023445051844109, 53.00707954477391], [1.0233739822600634, 53.00707865357045], [1.0232443266825366, 53.007135195434444], [1.0231623425241554, 53.007197701584865], [1.022992716932183, 53.00722608161497], [1.022992716932183, 53.0073282801222], [1.0229831105470741, 53.0074179047544], [1.022992716932183, 53.00757317861164], [1.023049258796174, 53.007699790233495], [1.0231058006601645, 53.00772056536498], [1.022992716932183, 53.00768837197471], [1.0228796332042016, 53.007716744628866], [1.0229001581169035, 53.007813697802334], [1.0228796332042016, 53.007909536204785], [1.0228750328857656, 53.007983323394306], [1.0227775839307116, 53.007926781530315], [1.0227100076122295, 53.00784927515799], [1.022596923884248, 53.007788147197104], [1.0224838401562666, 53.0078368152941], [1.0223213470689705, 53.007870239666325], [1.022252649454268, 53.007926781530315], [1.0221445889723224, 53.00799766929779], [1.0220271247151265, 53.007983323394306], [1.0219418796516002, 53.007926781530315], [1.0218618796523686, 53.00782507163394], [1.0217487959243874, 53.00777945344922], [1.021579170332415, 53.00777656589192], [1.0214677139373496, 53.007870239666325], [1.0213966390732487, 53.007870239666325], [1.0212964610124615, 53.007903601309096], [1.02118337728448, 53.00785885788157], [1.0210314738335502, 53.007813697802334], [1.0209006679645265, 53.0077821372924], [1.0207966294161805, 53.007870239666325], [1.0206745005085636, 53.00788996468617], [1.020510426398534, 53.007926781530315], [1.020400766595107, 53.007926781530315], [1.0202787074606285, 53.00792004751234], [1.0202135968111965, 53.007983323394306], [1.0202242005389177, 53.00809640712229], [1.0202480379918806, 53.00826603271426], [1.02020854389148, 53.00837911644224], [1.020095302881968, 53.00843565830623], [1.019995998140675, 53.00850442571301], [1.019826372548703, 53.00849638860168], [1.0197132888207214, 53.00848315633494], [1.0195436632287493, 53.008463940160794], [1.019435331641005, 53.008548742034215], [1.019374037636777, 53.00853596802291], [1.019244197048782, 53.008548742034215], [1.0192974618472543, 53.008661825762196], [1.0193197745652611, 53.00877490949018], [1.0194127729746247, 53.00888799321816], [1.0194764692092302, 53.009001076946134], [1.019374037636777, 53.00908719281114], [1.019204412044805, 53.00910721170318], [1.0190913283168235, 53.00915162622734], [1.0190347864528326, 53.00925754344295], [1.0188858425942, 53.00928378626609], [1.0188961653815043, 53.00945341185806], [1.0189518683526007, 53.00956649558604], [1.0188812975886417, 53.009679579314025], [1.0188013838004324, 53.009736121178015], [1.0186955352688885, 53.00984273314947], [1.0186389934048976, 53.00991665735084], [1.0185112735489221, 53.00996228863398], [1.018412825948935, 53.01003319172851], [1.0182997422209534, 53.01009101963912], [1.0181301166289813, 53.01010828823085], [1.0180293467298107, 53.01018845608994], [1.017960491037009, 53.01024635672741], [1.0179039491730184, 53.01037405123962], [1.0178474073090276, 53.01047863932294], [1.0177662960465061, 53.01058424913788], [1.0177227889637726, 53.01069733286586], [1.0176247856731806, 53.01081041659384], [1.0175583332717961, 53.01086695845783], [1.017452970297231, 53.010980042185814], [1.017338530533111, 53.011031563523375], [1.0172585085805066, 53.011093125913796], [1.0171357082749235, 53.01114966777779], [1.0170110582554037, 53.01120620964178], [1.016915893511762, 53.01126275150577], [1.0168458289704678, 53.01137583523375], [1.0168195175403363, 53.01148891896173], [1.0168315529520005, 53.01160200268971], [1.0169141700776416, 53.011715086417695], [1.016999279349167, 53.01180245685265], [1.0170730757879036, 53.01188471200967], [1.017168904941139, 53.011960946781414], [1.0172254468051296, 53.0120784404929], [1.0172182471378421, 53.01216742132962], [1.0171562615074627, 53.012280505057596], [1.0170558212131575, 53.01235865871047], [1.0170321922133951, 53.01250667251356], [1.0169635368994776, 53.01261975624154], [1.0168612614552415, 53.01267629810553], [1.016773111893204, 53.01275250744143], [1.0166034863012317, 53.01278190483432], [1.0164904025732504, 53.01283733184113], [1.016377318845269, 53.012848756314916], [1.0162076932532966, 53.0128725330452], [1.0160380676613245, 53.01289746829349], [1.015924983933343, 53.012906435748356], [1.0158119002053616, 53.01296663375053], [1.0156422746133895, 53.0129904358922], [1.0154726490214174, 53.013012540718414], [1.0153429467379933, 53.01301554928948], [1.0152034199431694, 53.01301554928948], [1.015133397837473, 53.013043052553336], [1.014963772245501, 53.013050596943444], [1.0148506885175195, 53.01300622034105], [1.0146810629255474, 53.01301237962267], [1.014511437333575, 53.01298823687557], [1.014341811741603, 53.01297193537917], [1.014172186149631, 53.01298088707533], [1.0140025605576586, 53.012991769457216], [1.0138894768296771, 53.0130244793553], [1.0137874822724986, 53.01312863301746], [1.013719851237705, 53.013211290295054], [1.0136633093737144, 53.01332117251694], [1.0135313812190836, 53.01335480047342], [1.0133806000537606, 53.01340465797619], [1.0132675163257794, 53.013435054081924], [1.013154432597798, 53.01348844568579], [1.0131287575273564, 53.01363750979338], [1.0130413488698164, 53.01370596234753], [1.0129503008330192, 53.01380713538535], [1.0128151814138535, 53.01382804399377], [1.012671888792279, 53.01386367724934], [1.012573099261289, 53.01392021911333], [1.0125890139578906, 53.01401656741026], [1.0125324720939, 53.014139954404946], [1.0124746442124777, 53.0140898447053], [1.0123684761009968, 53.014202928433285], [1.012253237215062, 53.014259470297276], [1.012173333925017, 53.01431601216127], [1.0120299426788202, 53.01437255402526], [1.011910511590002, 53.01438934292373], [1.0117974278620205, 53.01445034635174], [1.0117329253168326, 53.01454217961723], [1.0116278022700484, 53.01464135711462], [1.0115271068518517, 53.0147118052092], [1.0114581766780761, 53.014779433148334], [1.0113450929500947, 53.01487082198576], [1.011254171359758, 53.014937972665166], [1.011288551086104, 53.015080542040856], [1.0113652280737615, 53.01516414012113], [1.011329205580364, 53.01527722384911], [1.011252057407014, 53.01539030757709], [1.0111490244191192, 53.015446849441076], [1.0110623836301411, 53.015516068559045], [1.0109767156175011, 53.01561647503305], [1.010969102063361, 53.01578610062502], [1.0109116803430642, 53.015899184353], [1.0108586860293176, 53.016012268080985], [1.0108197804269015, 53.01612535180897], [1.010723132446197, 53.01623181649277], [1.0106100487182155, 53.01626247471513], [1.0105210763228998, 53.01635151926493], [1.0104404231262434, 53.01642956728268], [1.0103673753469513, 53.0165211448569], [1.010270797534271, 53.01659505686404], [1.0102142556702804, 53.01674411098816], [1.0100446300783081, 53.016746574487485], [1.009933604731661, 53.016747312312866], [1.009875004486336, 53.016803306992536], [1.0098819064524607, 53.01686039604085], [1.0098184626223454, 53.01684781341546], [1.009705378894364, 53.016905099379564], [1.009608988653928, 53.01691693790484], [1.0095357533023916, 53.01694916873485], [1.0094226695744104, 53.016990031026474], [1.009309585846429, 53.01704665790505], [1.0091965021184475, 53.0170983136513], [1.0090286337223568, 53.0171431053608], [1.0089703346624845, 53.01714115121963], [1.008857250934503, 53.01716568722277], [1.008687625342531, 53.01718904553159], [1.0085745416145495, 53.01721355188332], [1.0084049160225774, 53.01721064781749], [1.0082352904306051, 53.01725146280413], [1.0081195114374495, 53.01725618908878], [1.0079525811106516, 53.01730419530225], [1.00783949738267, 53.01733072404679], [1.007669871790698, 53.01736597435404], [1.0075567880627165, 53.017402231176554], [1.007418134071744, 53.017425814680756], [1.007274078742763, 53.01745294163631], [1.0071044531507907, 53.01748150981346], [1.0070647823813061, 53.01759544027273], [1.0069348275588186, 53.01761729888976], [1.0068217438308371, 53.01767173220419], [1.0066921955037844, 53.01770852400071], [1.0065522232682613, 53.0177650658647], [1.006425950782902, 53.01779019244965], [1.0063024354714614, 53.01782160772869], [1.0061748585056545, 53.01787814959268], [1.0060396961243225, 53.017934691456674], [1.0059170740069856, 53.01795929967589], [1.0057687983430883, 53.017991233320664], [1.0056631523407749, 53.018047775184655], [1.0055778228230414, 53.0181110011574], [1.0054575658089866, 53.01816085891264], [1.0053495513396478, 53.01821740077663], [1.005238571639097, 53.01828689394584], [1.0051254879111156, 53.01833646858368], [1.005012404183134, 53.0184000848402], [1.004868494607845, 53.01844356823259], [1.004746235805509, 53.01850011009658], [1.004616611135199, 53.01854165713178], [1.0045035274072176, 53.018594288803044], [1.0043904436792361, 53.01866872257956], [1.0043011665587775, 53.01872627755254], [1.004220818087264, 53.018790716847924], [1.004051192495292, 53.01883472249666], [1.0039381087673105, 53.01886618562541], [1.003825025039329, 53.01893425752115], [1.0037119413113476, 53.01895612309971], [1.0035836409838066, 53.01900898687249], [1.003429231991394, 53.019049672110235], [1.0033161482634125, 53.01910513033222], [1.003203064535431, 53.01914928048598], [1.0030899808074496, 53.01918462227184], [1.0029203552154775, 53.01923310123436], [1.002807271487496, 53.019257612283376], [1.0026915331936355, 53.01929169619245], [1.0025245621675425, 53.01931149940421], [1.00237948093112, 53.01934823805644], [1.002241852847589, 53.019373906057695], [1.0021281273641567, 53.01940477992043], [1.0020098555101693, 53.01946132178442], [1.0018939167029797, 53.01951786364841], [1.0017329760716724, 53.019547908642544], [1.0016088428219587, 53.0195744055124], [1.0014502667517187, 53.01961109182539], [1.0013371830237374, 53.01964282234979], [1.001167557431765, 53.0196651370746], [1.0010544737037836, 53.01971585423807], [1.0009701537386397, 53.01974403110437], [1.000863180799781, 53.01974403110437], [1.00077176438383, 53.01974129234529], [1.0007152225198395, 53.019803445518136], [1.000602138791858, 53.019789677013044], [1.0004890550638765, 53.01980889128138], [1.000326682038587, 53.019857114832355], [1.0002628876079136, 53.01992464410793], [1.000103354176691, 53.01997019856034], [1.0000367201519507, 53.01996040573119], [0.9999169400880099, 53.01997019856034], [0.9997540108319971, 53.019981691976476], [0.9996886497811, 53.01997019856034], [0.9995278433760343, 53.019993222026514], [0.9993582177840621, 53.02000939249991], [0.9992034950796145, 53.02002674042433], [0.9990755084641085, 53.020031155997785], [0.9989058828721363, 53.02004008035455], [0.9987362572801641, 53.02005784629607], [0.998566631688192, 53.02007313397238], [0.9983970060962198, 53.02007607140951], [0.9982839223682384, 53.02010454396928], [0.9981142967762663, 53.020126620307096], [0.9980030008516719, 53.0201963660163], [0.9978881293203034, 53.02021765520464], [0.9977185037283312, 53.02023095573832], [0.9976054200003498, 53.020264677011355], [0.9974357944083776, 53.020295814499946], [0.9973227106803961, 53.0203126989414], [0.997153085088424, 53.02032662441113], [0.9969834594964518, 53.020347232420484], [0.9969256479981021, 53.02036599160827], [0.996757292040489, 53.02035850413457], [0.9966442083125076, 53.020378053890894], [0.9965311245845261, 53.02036429828059], [0.996446412396839, 53.02036599160827], [0.9963614989925539, 53.020408700328495], [0.9961918734005818, 53.02040347448796], [0.9961145381819037, 53.020422533472264], [0.9960222478086096, 53.0204288269234], [0.9959104227995856, 53.020422533472264], [0.9957980820801464, 53.020422533472264], [0.995739538488656, 53.02045140151816], [0.9955699128966838, 53.020449909048715], [0.9954002873047116, 53.02045424480373], [0.9952306617127396, 53.020469007403285], [0.9951175779847581, 53.02048048362591], [0.9950560697081821, 53.020479075336254], [0.9949054953165852, 53.020479075336254], [0.9948348686648045, 53.02051856497041], [0.9947217849368231, 53.02053624411904], [0.9946087012088416, 53.02052093151319], [0.9944956174808601, 53.020558616136974], [0.994325991888888, 53.020588178717134], [0.9942129081609066, 53.0206052332555], [0.9940835701823789, 53.02064870092823], [0.9939867407049436, 53.0207141916521], [0.9938736569769622, 53.020762298094226], [0.9937605732489808, 53.0207542208867], [0.9936474895209993, 53.02078737596631], [0.9934778639290271, 53.02078906434086], [0.9933082383370551, 53.020796637252225], [0.9931386127450829, 53.02079195370141], [0.9929689871531107, 53.02078451233629], [0.9927993615611386, 53.02076786639824], [0.9926554247430999, 53.02076178465621], [0.9925166522411849, 53.02073599035418], [0.992377090088183, 53.02076178465621], [0.9922904847852221, 53.02072991126668], [0.9921208591932499, 53.02074439105695], [0.9919512336012778, 53.02072935109962], [0.9917816080093056, 53.02071947386845], [0.9916119824173334, 53.02072801304309], [0.9914423568253613, 53.02073991444573], [0.9912727312333891, 53.020745214844546], [0.9911031056414169, 53.020754851908194], [0.9909675897238823, 53.02076178465621], [0.9908203963214633, 53.02081733141795], [0.9907266506689801, 53.02087486838419], [0.9905942288655004, 53.02088824959744], [0.9905089169283856, 53.02093141024818], [0.9904246032735283, 53.02093197758678], [0.9902549776815561, 53.02097052181515], [0.9901608414679168, 53.02098795211217], [0.990085352089584, 53.02100204071729], [0.9899157264976118, 53.02100457539399], [0.9897461009056396, 53.02102971901182], [0.9895764753136675, 53.021041724590255], [0.9894633915856861, 53.02105116750979], [0.9892937659937139, 53.02105754418786], [0.9891296932710154, 53.021101035840154], [0.9890675985377511, 53.021092663175075], [0.9889077126702013, 53.021101035840154], [0.9888284162882891, 53.021101035840154], [0.9887016644747987, 53.021101035840154], [0.9885587217618346, 53.02113952721677], [0.988394269094151, 53.021157577704145], [0.9883325543058716, 53.02115533070045], [0.9882194705778902, 53.021173920468556], [0.9880498449859181, 53.021194085380664], [0.9879856906230322, 53.021157577704145], [0.9878236775299551, 53.021203384010114], [0.9877105938019737, 53.02122069942114], [0.9875975100739923, 53.0212737419219], [0.9874278844820201, 53.021294968638884], [0.9873148007540387, 53.0213319486376], [0.9872434407711528, 53.02132720329612], [0.9870886332980758, 53.021361265694665], [0.9869571889722719, 53.02138374516011], [0.9868059239781222, 53.021411885652775], [0.9866362983861501, 53.021429367982044], [0.9865232146581686, 53.021451727207214], [0.9863535890661964, 53.02144950377827], [0.9861839634742243, 53.02147045722449], [0.9860143378822521, 53.021467984547996], [0.9858447122902799, 53.02146810538039], [0.9856750866983078, 53.02147019202326], [0.9855054611063356, 53.02147741646159], [0.9853358355143634, 53.02147713953024], [0.9851662099223913, 53.0214910554598], [0.9849965843304191, 53.02148799937508], [0.9848269587384471, 53.02147208766242], [0.9846573331464749, 53.02147449553451], [0.9844877075545027, 53.021467602818724], [0.9843180819625306, 53.02146699327664], [0.9841484563705584, 53.02146446586947], [0.9839788307785862, 53.0214500509065], [0.9838092051866141, 53.021451490113584], [0.9836961214586326, 53.02143902601203], [0.9835830377306511, 53.02144044173313], [0.9834699540026697, 53.02142532720747], [0.9833003284106976, 53.02141972856901], [0.983145501851058, 53.0214402870241], [0.9830741609547347, 53.021431260839094], [0.9829045353627626, 53.02142126464728], [0.9827349097707904, 53.02141933331298], [0.9825652841788182, 53.02141864554622], [0.9823956585868461, 53.02140182296907], [0.9822260329948739, 53.021403940841715], [0.9820564074029017, 53.02139011611155], [0.9818867818109296, 53.02139630791369], [0.9817171562189574, 53.02140719287968], [0.9816040724909759, 53.021381150566725], [0.9814909887629945, 53.021390853191015], [0.9813366934612371, 53.02138374516011], [0.9812082794430409, 53.02138283732799], [0.9810386538510687, 53.02137079152257], [0.9808690282590966, 53.02136797334995], [0.9806994026671244, 53.021371067626], [0.9805297770751522, 53.0213784864351], [0.9803601514831801, 53.02137971476905], [0.9801951519361588, 53.02138374516011], [0.9800774421632265, 53.02139007616369], [0.9799643584352451, 53.02138373369156], [0.9798512747072636, 53.021393565335096], [0.9796816491152914, 53.02139641445255], [0.9795120235233192, 53.02139726668121], [0.9793423979313471, 53.02140057413839], [0.9791727723393749, 53.02138935346085], [0.9790031467474029, 53.02140665749188], [0.9788335211554307, 53.02140212334456], [0.9786638955634585, 53.02141429351368], [0.9784942699714864, 53.021413180557076], [0.9783246443795142, 53.02140488083172], [0.978155018787542, 53.021417695024816], [0.9779853931955699, 53.02141820091538], [0.9778157676035977, 53.02141612267943], [0.9776461420116256, 53.0214273180646], [0.9774765164196534, 53.02143498063744], [0.9773634326916719, 53.02147361067713], [0.9772503489636905, 53.0215227666473], [0.9770807233717184, 53.02151737046566], [0.9769676396437369, 53.02149394031639], [0.9768545559157554, 53.02153002965771], [0.9767980140517647, 53.021439759758074], [0.9767467068055711, 53.02155337075208], [0.9766849303237832, 53.02154507680732], [0.9765718465958019, 53.021495835325624], [0.9765014319990655, 53.02149682888809], [0.976428702437631, 53.02155337075208], [0.9763456791398389, 53.021525635361165], [0.9762653291682089, 53.02149682888809], [0.9762264950462693, 53.02155337075208], [0.9761478445888192, 53.02149682888809], [0.9760629698198854, 53.02148640253663], [0.975996321973681, 53.02155337075208], [0.9758933442279132, 53.02151405758707], [0.9758276167314806, 53.02149682888809], [0.9756850962171861, 53.02155337075208], [0.975606472365203, 53.02155337075208], [0.9754681941660266, 53.02155337075208], [0.9753844674519967, 53.02152745783834], [0.9752713837240152, 53.02156034777761], [0.9751582999960339, 53.02151947919995], [0.9751017581320431, 53.02143201153806], [0.975024150097688, 53.02149682888809], [0.9749215569109126, 53.02149682888809], [0.9749321325400709, 53.021438129108645], [0.974795806467692, 53.0214402870241], [0.9748190488120895, 53.02151954115255], [0.974721349416246, 53.0214402870241], [0.9747053408777825, 53.02149682888809], [0.9746309539004032, 53.0214402870241], [0.9745638126896428, 53.02149682888809], [0.9744797976281452, 53.021565681386896], [0.9744027407313881, 53.02149682888809], [0.974310172036173, 53.02142904652942], [0.9741405464442009, 53.02143579567702], [0.9740003271294925, 53.0214402870241], [0.9739709208522287, 53.021554983380156], [0.9738790542435773, 53.02149682888809], [0.9738232433874098, 53.02155337075208], [0.9737447533962659, 53.0215043193167], [0.9736853660499037, 53.02149682888809], [0.9735751278042937, 53.0215666026951], [0.9734055022123215, 53.02156882422857], [0.9732358766203494, 53.02158207532458], [0.9730662510283772, 53.02160059798265], [0.972919670997813, 53.02160991261607], [0.9727835417084236, 53.02161914696553], [0.9726139161164514, 53.02164393233541], [0.97250083238847, 53.0216848674837], [0.9723312067964978, 53.02168548883539], [0.9721742780469997, 53.02172299634405], [0.9720484974765442, 53.02173849850819], [0.9719354137485627, 53.02180145313412], [0.9717657881565906, 53.02181788003111], [0.9716527044286092, 53.02185675804201], [0.971493267118416, 53.021892621936026], [0.9714265369726462, 53.02188907045615], [0.9713141765276859, 53.021892621936026], [0.9712569113806742, 53.02193563772938], [0.971087285788702, 53.021932532569956], [0.9709508357696067, 53.02194916380001], [0.9708064631115335, 53.02194916380001], [0.9707480346047577, 53.021967755994524], [0.9705784090127855, 53.02197294529069], [0.9704087834208134, 53.02197089699765], [0.9702391578288412, 53.0219972296343], [0.970069532236869, 53.02199610036347], [0.9698999066448969, 53.02199729362932], [0.9697868229169154, 53.022022742479095], [0.9696171973249432, 53.022037413424385], [0.9694475717329711, 53.022046793439515], [0.9692779461409989, 53.02206165405691], [0.9692214042770082, 53.02213197676526], [0.969051778685036, 53.022144902401884], [0.9689386949570546, 53.02218922580836], [0.9687690693650824, 53.02219137624461], [0.9685994437731102, 53.022222962162445], [0.9684863600451289, 53.022234447934885], [0.9683732763171474, 53.022229756299566], [0.968260192589166, 53.02224003773966], [0.9680905669971938, 53.02223353281885], [0.9679209414052217, 53.02224993377117], [0.9677513158132495, 53.02224593167362], [0.9675816902212773, 53.022232715337175], [0.9674120646293052, 53.02224258864202], [0.9672989809013237, 53.022218750326964], [0.9671858971733422, 53.022236365967075], [0.9670728134453608, 53.022208050414775], [0.9669031878533887, 53.02218176827313], [0.9667648808298577, 53.02217533125597], [0.9666204785334351, 53.02212511073679], [0.9665270003176804, 53.02206224752799], [0.9664765736309133, 53.02211878939198], [0.9663943110774722, 53.02209197167371], [0.9662812273494907, 53.02205411344508], [0.9661116017575186, 53.02204936342939], [0.9659985180295372, 53.02206610596884], [0.9658854343015557, 53.022053439311094], [0.9657773510091017, 53.02206224752799], [0.9656892408457807, 53.02206224752799], [0.9656027249816022, 53.02205579865224], [0.96543309938963, 53.022046380090444], [0.9652634737976578, 53.02203224939107], [0.9650938482056857, 53.022033381196], [0.9649242226137135, 53.02202705718501], [0.9647545970217413, 53.022016834564255], [0.9646201858461929, 53.022005705664], [0.9645284295657784, 53.022011548260124], [0.964415345837797, 53.02200325867397], [0.9642457202458248, 53.02195297247298], [0.9641695266798935, 53.02194916380001], [0.9640760946538527, 53.02192839121194], [0.9639124720655119, 53.021892621936026], [0.9638499271978898, 53.02190429922304], [0.9636803016059177, 53.02189711926573], [0.9635672178779362, 53.021873430345565], [0.963397592285964, 53.02186310128439], [0.96327132508775, 53.021836080072035], [0.9631148829660104, 53.02182395203167], [0.9629452573740382, 53.02180977508499], [0.9627756317820662, 53.02179468546161], [0.9626625480540847, 53.02176895927954], [0.9624929224621125, 53.02174156237058], [0.9623232968701403, 53.02173268856171], [0.9622102131421589, 53.02171199464294], [0.9620405875501867, 53.02169432749984], [0.9618709619582145, 53.02167981048288], [0.9617507792944483, 53.02166645448006], [0.961588252638261, 53.02164661525012], [0.9614186270462888, 53.02163660567314], [0.9612831479351016, 53.02166645448006], [0.9611855693222386, 53.02172299634405], [0.961192459590326, 53.02178594052068], [0.9610793758623445, 53.021860360950626], [0.960966292134363, 53.02191719940069], [0.9608532084063817, 53.02198097095123], [0.9607401246784002, 53.0220287629719], [0.9606454290665822, 53.02206224752799], [0.960570499086428, 53.02208260072962], [0.9604008734944558, 53.022113390796534], [0.9602877897664744, 53.0221331278334], [0.9601181641745022, 53.02215694599558], [0.9600050804465208, 53.022183484799754], [0.9598354548545487, 53.022179383068114], [0.9596658292625765, 53.02219816222191], [0.9594962036706043, 53.02219105101842], [0.9593265780786322, 53.022200153387594], [0.95915695248666, 53.022202830422344], [0.9589873268946878, 53.02219438596232], [0.9588177013027157, 53.02220599089061], [0.9586480757107435, 53.02220353886216], [0.9584784501187713, 53.02220467451098], [0.9583088245267992, 53.02219940252656], [0.958139198934827, 53.022204270781415], [0.9579695733428548, 53.02220584733351], [0.9577999477508827, 53.02220980972659], [0.9576303221589105, 53.022203752559854], [0.9574606965669384, 53.02221290310048], [0.9572910709749662, 53.02221041727449], [0.957121445382994, 53.02222411791379], [0.9570083616550127, 53.02217474131505], [0.9568952779270312, 53.02219132349748], [0.9567821941990498, 53.02216677385459], [0.9566691104710683, 53.022189498755374], [0.9565560267430868, 53.02215213861764], [0.9563864011511147, 53.022130577166386], [0.9562167755591425, 53.02214196282126], [0.9561036918311612, 53.02209310919351], [0.955934066239189, 53.02207566035044], [0.9557644406472168, 53.02207195784616], [0.9556513569192353, 53.0220351251018], [0.955538273191254, 53.022003969979046], [0.9554251894632725, 53.02201440224289], [0.955312105735291, 53.02196643386134], [0.9551424801433188, 53.0219560856897], [0.9550293964153375, 53.021926102909326], [0.9549728545513467, 53.021861347257364], [0.9550293964153375, 53.02179238108125], [0.9549049342669, 53.021836080072035], [0.9548535853136964, 53.021892621936026], [0.9547610888663174, 53.021779538208044], [0.9546901452313931, 53.021703132755064], [0.9545955503818019, 53.021779538208044], [0.954520519639421, 53.021754413712365], [0.9544575201065163, 53.02172299634405], [0.9544039872646932, 53.021779538208044], [0.9543496875075885, 53.02172299634405], [0.9541812684554767, 53.02172890399853], [0.9540185071656634, 53.02172299634405], [0.9539551009995137, 53.02174808908174], [0.9537854754075415, 53.02173296328959], [0.9536723916795602, 53.02171740589244], [0.9535593079515787, 53.02172337507751], [0.9534462242235973, 53.02170299008401], [0.9532765986316251, 53.021716977672234], [0.953106973039653, 53.021707430206035], [0.9529938893116715, 53.021731120291435], [0.95288080558369, 53.02167777152312], [0.9527677218557086, 53.02166551735223], [0.9525980962637365, 53.02164004474888], [0.9525374411712771, 53.02166645448006], [0.9524284706717643, 53.02158232877573], [0.9522588450797922, 53.02157900683007], [0.9521457613518107, 53.0215290862255], [0.9520326776238293, 53.02149586439173], [0.9519195938958478, 53.02151087635486], [0.9518065101678663, 53.02148202103827], [0.9516368845758942, 53.02148168024473], [0.9514893138140628, 53.02149682888809], [0.9514107171199313, 53.02149449375736], [0.9512410915279592, 53.02147906864025], [0.951071465935987, 53.021485684223556], [0.9509018403440148, 53.021475472148246], [0.9507322147520427, 53.021469716258174], [0.9505625891600705, 53.021494047612634], [0.9504495054320891, 53.021501506314465], [0.9503364217041077, 53.02149109144488], [0.9501667961121355, 53.021485345540356], [0.9500271088876827, 53.02149682888809], [0.9499406286561726, 53.02148321442993], [0.9498275449281912, 53.021531654475], [0.9497411799853621, 53.02149682888809], [0.949657919336219, 53.021554208360726], [0.949583459518286, 53.02155337075208], [0.9494317518802561, 53.021582734991476], [0.9493186681522747, 53.02161349758978], [0.9492613003977117, 53.02172299634405], [0.9493513657694824, 53.021779538208044], [0.9492055844242933, 53.0218251499907], [0.9490925006963118, 53.02183682911834], [0.9489228751043397, 53.021870542274634], [0.9487532495123675, 53.021869245716786], [0.948640165784386, 53.02189283211622], [0.9484705401924138, 53.02190395323164], [0.9483784203652746, 53.021892621936026], [0.9483009146004417, 53.02186532720033], [0.9481312890084695, 53.02186711113641], [0.9479616634164973, 53.02186859447886], [0.9477920378245253, 53.021866828653685], [0.9476224122325531, 53.02185967007062], [0.9474527866405809, 53.02184469997081], [0.9472948532135808, 53.021836080072035], [0.947226619184618, 53.02184530063624], [0.9470569935926458, 53.02185312971655], [0.9468873680006737, 53.02188206382491], [0.9467177424087015, 53.02188657976233], [0.946560708065503, 53.021892621936026], [0.9464529908151963, 53.021892621936026], [0.9463219493607665, 53.02187050397416], [0.9462581685271698, 53.021892621936026], [0.9462002414999767, 53.02194916380001], [0.9462088656327851, 53.022039098669374], [0.9461231492899103, 53.02194916380001], [0.9460392400408129, 53.02187892623005], [0.9458717420091288, 53.021892621936026], [0.94581307258485, 53.021890909995925], [0.9457433802931486, 53.021892621936026], [0.9455869051288871, 53.02186621476296], [0.945417279536915, 53.021868051849005], [0.945258258765322, 53.021892621936026], [0.9452476539449428, 53.02201137799478], [0.9451455446735586, 53.022005705664], [0.9450674887920303, 53.022005705664], [0.9449649446249893, 53.02201215444865], [0.9448518608970078, 53.022005335240706], [0.9447859666883213, 53.022005705664], [0.9447387771690263, 53.02188255079215], [0.9446822353050356, 53.02192350539661], [0.9446256934410449, 53.021986177158055], [0.9445605963759305, 53.021892621936026], [0.944399525985082, 53.021847746666154], [0.9442299003931098, 53.02185422704913], [0.9440805669394698, 53.021836080072035], [0.9439471910731563, 53.02180541533211], [0.9437775654811841, 53.021803011512446], [0.9436644817532026, 53.02177299156137], [0.9435513980252213, 53.02179786085397], [0.9434383142972398, 53.02175208881584], [0.9432686887052676, 53.02174540385899], [0.9431556049772862, 53.02178922958363], [0.9430725210717331, 53.021779538208044], [0.942985979385314, 53.02175512525635], [0.942922984932189, 53.02172299634405], [0.9428081312846474, 53.02172299634405], [0.9427292701377824, 53.02166645448006], [0.9426798651991297, 53.02172299634405], [0.942585438343484, 53.02166645448006], [0.9427032700653604, 53.021626439956414], [0.9426723548478612, 53.02155337075208], [0.942590186337379, 53.021569690076326], [0.9424771026093975, 53.02151324736618], [0.9424195299893569, 53.02149682888809], [0.9423074770174253, 53.021478273158266], [0.9421943932894439, 53.02151544699686], [0.9420813095614625, 53.021477640710955], [0.941968225833481, 53.02141438329875], [0.9417986002415089, 53.02139087425071], [0.9416855165135275, 53.02138107831385], [0.9415158909215553, 53.02135601428029], [0.9413462653295831, 53.02135276192722], [0.9412732228337026, 53.02132720329612], [0.941176639737611, 53.02130259576892], [0.9410070141456388, 53.0213231106732], [0.9408373885536666, 53.02128593763823], [0.940771241268897, 53.02132720329612], [0.9406282006868248, 53.021270661432126], [0.9404981373697223, 53.02121488887143], [0.9403285117777501, 53.02121717855126], [0.9402432972463223, 53.021214119568135], [0.940158886185778, 53.021166638366275], [0.9400458024577966, 53.021219769610774], [0.9399892605938058, 53.02114302875448], [0.9399327187298151, 53.02121932387131], [0.9398478887428541, 53.021157577704145], [0.9397954980795835, 53.021101035840154], [0.9397241852747306, 53.021157577704145], [0.9396500094098615, 53.02109715628799], [0.9395369256818801, 53.021109029658845], [0.9394238419538986, 53.02104764228504], [0.9392542163619265, 53.02105401097376], [0.939141132633945, 53.02104136289696], [0.9390280489059636, 53.021045572649726], [0.9389149651779821, 53.021024629113406], [0.93874533958601, 53.02101699815604], [0.9385872993973885, 53.02098795211217], [0.9385191721300471, 53.020997122159], [0.9384060884020656, 53.02096937220306], [0.9383076767618321, 53.02093141024818], [0.9382424402671281, 53.02087486838419], [0.9381587744742989, 53.0208183265202], [0.9381330630643587, 53.02064870092823], [0.9380828765244925, 53.02070524279222], [0.938049300267323, 53.02076178465621], [0.9379537534901399, 53.02066970300508], [0.9380083343408643, 53.020592159064236], [0.9379435391892795, 53.020479075336254], [0.9380102953541306, 53.0203897168246], [0.9379697605395332, 53.02030944974428], [0.9378972116261493, 53.020345768639636], [0.9377754844978895, 53.02030944974428], [0.9376145023061956, 53.020260044996455], [0.9375014185782141, 53.0202214312998], [0.9373320304810704, 53.0201963660163], [0.9372187092582606, 53.02016756235777], [0.9371056255302791, 53.020106268419475], [0.9370490836662884, 53.0200573725968], [0.9371056255302791, 53.02001636327474], [0.9369843827648147, 53.01997019856034], [0.9369359999383069, 53.019844533956], [0.9368718169683707, 53.019857114832355], [0.9367663743463348, 53.01978512830031], [0.9367030140783389, 53.019800572968364], [0.9365402068903719, 53.01975571310661], [0.9364271231623905, 53.01971956808259], [0.936314039434409, 53.01967415834038], [0.9362538249616281, 53.01968748924038], [0.9361444138424369, 53.019591547198715], [0.9361918672612269, 53.01951786364841], [0.9360878719784461, 53.01945609714777], [0.936016917104429, 53.01946132178442], [0.9358617045224833, 53.01940683622673], [0.9357677477101095, 53.01934823805644], [0.9356835705588513, 53.01929169619245], [0.9355789952025296, 53.019310162916845], [0.9354944894089617, 53.019235154328456], [0.9354093696105575, 53.01914241364734], [0.9353186430539688, 53.01906552873648], [0.9353528277465668, 53.018994655434476], [0.9352596285031753, 53.0189524450085], [0.9352505333906417, 53.019122070600474], [0.9351776626979466, 53.019122070600474], [0.9351832021545946, 53.01897971173196], [0.9351651600549484, 53.01889590314451], [0.9350903941642613, 53.01883936128052], [0.9350587252141109, 53.0189524450085], [0.9349570346986318, 53.01890943552945], [0.9347874091066596, 53.018901463721456], [0.9348289556433961, 53.01883936128052], [0.9347308672426689, 53.018753099071844], [0.9345612416506967, 53.01874903796978], [0.9344566836510548, 53.018669735688555], [0.9346177835146874, 53.01862228114221], [0.9347308672426689, 53.01859460711302], [0.9348994732793803, 53.01855665196057], [0.9350135765626224, 53.01851175004516], [0.9350701184266131, 53.01849045748787], [0.9349570346986318, 53.018412061736605], [0.934900492834641, 53.01836799346041], [0.9348957469996833, 53.01827394264062], [0.9347954285092722, 53.01821740077663], [0.9347874091066596, 53.018214751200254], [0.9348760779223496, 53.018104317048646], [0.9348971958451678, 53.017934691456674], [0.934817899119861, 53.01782160772869], [0.9347874091066596, 53.01775996831839], [0.934900492834641, 53.017812920890115], [0.9349751030975981, 53.0177650658647], [0.9350135765626224, 53.01785441345073], [0.9349073397620471, 53.017934691456674], [0.9349570346986318, 53.018049687836246], [0.9350149507948468, 53.018104317048646], [0.9350692782310136, 53.017934691456674], [0.9351266602906039, 53.017846781630176], [0.9351832021545946, 53.01775975761366], [0.93519584357109, 53.01787814959268], [0.9350722890780839, 53.017934691456674], [0.9351832021545946, 53.01800368669007], [0.9352399040866582, 53.017934691456674], [0.9352962858825761, 53.01778342430982], [0.9354093696105575, 53.01773949766489], [0.9355789952025296, 53.01770880564126], [0.9356920789305111, 53.017703051896746], [0.9358617045224833, 53.01769817316842], [0.935938277537665, 53.01770852400071], [0.9360028821928355, 53.01765198213672], [0.9360410404324137, 53.01770852400071], [0.9361936972418163, 53.01765198213672], [0.9362574975704183, 53.017704217829284], [0.9363437583962787, 53.01770852400071], [0.9363737277591309, 53.01765198213672], [0.9365350103409744, 53.01765198213672], [0.9366532906183533, 53.01762079133176], [0.9368229162103255, 53.017602701398786], [0.9369359999383069, 53.01757991176497], [0.9370490836662884, 53.01760188055477], [0.9371621673942698, 53.01756629805211], [0.9372752511222513, 53.017621594961305], [0.937401776564802, 53.01759544027273], [0.9375014185782141, 53.01762087544584], [0.9376145023061956, 53.017593914650575], [0.9376863890744408, 53.01759544027273], [0.9378406697621585, 53.01756227461267], [0.9379817328266148, 53.01753889840874], [0.9381233790821121, 53.017507021304354], [0.9382364628100935, 53.01754376440289], [0.938349546538075, 53.01750071983772], [0.9384060884020656, 53.01746363781316], [0.9383090989662722, 53.017425814680756], [0.9381908261946296, 53.017425814680756], [0.9381799209461028, 53.0172698385337], [0.9381080191746886, 53.017369272816765], [0.9380410718758065, 53.017425814680756], [0.9380668372181213, 53.01730118706526], [0.9381799209461028, 53.01724342734133], [0.9382930046740843, 53.01730542888195], [0.9384060884020656, 53.01724615807857], [0.9385094251228722, 53.01725618908878], [0.9385757139940378, 53.01727120703353], [0.9385757139940378, 53.01741654152384], [0.9384091483933649, 53.017425814680756], [0.9385191721300471, 53.01749283425119], [0.9386322558580286, 53.01744062200142], [0.9386906257035748, 53.01748235654475], [0.9387983952954703, 53.017369272816765], [0.9386887977220193, 53.01727875436238], [0.93874533958601, 53.017234340456596], [0.9388018814500008, 53.01736628611076], [0.9388887224741125, 53.017312730952774], [0.9389715070419729, 53.01726684912219], [0.9390936543934248, 53.01725618908878], [0.9391667778216113, 53.01719964722479], [0.9392895304929141, 53.01719964722479], [0.9393143571227073, 53.0171431053608], [0.9394161043668342, 53.01708656349681], [0.9394803838178893, 53.01713237946628], [0.9395919423603443, 53.01719964722479], [0.9396500094098615, 53.01718051863399], [0.9398028973465373, 53.01719964722479], [0.9398761768658244, 53.017196285320054], [0.9399892605938058, 53.01724633786569], [0.9400458024577966, 53.0173251093214], [0.9401216449087145, 53.017312730952774], [0.9402719699137594, 53.01735286923473], [0.9404415955057316, 53.01731482534004], [0.940554679233713, 53.01726189564515], [0.9406112210977038, 53.01715586750871], [0.9407243048256853, 53.01721288946271], [0.9407096209732841, 53.0171431053608], [0.9407808466896759, 53.0171790920269], [0.9408939304176573, 53.017140871863795], [0.9410070141456388, 53.01715443036368], [0.9411200978736203, 53.01713756575662], [0.9412897234655924, 53.017114311526804], [0.9414593490575646, 53.01713876398847], [0.9416289746495368, 53.017098606943605], [0.9417986002415089, 53.01709338296046], [0.9419116839694903, 53.01708636172937], [0.9420247676974718, 53.01710569189258], [0.9421437397038172, 53.0171431053608], [0.9422509351534346, 53.01723080191479], [0.9423640188814161, 53.0171933126284], [0.9424406644124352, 53.01719964722479], [0.942590186337379, 53.01719011301982], [0.942590186337379, 53.01708091767507], [0.9425141293093936, 53.01708656349681], [0.9425605172727461, 53.01697347976883], [0.9426202217190499, 53.01686039604085], [0.9427032700653604, 53.016787321392776], [0.9428163537933418, 53.01684326898225], [0.9428728956573326, 53.01692169655683], [0.9429949348600828, 53.01697347976883], [0.9430990631132955, 53.01704232414396], [0.9432121468412769, 53.01697826335243], [0.9432686887052676, 53.01689557732807], [0.943381772433249, 53.01683502159573], [0.9435490887599951, 53.01686039604085], [0.9436079398892119, 53.01685399606939], [0.9436197149418458, 53.01697347976883], [0.9435513980252213, 53.016953592192266], [0.9435513980252213, 53.01705717827178], [0.9436914546552567, 53.01708656349681], [0.9437775654811841, 53.01716509409627], [0.9438888037004397, 53.01708656349681], [0.9439454354365245, 53.0171431053608], [0.944003732937147, 53.01720701739017], [0.9440747648398561, 53.01719964722479], [0.9441533136653601, 53.01725618908878], [0.9442299003931098, 53.01719504090093], [0.9442864422571006, 53.01725750972982], [0.944399525985082, 53.01721827628573], [0.9444900227915356, 53.01725618908878], [0.9445778752238566, 53.01719964722479], [0.9445300357609708, 53.01708656349681], [0.9444560678490728, 53.01701286921895], [0.9444653366285266, 53.01691693790484], [0.9444560678490728, 53.01681909655756], [0.9445469222251072, 53.016747312312866], [0.9446822353050356, 53.01670942440849], [0.9446920346424825, 53.01657768672089], [0.9446256934410449, 53.01647151018159], [0.9444560678490728, 53.01650725982172], [0.9443429841210913, 53.01654781352562], [0.9442299003931098, 53.016503922834815], [0.9441429270967094, 53.0165211448569], [0.9441188483551781, 53.01635151926493], [0.9440699166456548, 53.01623843553695], [0.944003732937147, 53.01616182531478], [0.9439038490017483, 53.016068809944976], [0.9438998497533307, 53.015899184353], [0.9438384102088837, 53.01578610062502], [0.9437775654811841, 53.015818091839954], [0.9436965584741953, 53.01572955876103], [0.9435538888620925, 53.01572955876103], [0.9434948561612305, 53.01570051218524], [0.943381772433249, 53.01565459774688], [0.9432686887052676, 53.0156055478287], [0.9431483950006043, 53.01561647503305], [0.942985979385314, 53.01562975115604], [0.9428728956573326, 53.01557559311131], [0.9427441038298942, 53.01555993316906], [0.9427598119293511, 53.01550117194195], [0.9426467282013697, 53.01542367901631], [0.9425670279358711, 53.0153337657131], [0.9424771026093975, 53.01526866347341], [0.9424143194844059, 53.01527722384911], [0.9423074770174253, 53.015177457186816], [0.9422071169690682, 53.01510759825714], [0.9421567808323983, 53.01499451452916], [0.9421039248670521, 53.014881430801175], [0.941968225833481, 53.01485108443789], [0.9419714463712541, 53.01476834707319], [0.9419507770002993, 53.01465526334521], [0.9419116839694903, 53.014589553433126], [0.9418938807660594, 53.01448563775324], [0.9419116839694903, 53.01440972528163], [0.9417420583775181, 53.014404836321965], [0.9416289746495368, 53.01437109153567], [0.9415158909215553, 53.01438027392096], [0.9414593490575646, 53.01431417999678], [0.9413693422860256, 53.01431601216127], [0.9412879418670688, 53.014259470297276], [0.9412897234655924, 53.0141973351132], [0.9411200978736203, 53.014177214879034], [0.9410246502808766, 53.0140898447053], [0.9409846219388297, 53.01397676097732], [0.9409504722816481, 53.01384143098537], [0.9408373885536666, 53.0137926894939], [0.9407567935769607, 53.01380713538535], [0.9406112210977038, 53.01376877953253], [0.9405248699511941, 53.01375059352136], [0.9404415955057316, 53.01374586219149], [0.9403496367744598, 53.01375059352136], [0.9402154280497688, 53.01370976124089], [0.9401023443217873, 53.0136752812488], [0.9399892605938058, 53.01369978069873], [0.9399184991956254, 53.01363750979338], [0.939763093137843, 53.01363027207537], [0.9396798999571572, 53.013580967929386], [0.9396401166205685, 53.01363750979338], [0.9395934675458708, 53.01350453811495], [0.9394371046442551, 53.013467884201404], [0.939389597259194, 53.01335480047342], [0.9392542163619265, 53.01332974067511], [0.939141132633945, 53.01338612908771], [0.939076476192408, 53.01329825860943], [0.9390845907699543, 53.01322987630095], [0.9389149651779821, 53.01318969597538], [0.9388162215461328, 53.01312863301746], [0.93874533958601, 53.01315465179619], [0.9386814565579242, 53.01312863301746], [0.9386322558580286, 53.01309286129222], [0.93874533958601, 53.01306802251355], [0.9389149651779821, 53.01305554392279], [0.9390845907699543, 53.013045786308886], [0.9391488436392208, 53.01301554928948], [0.9393107582259173, 53.013031647147585], [0.9394532819949308, 53.01301554928948], [0.9393834414528504, 53.012959007425486], [0.9393258590842588, 53.012902465561496], [0.9391976744979358, 53.01286744147323], [0.9390845907699543, 53.012809375590784], [0.9389809886760383, 53.01273283996952], [0.9389149651779821, 53.012757758631516], [0.9388449465507682, 53.012789381833514], [0.9388018814500008, 53.01269738884255], [0.9388584233139914, 53.0125890741802], [0.9389715070419729, 53.012556513271704], [0.939141132633945, 53.0125291867924], [0.9391976744979358, 53.01250499648768], [0.939141132633945, 53.01236416667343], [0.9390920799473615, 53.012223963193605], [0.9390682536316108, 53.012280505057596], [0.9390030396099388, 53.012223963193605], [0.9390845907699543, 53.01214542940171], [0.9391976744979358, 53.01210979596042], [0.9393107582259173, 53.01204053318166], [0.9394164166100439, 53.01194125387366], [0.9393015158378206, 53.01188471200967], [0.939141132633945, 53.01185905123831], [0.9389715070419729, 53.011860535038], [0.9388018814500008, 53.011856914417784], [0.9386322558580286, 53.011870805524154], [0.9384626302660564, 53.01183224729404], [0.938349546538075, 53.01188870367352], [0.9382364628100935, 53.01187868530632], [0.9381233790821121, 53.01179348330967], [0.9379537534901399, 53.01177271463551], [0.9378972116261493, 53.011698100690346], [0.9377579444503062, 53.011715086417695], [0.9376710441701863, 53.01168262613627], [0.9375638208010898, 53.01160200268971], [0.9374866319583126, 53.01154546082572], [0.9374448767142234, 53.01146295699657], [0.9375014185782141, 53.01140842666337], [0.9374809175206331, 53.01126275150577], [0.9375579604422049, 53.01120038076656], [0.9376710441701863, 53.01114620900159], [0.9377841278981678, 53.01108615615316], [0.9379203636846393, 53.011036584049805], [0.9380668372181213, 53.01101681406324], [0.9381345704919791, 53.010980042185814], [0.9382364628100935, 53.01094570669609], [0.9383747381789908, 53.01092350032182], [0.9384584094261555, 53.010980042185814], [0.9384731219810661, 53.01092350032182], [0.9386322558580286, 53.010889666404566], [0.9388018814500008, 53.01086831895922], [0.9389149651779821, 53.01084413703015], [0.9388729812460405, 53.01075387472985], [0.9390280489059636, 53.01070146129484], [0.9390845907699543, 53.01081377887866], [0.9391261986997184, 53.01069733286586], [0.9392542163619265, 53.01064753324893], [0.9393273144061451, 53.01058424913788], [0.9394238419538986, 53.010522230180186], [0.9395369256818801, 53.01056329810489], [0.9396535019790897, 53.01058424913788], [0.9397278184996082, 53.01064079100187], [0.9398761768658244, 53.0106382419576], [0.9399892605938058, 53.01065390985587], [0.9401023443217873, 53.01063330330256], [0.9402078557765381, 53.01064079100187], [0.9403285117777501, 53.01061146075333], [0.9404415955057316, 53.01066305015749], [0.940508583957522, 53.01064079100187], [0.9405821871165826, 53.01075387472985], [0.940554679233713, 53.01083210196762], [0.9406259968542436, 53.01075387472985], [0.9407243048256853, 53.01066237133039], [0.9407832327869102, 53.01069733286586], [0.9408997162861886, 53.01069733286586], [0.9409509433970231, 53.01081041659384], [0.9410635560096295, 53.010880323598016], [0.9410635560096295, 53.01079463482678], [0.9410829649847104, 53.01069733286586], [0.941200745425989, 53.01069733286586], [0.941313223329834, 53.01069733286586], [0.9414028071935738, 53.01062477254225], [0.9415158909215553, 53.01064797752929], [0.9416091914369878, 53.01058424913788], [0.9417287001302364, 53.01052770727389], [0.9418551421054996, 53.010479588693244], [0.941968225833481, 53.01045701247506], [0.9420813095614625, 53.0104089262849], [0.9422509351534346, 53.01037135221718], [0.9423853612222765, 53.010414623545905], [0.9424557292553428, 53.010471165409896], [0.9425239395100748, 53.01052770727389], [0.942547419885357, 53.01064079100187], [0.942590186337379, 53.010764752662325], [0.9426467282013697, 53.01089682973924], [0.9427032700653604, 53.01098249517268], [0.9427598119293511, 53.01108341394698], [0.9428151715229868, 53.01114966777779], [0.9427609575843795, 53.01131929336976], [0.9427369124348184, 53.01143237709774], [0.9426467282013697, 53.01152283356876], [0.9425745759557582, 53.01160200268971], [0.9425231041815576, 53.011658544553704], [0.9424273250654669, 53.011715086417695], [0.9423116479278288, 53.011715086417695], [0.9422509351534346, 53.01174778029374], [0.9420813095614625, 53.011769004623915], [0.941968225833481, 53.01177982429108], [0.9417986002415089, 53.01179703112836], [0.9416855165135275, 53.01173149459281], [0.9416319121077641, 53.01160200268971], [0.9416100311973643, 53.011658544553704], [0.9415158909215553, 53.011755389970915], [0.9415516743040534, 53.011658544553704], [0.9414492972194578, 53.01160200268971], [0.9413559618289257, 53.01154546082572], [0.941341619346203, 53.01160200268971], [0.9412331816016017, 53.01154329947483], [0.9411578252711563, 53.01148891896173], [0.9410094213883667, 53.01154546082572], [0.9409504722816481, 53.011536132845315], [0.9408545129967973, 53.01160200268971], [0.9407808466896759, 53.01158498040319], [0.9407172512678428, 53.011658544553704], [0.9407808466896759, 53.01175081898359], [0.9408464325142738, 53.011771628281686], [0.9409164759064835, 53.01182817014568], [0.9408939304176573, 53.01188717194886], [0.9410057907680243, 53.01182817014568], [0.941015498971578, 53.01188471200967], [0.941176639737611, 53.01194108667851], [0.9412897234655924, 53.0119887046112], [0.9414028071935738, 53.01204555964228], [0.9413991780303211, 53.01211087946563], [0.9414188745961531, 53.012223963193605], [0.9413441124727291, 53.012280505057596], [0.9412686187314848, 53.01239358878558], [0.9412331816016017, 53.01245818000182], [0.9414028071935738, 53.012488236298964], [0.9415158909215553, 53.01251073320139], [0.9415774269023564, 53.01250667251356], [0.9416990142385502, 53.01250667251356], [0.9418551421054996, 53.012463782961504], [0.9420247676974718, 53.012478395214146], [0.9421917806971969, 53.01245013064957], [0.9422509351534346, 53.01245267677476], [0.9423434131758976, 53.01239358878558], [0.9424205607454068, 53.012429294420556], [0.9425336444733883, 53.01236515966031], [0.9427032700653604, 53.01235517915829], [0.9428728956573326, 53.01236706885547], [0.9430425212493048, 53.0123575830945], [0.9431556049772862, 53.01231643017114], [0.9433252305692583, 53.01228188982778], [0.9434277927636341, 53.012223963193605], [0.9434948561612305, 53.01227117346334], [0.9436079398892119, 53.01220647817543], [0.9437775654811841, 53.01219505693682], [0.9438906492091655, 53.01215091519542], [0.9440465798792519, 53.01211087946563], [0.9441168166651284, 53.01215891418967], [0.9442299003931098, 53.01206797040624], [0.9443429841210913, 53.01203142023007], [0.9445041119165541, 53.01199779573765], [0.9445973110165634, 53.01199779573765], [0.9446822353050356, 53.011945946583985], [0.9447953190330171, 53.011921155701934], [0.9449084027609985, 53.01195524513753], [0.94502148648898, 53.01188855801317], [0.9451536833815573, 53.01188471200967], [0.9453041958089335, 53.011882374175514], [0.945417279536915, 53.01192312415953], [0.9455869051288871, 53.011939273810725], [0.9456999888568686, 53.01194949497477], [0.9458696144488408, 53.01198974152773], [0.9459826981768222, 53.01201191781953], [0.9461523237687943, 53.01204290125819], [0.9462654074967758, 53.012081568182936], [0.9464100088122669, 53.01211087946563], [0.9465481168167293, 53.012165465439345], [0.9466568430679879, 53.01216742132962], [0.9467158595799774, 53.012223963193605], [0.946830826136683, 53.012268898836794], [0.9469439098646645, 53.012312392305], [0.9470457583345914, 53.01239358878558], [0.9471700773206273, 53.01243705196248], [0.9472831610486088, 53.01248683690332], [0.9473962447765902, 53.012533075024194], [0.9475093285045716, 53.01258559995341], [0.9476224122325531, 53.01263986954659], [0.9477354959605345, 53.01270455969614], [0.947848579688516, 53.012767780411764], [0.947924250280584, 53.012845923697505], [0.9479723683657751, 53.012959007425486], [0.9480182052804881, 53.013085298292694], [0.9481656694244781, 53.01307209115347], [0.9483009146004417, 53.01303868054576], [0.9484489059654988, 53.01301554928948], [0.9485270820564046, 53.01302650388229], [0.9486967076483768, 53.01306673758885], [0.9488097913763582, 53.01309937522439], [0.9489794169683303, 53.01311641447273], [0.9490925006963118, 53.01314455941817], [0.9492577866939864, 53.01318517488145], [0.9493752100162653, 53.01321869473625], [0.9494882937442468, 53.01315727418251], [0.9496013774722283, 53.01311399759931], [0.9496760538074877, 53.01301554928948], [0.9498275449281912, 53.01298189561615], [0.9499971705201633, 53.01301229308677], [0.9501102542481448, 53.013061449755696], [0.9502233379761262, 53.01310677297242], [0.9503364217041077, 53.01315362850152], [0.9504495054320891, 53.01319997654893], [0.9505625891600705, 53.013266726202154], [0.950675672888052, 53.01335473991804], [0.9507322147520427, 53.01342513803604], [0.9508452984800241, 53.013483405766294], [0.9509583822080055, 53.01352487566431], [0.9510737103624983, 53.013580967929386], [0.9512410915279592, 53.013628126111904], [0.9514107171199313, 53.01361998770847], [0.9515803427119035, 53.01362300689341], [0.9517499683038757, 53.01363393073226], [0.9518630520318571, 53.01364448308967], [0.9520326776238293, 53.01368088824648], [0.9521457613518107, 53.013695147692005], [0.9523153869437828, 53.0137315148639], [0.952485012535755, 53.01374917571442], [0.9525980962637365, 53.01377340341265], [0.9527677218557086, 53.013804738444584], [0.95288080558369, 53.01382530839956], [0.9530504311756622, 53.01384577650913], [0.9532200567676343, 53.013839616187404], [0.9533896823596065, 53.01382823890064], [0.9535593079515787, 53.01383063393301], [0.9537147789988388, 53.01386367724934], [0.9537333659844373, 53.01392021911333], [0.9538420172715323, 53.01386275162105], [0.9540116428635045, 53.013809611553924], [0.954124726591486, 53.013774040299076], [0.954294352183458, 53.01377921822916], [0.954370114378431, 53.01369405165737], [0.9544251825521012, 53.013580967929386], [0.9543988506193649, 53.013467884201404], [0.9543207267579249, 53.01335480047342], [0.9542413452264613, 53.01324171674544], [0.9542306372062895, 53.01312863301746], [0.9542454704657235, 53.01307209115347], [0.9543318544520795, 53.01301554928948], [0.9544074359114395, 53.013028666734], [0.9544074359114395, 53.012929326123405], [0.9543212134567025, 53.012902465561496], [0.954294352183458, 53.01286698941775], [0.9542696647526399, 53.012789381833514], [0.9542378103194673, 53.01268794759807], [0.9543213530891654, 53.01261975624154], [0.9544310131432422, 53.01256321437755], [0.9545770615034117, 53.01254465519203], [0.9546901452313931, 53.01249330348623], [0.9548597708233653, 53.01245859975392], [0.9550293964153375, 53.01246452057326], [0.9551990220073096, 53.01246092124653], [0.9553686475992818, 53.01247531268208], [0.955538273191254, 53.01245155719228], [0.9556513569192353, 53.012439314801064], [0.9557644406472168, 53.012461241322676], [0.9558775243751982, 53.01244311059166], [0.9559749550698566, 53.01245013064957], [0.9561036918311612, 53.01244984315812], [0.9562167755591425, 53.012494286129474], [0.9563088654048781, 53.01256321437755], [0.9564429430151055, 53.012611567547594], [0.9565193872060422, 53.01261975624154], [0.9566012798276217, 53.01250667251356], [0.956725652335059, 53.012458842582475], [0.9568387360630405, 53.01241508821435], [0.9570083616550127, 53.01243369366766], [0.9571779872469848, 53.01244608665223], [0.9573002599982402, 53.01239358878558], [0.9574606965669384, 53.0123469520312], [0.9576303221589105, 53.0123922162791], [0.957743405886892, 53.01243760319141], [0.9577955139138824, 53.01256321437755], [0.9578564896148735, 53.012661672236945], [0.9579130314788642, 53.012748211209036], [0.9580261152068456, 53.012798936919815], [0.958139198934827, 53.01285627975077], [0.9582168434706049, 53.012789381833514], [0.9583088245267992, 53.01268056788007], [0.9584219082547807, 53.01263689465578], [0.9585757530063956, 53.01267629810553], [0.9586535851015651, 53.01273283996952], [0.9587110891609327, 53.012845923697505], [0.958761159438725, 53.01297954897795], [0.9588742431667064, 53.01305792562907], [0.9589873268946878, 53.013078090624234], [0.9590438687586785, 53.01300788911811], [0.9591004106226693, 53.013090990631774], [0.95915695248666, 53.01299845422964], [0.9592134943506507, 53.01312788185001], [0.9593265780786322, 53.01315025613905], [0.9593893914213727, 53.01312863301746], [0.9594494992447168, 53.01324171674544], [0.9595618870827761, 53.01329825860943], [0.9596536051006488, 53.01335480047342], [0.9597223711265672, 53.0134064179569], [0.9598354548545487, 53.013349097850345], [0.9600050804465208, 53.013325922913694], [0.9601188518269802, 53.01335480047342], [0.9602312479024837, 53.013416110543055], [0.9604008734944558, 53.01345532794912], [0.96047262075896, 53.013524426065395], [0.9604803603635084, 53.01369405165737], [0.9603914028285749, 53.01375059352136], [0.9602877897664744, 53.01385284206688], [0.9602312479024837, 53.01395474084391], [0.9602877897664744, 53.013992157144564], [0.9604574153584465, 53.01400951863482], [0.960570499086428, 53.013949182187076], [0.9607401246784002, 53.01392896684661], [0.9609097502703723, 53.013969050687734], [0.960966292134363, 53.014039782669194], [0.9610131446297369, 53.01392021911333], [0.9611359177263352, 53.01387340023418], [0.9613055433183074, 53.01389177305971], [0.9614751689102795, 53.01389689434203], [0.9616126376175621, 53.01386367724934], [0.9617470852747653, 53.01380713538535], [0.9618144200942238, 53.013740273474994], [0.9618714824171145, 53.01369405165737], [0.9619648287673416, 53.01380713538535], [0.9620609225996113, 53.01386367724934], [0.9621424143297237, 53.01397676097732], [0.9622102131421589, 53.014064125235166], [0.9623232968701403, 53.014137707971784], [0.9624453289406408, 53.0140898447053], [0.962606006190094, 53.01403768173302], [0.9627190899180754, 53.014026393917604], [0.962788308036733, 53.01403330284131], [0.9628547379683635, 53.01392021911333], [0.9628451907192253, 53.01375059352136], [0.9628542671971344, 53.013580967929386], [0.9628630431358385, 53.01341134233741], [0.9629452573740382, 53.01333621388049], [0.9631148829660104, 53.013323756994524], [0.9632845085579826, 53.01332370003342], [0.9633523513912352, 53.01335480047342], [0.9635106760139455, 53.01334592352824], [0.9636803016059177, 53.013331604883724], [0.963793385333899, 53.013295417778636], [0.963862466463586, 53.01318517488145], [0.9638849291205589, 53.01301554928948], [0.963823614563334, 53.012902465561496], [0.9639064690618805, 53.012803516860316], [0.9640760946538527, 53.01283594942188], [0.9641341914938616, 53.012845923697505], [0.9643022621098155, 53.01280060080615], [0.9644718877017877, 53.012805526203195], [0.9645849714297692, 53.01274867497276], [0.9647217350564677, 53.012789381833514], [0.964811138885732, 53.012780705149254], [0.9649242226137135, 53.01280784058948], [0.9650151374652446, 53.01273283996952], [0.9651367215003536, 53.01273283996952], [0.965206931933667, 53.01268335858706], [0.9653200156616485, 53.01266453099357], [0.96543309938963, 53.0127077543418], [0.9656027249816022, 53.0127080112943], [0.9657723505735742, 53.01271098366574], [0.9659419761655464, 53.01270236832533], [0.9661116017575186, 53.012700886250755], [0.9662812273494907, 53.01271145685806], [0.9664508529414629, 53.01270747477174], [0.9666204785334351, 53.01271340777679], [0.9667901041254072, 53.01270027776792], [0.9669597297173794, 53.0127108238277], [0.9671116128874608, 53.01267629810553], [0.9671136794107991, 53.01250667251356], [0.9671858971733422, 53.012420855709834], [0.9672989809013237, 53.01247290888226], [0.9674686064932959, 53.01249057954221], [0.9675816902212773, 53.012507977709504], [0.967638232085268, 53.01244546555156], [0.9678078576772402, 53.01240973565659], [0.9678932226550567, 53.01245013064957], [0.9680091137250066, 53.01239358878558], [0.9680905669971938, 53.01241454994525], [0.9682036507251752, 53.01236581981843], [0.9682680716260753, 53.01239358878558], [0.9683792161678073, 53.01233704692159], [0.9685429019091196, 53.01230224856369], [0.968655985637101, 53.012265757814106], [0.9687690693650824, 53.0123072615163], [0.9688821530930639, 53.012263764340865], [0.9689816829655622, 53.01216742132962], [0.9690041048171011, 53.01211087946563], [0.9690692919641709, 53.01216742132962], [0.9692214042770082, 53.01212654864887], [0.9693344880049897, 53.012075009723574], [0.9694475717329711, 53.01205236604065], [0.9695335584134581, 53.01205433760164], [0.969673739188934, 53.012010732262326], [0.9697868229169154, 53.011988910097756], [0.9698433647809062, 53.01205804777856], [0.9699564485088876, 53.012047828020734], [0.9700481605701664, 53.01205433760164], [0.9701826159648504, 53.012036780176295], [0.9702956996928319, 53.01206357308122], [0.9703972717802637, 53.01205433760164], [0.9704653252848041, 53.0120343475477], [0.9706349508767762, 53.01199822863928], [0.9707480346047577, 53.0120961398119], [0.9708045764687484, 53.0119791989667], [0.9709176601967298, 53.01203669625657], [0.9710144175170916, 53.01199779573765], [0.9710878968031431, 53.01199779573765], [0.9712569113806742, 53.01197747855854], [0.9713982327486852, 53.01199779573765], [0.971483078836637, 53.011960939135186], [0.9716527044286092, 53.01194714544381], [0.9717657881565906, 53.01192936434441], [0.9719354137485627, 53.01191828353695], [0.9721050393405349, 53.01190896975734], [0.9722746649325071, 53.01190403311585], [0.9724442905244792, 53.011904979641464], [0.9726139161164514, 53.01192281762888], [0.972728790480273, 53.01194125387366], [0.9728618016393776, 53.01194125387366], [0.9729623228479215, 53.01194125387366], [0.9730662510283772, 53.01193341129026], [0.9731793347563586, 53.0119769147852], [0.9732924184843401, 53.01200740198827], [0.9734055022123215, 53.011991478730714], [0.9735185859403029, 53.01201751871727], [0.9736316696682844, 53.01206450011431], [0.9736953272191032, 53.01205433760164], [0.9738012952602566, 53.012111220916054], [0.9738794309745087, 53.01211087946563], [0.9739740820407958, 53.01216742132962], [0.9740840045802102, 53.01222746296067], [0.9741405464442009, 53.012167051731716], [0.9742392026059796, 53.012223963193605], [0.974310172036173, 53.012205924956525], [0.9744232557641545, 53.01225648139409], [0.9745363394921359, 53.012306173948694], [0.9745933141991403, 53.012280505057596], [0.974575496175703, 53.01239358878558], [0.9745123743573461, 53.01250667251356], [0.9744462291043066, 53.01261975624154], [0.9744429555676981, 53.012789381833514], [0.9744797976281452, 53.01290794851849], [0.9746389271742716, 53.012959007425486], [0.9747222998993355, 53.01301554928948], [0.9748190488120895, 53.013100934122605], [0.9749321325400709, 53.01315174357708], [0.9750452162680524, 53.01321266873539], [0.9751582999960339, 53.01317640474567], [0.9752685883573697, 53.01324171674544], [0.9753300631291542, 53.01324171674544], [0.975327925588006, 53.013149891140806], [0.9753844674519967, 53.01302357608097], [0.9754410093159874, 53.0129588244054], [0.9755540930439689, 53.01286047790426], [0.9755540930439689, 53.012773941812114], [0.9754822897920488, 53.012789381833514], [0.9754975511799782, 53.01269210757709], [0.9754998088396639, 53.01261975624154], [0.9754676088309813, 53.01250667251356], [0.9755057442601968, 53.01239358878558], [0.9754975511799782, 53.01227811016257], [0.9753926554274599, 53.012280505057596], [0.9752713837240152, 53.01224214336082], [0.9752148418600246, 53.01229364052486], [0.975302291527162, 53.01233704692159], [0.9753487286206749, 53.01239358878558], [0.975327925588006, 53.01253978875223], [0.9752713837240152, 53.01242759781595], [0.9752148418600246, 53.01252850552223], [0.9751140239629438, 53.01245013064957], [0.9749926591141367, 53.01245013064957], [0.9749886744040617, 53.012447122162285], [0.9751017581320431, 53.01235886682532], [0.9751582999960339, 53.012294023274265], [0.9750452162680524, 53.012228325565516], [0.9749321325400709, 53.012197724888196], [0.9749886744040617, 53.012158520043975], [0.975135607501298, 53.01211087946563], [0.9752148418600246, 53.01203046517127], [0.975327925588006, 53.01207734989822], [0.9753793024051198, 53.01194125387366], [0.9754747701684332, 53.01188471200967], [0.9755540930439689, 53.01180368068196], [0.9756596672152988, 53.011715086417695], [0.975750885079233, 53.011658544553704], [0.975870778131739, 53.01160200268971], [0.9760064279558947, 53.011559996581376], [0.9761195116838761, 53.01151256285042], [0.9762325954118575, 53.01148128534247], [0.9764022210038297, 53.01143957901589], [0.9765169187789309, 53.01143237709774], [0.9766492694320591, 53.01137583523375], [0.976741472187774, 53.01140010269152], [0.9768496348634648, 53.01148891896173], [0.9769110977797462, 53.011468228373076], [0.9769532754341418, 53.01160200268971], [0.9768545559157554, 53.011694590717795], [0.9768545559157554, 53.01179496237951], [0.9769157943907418, 53.01182817014568], [0.9770241815077276, 53.011753437249965], [0.9770807233717184, 53.01168394945264], [0.9769858334040619, 53.01160200268971], [0.9770920603786781, 53.01160200268971], [0.9771378772572383, 53.011715086417695], [0.9773068908276812, 53.01175833332321], [0.9774199745556627, 53.01178717289181], [0.9775896001476349, 53.0118101523845], [0.9777592257396069, 53.01180692287706], [0.9778753823641095, 53.01182817014568], [0.9780419350595606, 53.01185372444423], [0.978155018787542, 53.01189221359967], [0.9782156303956131, 53.01188471200967], [0.9783246443795142, 53.01196209213047], [0.9784377281074956, 53.01203867568232], [0.9786073536994677, 53.01200961882993], [0.9787204374274492, 53.011992487589715], [0.9788335211554307, 53.01202794052501], [0.9790031467474029, 53.012048470763155], [0.9791162304753842, 53.01208431407691], [0.9792293142033657, 53.01203897620743], [0.9793423979313471, 53.01209748659973], [0.9794554816593286, 53.01211954147808], [0.9796138357854824, 53.01216742132962], [0.9797381909792822, 53.012212135975496], [0.9798512747072636, 53.01227089572324], [0.9799643584352451, 53.01231371563075], [0.9800774421632265, 53.01234095103083], [0.9802470677551987, 53.0123899922227], [0.9803601514831801, 53.01240259564975], [0.9805297770751522, 53.01243466743026], [0.9806428608031337, 53.01245852191136], [0.9808124863951059, 53.012474019757896], [0.9809821119870781, 53.01247983454454], [0.9811517375790502, 53.01250562142883], [0.9812648213070316, 53.0125370754022], [0.9814344468990037, 53.01251690889979], [0.9815475306269852, 53.0125032014225], [0.9817171562189574, 53.0125028006557], [0.9818867818109296, 53.012498098654746], [0.9819991716342666, 53.01256321437755], [0.9820564074029017, 53.01254769234395], [0.9822260329948739, 53.01253877835002], [0.9823391167228553, 53.0125688504037], [0.9825087423148274, 53.01260936644177], [0.9826783679067996, 53.01259990268459], [0.9828274459156062, 53.01261975624154], [0.9829610772267532, 53.01264805531014], [0.9831307028187254, 53.01263341395372], [0.9833003284106976, 53.01262038384198], [0.9833568702746882, 53.012551857365466], [0.9834699540026697, 53.012483561723286], [0.9836395795946419, 53.012470054140834], [0.9838092051866141, 53.01247800884315], [0.9839788307785862, 53.01249055901315], [0.9840919145065676, 53.01251263373623], [0.9842131590363102, 53.01256321437755], [0.9843746238265212, 53.012606622556085], [0.9844877075545027, 53.012635120691954], [0.9846573331464749, 53.01266991773281], [0.9847704168744563, 53.012679686995796], [0.9848835006024377, 53.01265722244059], [0.9849965843304191, 53.012615270229816], [0.9851096680584006, 53.01255190490256], [0.9852699930974029, 53.01256321437755], [0.9853923773783542, 53.012599851010386], [0.9855054611063356, 53.01263531447201], [0.9856750866983078, 53.01265414411771], [0.9858264087970827, 53.01267629810553], [0.9859577960182614, 53.01269358659717], [0.9860708797462429, 53.01266210236324], [0.9862378233755557, 53.01261975624154], [0.9862970472022057, 53.01262337816373], [0.9864666727941779, 53.01264133240808], [0.9865797565221593, 53.012691798419134], [0.9866928402501407, 53.01273360533936], [0.9868059239781222, 53.01271449699366], [0.9869190077061036, 53.0126733271745], [0.9870886332980758, 53.01267397961012], [0.9872017170260572, 53.012685320269554], [0.9873713426180294, 53.0127169337466], [0.9874844263460109, 53.0127444836762], [0.9876540519379831, 53.01277827511337], [0.9877671356659644, 53.012816908810244], [0.9879031793253403, 53.012845923697505], [0.9880498449859181, 53.01289621001703], [0.9881629287138995, 53.012957755242155], [0.9882760124418809, 53.01300375063953], [0.9883844079806402, 53.01307209115347], [0.9884686855267162, 53.01312863301746], [0.9886152636258252, 53.01315969776633], [0.9887848892177974, 53.01315735132357], [0.9888979729457789, 53.01312600408311], [0.9890675985377511, 53.013085468877954], [0.9892054784843122, 53.01307209115347], [0.9892937659937139, 53.012967091311765], [0.9893994745031826, 53.01301554928948], [0.9894633915856861, 53.012956797546934], [0.9895199334496768, 53.01304364746928], [0.9895764753136675, 53.01295586083971], [0.9896727467842289, 53.01301554928948], [0.9897461009056396, 53.01308466107453], [0.9898309102606652, 53.01318517488145], [0.9899157264976118, 53.013276466648364], [0.9899870024233931, 53.01335480047342], [0.989945734395669, 53.013467884201404], [0.9899157264976118, 53.01352677559405], [0.990085352089584, 53.01355458778098], [0.9901984358175654, 53.01358362886639], [0.9903680614095376, 53.01361109729084], [0.9905376870015097, 53.013596230563834], [0.9906507707294911, 53.013580589942016], [0.9908203963214633, 53.01355698981702], [0.9909900219134355, 53.013551144644175], [0.9911596475054076, 53.01356646722246], [0.9912887008206626, 53.013580967929386], [0.9914423568253613, 53.013606317451504], [0.9915820745557161, 53.01363750979338], [0.9917250661453149, 53.01364708096758], [0.9918946917372871, 53.01364971111154], [0.9920643173292591, 53.013667038011505], [0.9922339429212313, 53.013684143117445], [0.9923470266492128, 53.01369547226327], [0.9924601103771942, 53.01369251962868], [0.9925731941051756, 53.01370934469213], [0.9927428196971478, 53.01373970967944], [0.9928559034251293, 53.013758093275875], [0.9930255290171014, 53.01379345377697], [0.9931386127450829, 53.01381908600828], [0.9933082383370551, 53.01383079494991], [0.9934778639290271, 53.013844021685294], [0.9935909476570086, 53.01387039525469], [0.9937040313849901, 53.013829532613975], [0.9938171151129715, 53.013798504439386], [0.9939867407049436, 53.0137898153564], [0.9941563662969158, 53.013751698551744], [0.9942694500248973, 53.013747060044665], [0.9944390756168694, 53.013722841734854], [0.9945521593448509, 53.013691039444026], [0.9946652430728323, 53.013705424965934], [0.9948348686648045, 53.01374197652986], [0.9950044942567766, 53.01373481257145], [0.9951741198487488, 53.013722432778714], [0.9952872035767303, 53.013691395862914], [0.9954568291687024, 53.01367424484858], [0.9956264547606746, 53.01365053440925], [0.995739538488656, 53.01360337520764], [0.9959091640806281, 53.013632669826194], [0.9960222478086096, 53.01366609448269], [0.9961552725039419, 53.01369405165737], [0.9963049571285632, 53.01371987185193], [0.9963049571285632, 53.01363205141252], [0.9961918734005818, 53.0135610889668], [0.9961353315365911, 53.013470455293614], [0.9961918734005818, 53.01339967716582], [0.9963049571285632, 53.01341146342434], [0.9964180408565446, 53.01348138760928], [0.9965311245845261, 53.01353970164903], [0.9966600060230004, 53.013580967929386], [0.9968138339044796, 53.013606227147314], [0.9969834594964518, 53.01359980403205], [0.9971045922011521, 53.013580967929386], [0.9972219153637651, 53.013524426065395], [0.9972140264152723, 53.01335480047342], [0.9971569457719351, 53.01324171674544], [0.9970965432244333, 53.01313208829511], [0.9971227387436935, 53.01307209115347], [0.9970763951077362, 53.012959007425486], [0.9970400013604426, 53.012835816982104], [0.9969269176324611, 53.01274831922345], [0.9968138339044796, 53.012709001109364], [0.9967205628048695, 53.01261975624154], [0.9966366294281847, 53.01261975624154], [0.9965893798028703, 53.012789381833514], [0.9965311245845261, 53.01284807329143], [0.9963855848309472, 53.012902465561496], [0.9963220911173235, 53.012845923697505], [0.9962484152645725, 53.01286177346223], [0.9961918734005818, 53.0127824069717], [0.9961184540103003, 53.012789381833514], [0.9960663849479481, 53.01267629810553], [0.9961353315365911, 53.012584685971476], [0.9961241956003863, 53.01250667251356], [0.9960222478086096, 53.0124230762498], [0.9959091640806281, 53.012374377077876], [0.9957993810468687, 53.012280505057596], [0.9956912659946516, 53.012223963193605], [0.9956264547606746, 53.01213810194573], [0.9955404566535343, 53.01205433760164], [0.9954487343438447, 53.01199779573765], [0.9953055098736746, 53.01194125387366], [0.9952028652938861, 53.01194125387366], [0.9951175779847581, 53.011933806962794], [0.9950044942567766, 53.011971764379446], [0.9948348686648045, 53.01196988501515], [0.9946898036727009, 53.01194125387366], [0.9946087012088416, 53.01197265348601], [0.9944390756168694, 53.011955454714936], [0.994325991888888, 53.01193737149974], [0.9941983159174512, 53.01188471200967], [0.9940790008565324, 53.01182817014568], [0.993930198840953, 53.01181078978945], [0.9938254784046969, 53.01188471200967], [0.9937940634552661, 53.01182817014568], [0.9936474895209993, 53.0118262575966], [0.9935909476570086, 53.01186990232186], [0.9936474895209993, 53.01191214829305], [0.9935608733470943, 53.01194125387366], [0.9934958377250869, 53.01199779573765], [0.9933647802010458, 53.01202175307326], [0.9932519489175974, 53.01194125387366], [0.9931951546090736, 53.011989776445695], [0.9930937727622405, 53.01188471200967], [0.9929689871531107, 53.01184154303502], [0.99291244528912, 53.0117528787149], [0.9927590257871828, 53.011715086417695], [0.9926297359691664, 53.01166923779208], [0.9925166522411849, 53.0116121837035], [0.9924498542982076, 53.01154546082572], [0.9923904011478198, 53.01143237709774], [0.9924156575924284, 53.01131929336976], [0.9923470266492128, 53.01121713585134], [0.9922870933341492, 53.01114966777779], [0.9922247774489237, 53.011036584049805], [0.9921660134790297, 53.01092350032182], [0.9920891491427822, 53.01081041659384], [0.9920643173292591, 53.010687648243966], [0.9919958222759951, 53.01058424913788], [0.9920643173292591, 53.01051089116132], [0.9921312230921675, 53.010414623545905], [0.9922339429212313, 53.01030984049697], [0.9923253800990852, 53.01024499795393], [0.9922339429212313, 53.01015957080099], [0.9922340083832173, 53.01007537236196], [0.9921774010572406, 53.00997935994615], [0.992201076765358, 53.00990574676999], [0.9922754776222134, 53.009792663042006], [0.9923627971076889, 53.009736121178015], [0.9924601103771942, 53.00974297913084], [0.9926157869134627, 53.009736121178015], [0.9925372466266951, 53.009623037450034], [0.9924601103771942, 53.00967849669094], [0.9923640928989912, 53.00956649558604], [0.9922904847852221, 53.00960812068231], [0.9922339429212313, 53.00945947558407], [0.9922734904269048, 53.00939686999407], [0.9923470266492128, 53.00932034927292], [0.9924035685132035, 53.00928279174259], [0.9922764854126822, 53.0092272444021], [0.9921804006534096, 53.00917070253811], [0.9921208591932499, 53.0091687318844], [0.9920411912768892, 53.00917070253811], [0.9919652763959511, 53.009057618810125], [0.9919172377813102, 53.00894453508215], [0.9918381498732963, 53.00886170686113], [0.9917511547597527, 53.00883145135417], [0.9917250661453149, 53.00882420397346], [0.9917250661453149, 53.00870873548156], [0.9915554405533427, 53.00867187143082], [0.9914662429289529, 53.008661825762196], [0.9913858149613706, 53.00863620561619], [0.9913414757147165, 53.008492200170224], [0.9913858149613706, 53.008395832522645], [0.9913891010928989, 53.00837911644224], [0.991498898689352, 53.008344652121636], [0.9916685242813241, 53.008354916758904], [0.9917816080093056, 53.008296938256294], [0.9918946917372871, 53.008227998452845], [0.9919904804455699, 53.00820949085027], [0.9920643173292591, 53.00815498712608], [0.9922339429212313, 53.00818602195075], [0.9923470266492128, 53.00821469577225], [0.9924953436178606, 53.00826603271426], [0.9926117007592408, 53.00832257457825], [0.9926862778331571, 53.008279717111336], [0.9927781746760891, 53.00837911644224], [0.9928559034251293, 53.008356321870814], [0.9929517083442526, 53.00843565830623], [0.9930255290171014, 53.00841414395318], [0.9931386127450829, 53.00846204812695], [0.9931003685809763, 53.008548742034215], [0.9930255290171014, 53.00854684918367], [0.9930255290171014, 53.0086160290206], [0.9931480696830617, 53.008661825762196], [0.9931951546090736, 53.00876741091125], [0.9931079297401992, 53.00883145135417], [0.9931951546090736, 53.00877902479288], [0.9931821814982672, 53.00888799321816], [0.9932696457053631, 53.00894453508215], [0.9932230764948896, 53.009057618810125], [0.9931184252555493, 53.009114160674116], [0.9930236864282267, 53.00917070253811], [0.9928731372755378, 53.0092272444021], [0.9930255290171014, 53.00927347969251], [0.9931386127450829, 53.00930091256545], [0.9932516964730643, 53.00926654839183], [0.9933647802010458, 53.009296591802155], [0.9934557778198618, 53.00939686999407], [0.9935227109552813, 53.00950995372205], [0.9935583808979466, 53.00945341185806], [0.9936474895209993, 53.00949573551624], [0.9937040313849901, 53.00953419906284], [0.9936474895209993, 53.009574688732265], [0.9937441003384518, 53.009679579314025], [0.9938736569769622, 53.0096822084462], [0.9940384847807351, 53.009679579314025], [0.9940998244329251, 53.0096159675116], [0.9942694500248973, 53.00961152195843], [0.9944390756168694, 53.00960360350511], [0.9945521593448509, 53.00954454301594], [0.9947217849368231, 53.009538353794206], [0.9948914105287952, 53.00953613768309], [0.9949793291786819, 53.00950995372205], [0.9950117474005863, 53.00956649558604], [0.9951175779847581, 53.0094879363467], [0.9952872035767303, 53.0095028722057], [0.9954568291687024, 53.00948464671682], [0.9955699128966838, 53.00943743954697], [0.995739538488656, 53.009407423147415], [0.9958781054483423, 53.00939686999407], [0.9959657059446189, 53.009405180817616], [0.9960787896726003, 53.00936154769568], [0.9961918734005818, 53.00930134394846], [0.9963614989925539, 53.009313608935734], [0.9964745827205354, 53.0092623798914], [0.9966135057219718, 53.0092272444021], [0.9967347938491022, 53.0092272444021], [0.9968138339044796, 53.0091921657136], [0.9969834594964518, 53.00919845527314], [0.997153085088424, 53.009196150237734], [0.9973227106803961, 53.00920683357324], [0.9974923362723683, 53.00921657391057], [0.9976619618643405, 53.00920385650836], [0.9978036042298901, 53.00917070253811], [0.9979446711842941, 53.009132633681865], [0.9980938669371543, 53.009114160674116], [0.9982273805042476, 53.00909291387486], [0.9983970060962198, 53.00908714628795], [0.998566631688192, 53.009075979633174], [0.9986797154161735, 53.00901756128693], [0.9987927991441549, 53.008950453695704], [0.9989058828721363, 53.008923813566504], [0.9990755084641085, 53.008914032949065], [0.9991593146173618, 53.00888799321816], [0.9993016759200714, 53.00890606427828], [0.9994147596480528, 53.008867353548005], [0.9994894650200467, 53.00883145135417], [0.9995975876156574, 53.00883145135417], [0.9996974689680064, 53.00875799368849], [0.99975641092726, 53.00877490949018], [0.9998691826422444, 53.00871836762619], [1.0000367201519507, 53.008672117634866], [1.000206345743923, 53.00867448982947], [1.0003032512648298, 53.008661825762196], [1.000375971335895, 53.00862714974441], [1.0004890550638765, 53.00859200501545], [1.0006586806558486, 53.00856638161198], [1.00077176438383, 53.00854350072056], [1.0008461229304446, 53.008548742034215], [1.000997931839793, 53.008539303945895], [1.0011110155677745, 53.008577560894295], [1.001224099295756, 53.00864845799676], [1.001393724887728, 53.008614566715096], [1.00144499716116, 53.008492200170224], [1.0015221990997163, 53.00843565830623], [1.0016764342076816, 53.00841048688055], [1.0018235137474867, 53.00837911644224], [1.0019591435276352, 53.008350238968994], [1.0020880351120702, 53.00832257457825], [1.002241382682097, 53.00826603271426], [1.0023549365755702, 53.00823765826907], [1.0025245621675425, 53.00821132490813], [1.0025029678897224, 53.00815294898628], [1.002465137378067, 53.0080398652583], [1.0025245621675425, 53.00806069445042], [1.002637645895524, 53.00800943930092], [1.0027507296235054, 53.00797025613707], [1.0028895359208687, 53.007926781530315], [1.003033438943459, 53.007922239312705], [1.0031465226714404, 53.00786886180344], [1.003203064535431, 53.00792945215895], [1.0032680675213415, 53.0080398652583], [1.0032596063994217, 53.0081121532435], [1.0033489007131655, 53.0080398652583], [1.0034640132260721, 53.007983323394306], [1.003429231991394, 53.007923127309], [1.0035569952512569, 53.007926781530315], [1.0035058600334186, 53.0080398652583], [1.0035989942866392, 53.00809640712229], [1.0037684831753382, 53.00810520197498], [1.0039381087673105, 53.00810957069137], [1.0041077343592826, 53.00811215574469], [1.0042773599512547, 53.00812370153169], [1.004446985543227, 53.00812322016242], [1.004616611135199, 53.008145544844666], [1.0047296948631805, 53.008193429273206], [1.0048413893636434, 53.00826603271426], [1.0049055422227433, 53.00832257457825], [1.005012404183134, 53.00831915426685], [1.0050459751685725, 53.00843565830623], [1.0051715927666505, 53.008492200170224], [1.0052951135030876, 53.008514068705175], [1.00546473909506, 53.008544092813096], [1.0055778228230414, 53.008550410346906], [1.0057474484150135, 53.00858164919145], [1.0058861236744425, 53.008605283898206], [1.0057474484150135, 53.008622961511676], [1.0056909065510227, 53.00866272450238], [1.005860532142995, 53.00868680621369], [1.0059740318294639, 53.00871836762619], [1.0060866995989577, 53.008670535246225], [1.00625632519093, 53.00868205245084], [1.0063694089189115, 53.00874039890813], [1.0065390345108836, 53.00875899211206], [1.0066708411930694, 53.00877490949018], [1.0067652019668465, 53.00875808735329], [1.0068821455311525, 53.00877490949018], [1.0070479112868, 53.00880638629897], [1.0071609950147815, 53.00883840853579], [1.0072935123931703, 53.00888799321816], [1.007443704334735, 53.00891027456599], [1.0075567880627165, 53.00886345690341], [1.007635509537555, 53.00877490949018], [1.0077264136546886, 53.00869840432301], [1.0078009537665245, 53.008605283898206], [1.0078833744903088, 53.008492200170224], [1.0079525811106516, 53.00841312654311], [1.0080396315867957, 53.00832257457825], [1.0081787485666145, 53.00827516600193], [1.0082333885354597, 53.00815294898628], [1.008291832294596, 53.008095935559304], [1.0084049160225774, 53.00800342088473], [1.008469948111919, 53.007926781530315], [1.0085745416145495, 53.00786094229767], [1.008687625342531, 53.00779138578831], [1.0088050515521547, 53.00775715593834], [1.0088559596627222, 53.00758753034637], [1.008913792798494, 53.007604484832], [1.0089703346624845, 53.007474831788784], [1.0090346986839769, 53.0074179047544], [1.0091161272558131, 53.007304821026416], [1.0092214362651593, 53.007248279162425], [1.0093661277104196, 53.00720530542724], [1.0094226695744104, 53.007130567753656], [1.0095357533023916, 53.00705094205678], [1.0096488370303731, 53.00698837744668], [1.009705378894364, 53.0069058620048], [1.0098045280579482, 53.00690902797848], [1.009762716400879, 53.00673940238651], [1.0098184626223454, 53.0065804593369], [1.0099315463503267, 53.00655563331387], [1.0100228816096828, 53.006513234930544], [1.010101171942299, 53.00649627509118], [1.010181419755672, 53.00645669306655], [1.010270797534271, 53.00642684125829], [1.0103838812622525, 53.00636927554465], [1.0104421894029543, 53.00634360933857], [1.010498735481456, 53.00640015120256], [1.010666590582206, 53.00634615405597], [1.0108362161741784, 53.00636051000767], [1.0109492999021596, 53.00631489853759], [1.0110865591350082, 53.00628706747458], [1.0112320092221134, 53.00623564900829], [1.011288551086104, 53.006165181160036], [1.0113450929500947, 53.00625011846952], [1.0114581766780761, 53.00620360844127], [1.0116278022700484, 53.00618695111574], [1.01174088599803, 53.00614932595828], [1.0118661912268712, 53.00611744188261], [1.0119670534539926, 53.0060567118687], [1.012136679045965, 53.00603103211567], [1.0122497627739464, 53.00596541439967], [1.0123572930606493, 53.005947816290636], [1.0123910781687397, 53.005891274426645], [1.0125324720939, 53.00586160628785], [1.0126455558218814, 53.005779506091976], [1.0127586395498627, 53.005761766560575], [1.0128717232778444, 53.0057027825225], [1.0129848070058256, 53.00566456744468], [1.013051768079886, 53.00566510697069], [1.013154432597798, 53.005595647318515], [1.0132891582183936, 53.00555202324271], [1.0133806000537606, 53.00546999513378], [1.013493683781742, 53.00539907173566], [1.0136067675097236, 53.00534999632349], [1.013719851237705, 53.00531535576975], [1.0138329349656865, 53.005262866854956], [1.013946018693668, 53.00518402876629], [1.014087574535865, 53.00515623019477], [1.0142287280136215, 53.00512420637142], [1.014341811741603, 53.00508165261341], [1.0144735710831823, 53.00504314646679], [1.0146245210615565, 53.004994117696256], [1.014737604789538, 53.00495638176066], [1.0148688932843346, 53.00493006273881], [1.0150203141094916, 53.00490807939978], [1.015133397837473, 53.00487150961554], [1.0153030234294451, 53.0048565992706], [1.0154289409037198, 53.004816979010826], [1.0155517973436514, 53.004760437146835], [1.0156422746133895, 53.00478220725302], [1.015755358341371, 53.00475289419677], [1.0158739278580802, 53.004703895282844], [1.0160380676613245, 53.00465069442733], [1.016151151389306, 53.00462704792548], [1.0162642351172875, 53.00465057796787], [1.016320776981278, 53.004558503433046], [1.0164745757538067, 53.00453426969087], [1.016546944437241, 53.00457340812944], [1.0166247962205777, 53.00453426969087], [1.016724068730556, 53.00453426969087], [1.0168861956211854, 53.004485404844374], [1.0169791770209942, 53.00447772782688], [1.0170558212131575, 53.004438922482834], [1.0172254468051296, 53.00442517845864], [1.0172819886691205, 53.00435717611965], [1.0173856529681273, 53.0043646440989], [1.0174516142610925, 53.00438701842862], [1.017562297364754, 53.00430810223491], [1.0176212398530646, 53.00433167732079], [1.017734323581046, 53.004286460915665], [1.0179039491730184, 53.004262763831804], [1.0180170329009999, 53.00423307118139], [1.018186658492972, 53.004214066895905], [1.0182997422209534, 53.00416791206559], [1.018412825948935, 53.004119131843396], [1.0185259096769164, 53.00407278109802], [1.0186591511439098, 53.004025392914954], [1.01880861899687, 53.003974612818865], [1.0189217027248514, 53.00394675660956], [1.0190347864528326, 53.003975997280946], [1.019147870180814, 53.00392561096919], [1.0192335754958386, 53.00385576732298], [1.0193724028841384, 53.00379922545899], [1.0194305795007679, 53.003807494190745], [1.0194740753608915, 53.00368614173101], [1.0195907783596974, 53.00362959986702], [1.0196567469567306, 53.0036664933591], [1.0197132888207214, 53.00354670372755], [1.0197771423296151, 53.00351651613904], [1.0198865582255805, 53.00351651613904], [1.019995998140675, 53.003430945644375], [1.0200747625853641, 53.003403432411055], [1.0201125871735337, 53.003459974275046], [1.020222165596638, 53.00335564468155], [1.0202069190869956, 53.00329034868307], [1.0202787074606285, 53.00333472432097], [1.02039179118861, 53.0032408543535], [1.0205048749165915, 53.00322859345271], [1.020617958644573, 53.003174512566495], [1.0207310423725544, 53.00319776544779], [1.020825863963381, 53.00317726495509], [1.020847903377206, 53.00323380681908], [1.0209572098285173, 53.00315384409259], [1.0211161856150472, 53.0031207230911], [1.02118337728448, 53.00313363107105], [1.0212964610124615, 53.00309058667205], [1.021409544740443, 53.00305855003784], [1.0215226284684245, 53.00299250887404], [1.021635712196406, 53.00295102564291], [1.0217487959243874, 53.002890134188085], [1.0218147545159406, 53.002781471907156], [1.021805337788378, 53.002718612636265], [1.0219006752065098, 53.002724930043165], [1.0219957686829215, 53.002668388179174], [1.0220771213275808, 53.00255530445119], [1.022201130836313, 53.002525967281194], [1.0223142145642945, 53.00245916767642], [1.0223903828530605, 53.00238567885923], [1.0225403820202574, 53.00233131977294], [1.0226411773541217, 53.002272595131245], [1.0227100076122295, 53.002161573834464], [1.0227665494762204, 53.00210163368736], [1.0228547071251932, 53.00210296953927], [1.0229361750681925, 53.00203118432364], [1.023049258796174, 53.0019476769657], [1.0231623425241554, 53.001906974356295], [1.0232754262521369, 53.00184374251859], [1.0233450976117136, 53.00187680208331], [1.023445051844109, 53.001815591875506], [1.023614677436081, 53.0017913913266], [1.0237277611640625, 53.00186559757565], [1.023817973128726, 53.0019333439473], [1.0238606198717655, 53.00198988581129], [1.0239615054132194, 53.0019333439473], [1.024067012348007, 53.00186627899571], [1.0241800960759884, 53.0017978955515], [1.024259964912626, 53.00182026021932], [1.024379001628732, 53.00176371835533], [1.024462805395942, 53.001787506610036], [1.0245193472599325, 53.00166926336362], [1.024632430987914, 53.00160996390236], [1.0247581175782572, 53.001594092763355], [1.0248917948079619, 53.001537550899364], [1.0249716821718584, 53.00154121961542], [1.0250847658998399, 53.001524036901166], [1.0251978496278213, 53.00147571826392], [1.0253451750006903, 53.00142446717138], [1.025424017083784, 53.00143660936794], [1.025480558947775, 53.001351914892254], [1.0255936426757564, 53.00141651121341], [1.0257333902353112, 53.00136792530739], [1.0257632682677285, 53.00125281593433], [1.025819810131719, 53.0013389426039], [1.0259894357236914, 53.001367303864534], [1.0261341230394294, 53.00136792530739], [1.0262156031796543, 53.00136139147684], [1.0263286869076356, 53.001375743438885], [1.0264882950641736, 53.00142446717138], [1.0265294421815616, 53.00136792530739], [1.0266113962275893, 53.00138563995726], [1.026680157059958, 53.00142446717138], [1.026837563683552, 53.00140997959193], [1.0269002669600131, 53.00136792530739], [1.0270071892755244, 53.00136504206334], [1.0271536099533445, 53.00136792530739], [1.027190786815452, 53.0013113834434], [1.0271768148674965, 53.001247993032635], [1.0272863542644641, 53.00114175785143], [1.027289898595478, 53.001063916633385], [1.027289898595478, 53.000953133464094], [1.0273464404594685, 53.00080770698621], [1.0274029823234594, 53.0007367053855], [1.0275726079154315, 53.00072074825476], [1.0276291497794223, 53.00060265144026], [1.0277422335074036, 53.000532137823626], [1.0279118590993759, 53.000574650163365], [1.0279847588435527, 53.00063288107551], [1.028081484691348, 53.00070685231401], [1.0281461032344765, 53.00074596480349], [1.0281345966889976, 53.00063288107551], [1.0281945684193294, 53.00068279884513], [1.028307652147311, 53.00072635878886], [1.0284551909459747, 53.00074596480349], [1.0285338196032738, 53.000708459484166], [1.0286014373859032, 53.00080250666748], [1.0285720822179039, 53.000915590395465], [1.0285903614672645, 53.00103326845728], [1.0285903614672645, 53.00114428565225], [1.0285317257006341, 53.00114175785143], [1.0285005126747988, 53.0013113834434], [1.0284453143077057, 53.00142446717138], [1.0283861504235432, 53.00148100903537], [1.028323972514543, 53.001537550899364], [1.02825111028332, 53.00153669991025], [1.0281945684193294, 53.001595676508344], [1.0281380265553386, 53.00168037743055], [1.028220628391543, 53.00170717649134], [1.028307652147311, 53.00174407445708], [1.0283687933815073, 53.00176371835533], [1.028477277739283, 53.001661647248355], [1.028548483686159, 53.00170717649134], [1.0286469033312553, 53.0016493537773], [1.0287423409033718, 53.001650634627346], [1.028873070787218, 53.001632100760006], [1.0290117354852852, 53.001594092763355], [1.0291557801071716, 53.00156369701653], [1.0293254056991439, 53.00154730893793], [1.0293719687921759, 53.00142446717138], [1.029476033203895, 53.00136792530739], [1.0295902391294072, 53.0013113834434], [1.029664656883088, 53.00131286062676], [1.0297777406110695, 53.00129266375607], [1.029890824339051, 53.00120509537818], [1.0300024367174119, 53.00114175785143], [1.0300604499310233, 53.00114192861634], [1.0301660847032712, 53.00108521598744], [1.030286617386986, 53.001060627443074], [1.0303997011149675, 53.00098037035283], [1.0305023613020194, 53.000915590395465], [1.0306258685709304, 53.000870744631], [1.0307389522989119, 53.00082917253935], [1.0308520360268933, 53.00078433232682], [1.0309651197548746, 53.00074406627373], [1.0310921959843746, 53.0006894229395], [1.0312109791296027, 53.00063288107551], [1.0312530816823713, 53.00057633921152], [1.0313493392711646, 53.00063288107551], [1.0313609128028098, 53.00051133713894], [1.0314739965307913, 53.00053468513577], [1.0315719999595312, 53.00051979734753], [1.0316341812641474, 53.00046325548354], [1.031700163986754, 53.00048001354748], [1.0318097573556737, 53.00046325548354], [1.0318469114452593, 53.00040671361955], [1.031926331442717, 53.000337424467624], [1.0320394151706984, 53.00035944606757], [1.032095957034689, 53.00028534101235], [1.0322090407626705, 53.000231386308556], [1.032322124490652, 53.00016599902827], [1.0323913594822451, 53.000180546163584], [1.032543994104843, 53.00012400429959], [1.0326048338106055, 53.00015076451592], [1.032717917538587, 53.00009053942042], [1.0328310012665685, 53.00005567943154], [1.0329627454392378, 53.0000674624356], [1.033113710586522, 53.00007722578245], [1.0332699317679583, 53.0000674624356], [1.0333964199064756, 53.00001168751865], [1.0335660454984479, 53.0000431721343], [1.0337185516817473, 53.00001092057161], [1.0338244538366024, 53.00001092057161], [1.0339052966823923, 52.9999805444151], [1.0339874812248966, 53.00001092057161], [1.034131464138355, 52.99997083833876], [1.0343010897303273, 52.999963800278394], [1.0344707153222994, 53.0000101931222], [1.0345837990502809, 53.000056589237744], [1.0346968827782623, 53.000111400607764], [1.034753424642253, 53.00019800508195], [1.0348657201222848, 53.000293629891566], [1.0348815402472717, 53.00040671361955], [1.0349050268560853, 53.00057633921152], [1.0349428570394388, 53.0006894229395], [1.0349245324821892, 53.000859048531474], [1.0349795920982159, 53.000993284477836], [1.0350734841760723, 53.00102867412345], [1.035149217690188, 53.00095492488048], [1.0352623014181694, 53.00097830480264], [1.035375385146151, 53.000944987252964], [1.0354427576904008, 53.000972132259456], [1.0356015526021138, 53.00095905869065], [1.0356865279588479, 53.000915590395465], [1.0358198757803017, 53.000915590395465], [1.035940803786058, 53.00091080922742], [1.0361104293780303, 53.00088415245892], [1.0362235131060116, 53.00084799798004], [1.0363524159325643, 53.00080250666748], [1.0364486386010794, 53.0006894229395], [1.0365062224259654, 53.000591119791046], [1.0364496805619745, 53.000532385199705], [1.0364587627065036, 53.00046325548354], [1.0366193061539468, 53.00045244341028], [1.0367281400662411, 53.00051979734753], [1.0368454736099095, 53.00054213058683], [1.0370150992018818, 53.00056121453187], [1.037184724793854, 53.000567729489966], [1.037300241142844, 53.00057633921152], [1.0374108922498169, 53.000683217238624], [1.0375027023229046, 53.00074596480349], [1.0375290412639093, 53.00080250666748], [1.037590660064306, 53.000859048531474], [1.0375442332386746, 53.000972132259456], [1.0374674341138075, 53.00103843932241], [1.0374238551054922, 53.00119829971542], [1.037580517841789, 53.00121797036479], [1.0376980451416917, 53.00119829971542], [1.0378632271617425, 53.00116669400395], [1.037976310889724, 53.001121055908285], [1.0381459364816963, 53.001097356767254], [1.0382423930367688, 53.00108521598744], [1.038372103937659, 53.00109637612436], [1.0385209437354075, 53.00114175785143], [1.0386548132576126, 53.001172807901916], [1.0388244388495849, 53.001158610374944], [1.03897558278484, 53.00114175785143], [1.0390506063055478, 53.0011569963029], [1.0391636900335293, 53.00114133899235], [1.0392487161918063, 53.00114175785143], [1.039389857489492, 53.00112226074824], [1.0395594830814643, 53.00110841838188], [1.0396725668094455, 53.001078192008684], [1.0398138079589634, 53.00102867412345], [1.0398987342654085, 53.00104265750878], [1.0400001447475082, 53.000972132259456], [1.0401249017213714, 53.000925729289975], [1.0402379854493529, 53.00089438532343], [1.0402945273133435, 53.00080670746467], [1.040301801909869, 53.00080250666748], [1.040423936788476, 53.00080250666748], [1.0405206947693064, 53.000716054651456], [1.0405890760093959, 53.00074596480349], [1.0406903203612785, 53.00066498289097], [1.04080340408926, 53.00061544528043], [1.0409164878172414, 53.00055895293707], [1.0409860805819569, 53.00057633921152], [1.041111197306973, 53.00051979734753], [1.0412420770963267, 53.00051979734753], [1.0412918323277771, 53.00046325548354], [1.0414175685326654, 53.00040671361955], [1.041530981289107, 53.00040671361955], [1.0415949901851302, 53.0003768190557], [1.0417080739131115, 53.0003302602457], [1.0418776995050838, 53.00031324579754], [1.0419907832330653, 53.00029038820485], [1.0421038669610465, 53.00030036450084], [1.042216950689028, 53.00027487463776], [1.0423300344170094, 53.00023056619693], [1.0424589271254514, 53.000237088027575], [1.0425562018729724, 53.00021056580689], [1.0426692856009538, 53.000152428998405], [1.0427986338852329, 53.00012400429959], [1.0429152685500191, 53.00012400429959], [1.0430085367848982, 53.000120021517766], [1.0431216205128795, 53.000142034239445], [1.0431880830751037, 53.00012400429959], [1.0432943134543216, 53.00012400429959], [1.0432912461048518, 53.00006535308541], [1.0434043298328333, 53.000078233829406], [1.0434608716968239, 52.999990625195395], [1.0435739554248054, 53.00002287429779], [1.0436870391527868, 53.00000308523365], [1.0437463937210525, 52.99995437870762]]}}, {"type": "Feature", "properties": {"depth": -15.0}, "geometry": {"type": "LineString", "coordinates": [[1.072981499349415, 53.02064870092823], [1.0729757246999798, 53.02081421266566], [1.0729195208425137, 53.02093141024818], [1.072844447387386, 53.02098795211217], [1.0729191828359892, 53.02105055320347], [1.0730108756704926, 53.02104449397616], [1.073028242449883, 53.021214119568135], [1.0730955409340968, 53.021270661432126], [1.0731809884496608, 53.02138374516011], [1.0732584340199334, 53.02145159214866], [1.0732584340199334, 53.021560395247526], [1.0731240125643753, 53.02160991261607], [1.0729757246999798, 53.02166405532443], [1.0729249564194396, 53.021779538208044], [1.0730322665639707, 53.02176564214224], [1.073134697943972, 53.021779538208044], [1.0732018921559427, 53.02171351441698], [1.0732584340199334, 53.021815147718534], [1.0733149758839242, 53.02183792277429], [1.0731996792916854, 53.021892621936026], [1.0732232067828973, 53.022005705664], [1.0731503783598588, 53.02211878939198], [1.0730888084279613, 53.02207637254831], [1.0730159839162843, 53.02206224752799], [1.072927205471782, 53.02211878939198], [1.0728626409719983, 53.022174022451864], [1.0727495572440169, 53.02221048127715], [1.0725847469424632, 53.02223187311996], [1.0725233897880542, 53.022222226477034], [1.0724258810957432, 53.02223187311996], [1.0723504104670603, 53.02217533125597], [1.0723249662236713, 53.022005705664], [1.0721886508152803, 53.02194916380001], [1.072147414074519, 53.021836080072035], [1.0720710548761283, 53.021728913298546], [1.0720710548761283, 53.02163592527355], [1.0720601626320445, 53.02155337075208], [1.0721275967401191, 53.02144727241334], [1.0721841386041098, 53.02135151268952], [1.0722682681818203, 53.021270661432126], [1.0722973085931653, 53.021157577704145], [1.0723380637760525, 53.02098795211217], [1.0724103060600727, 53.0209052464664], [1.0725233897880542, 53.020834646634306], [1.0726313291368865, 53.02076178465621], [1.0727495572440169, 53.020731988656195], [1.0728613531129025, 53.02064870092823], [1.0729757246999798, 53.02064416792074]]}}, {"type": "Feature", "properties": {"depth": -15.0}, "geometry": {"type": "LineString", "coordinates": [[0.9138669194300931, 53.022048842920746], [0.9137801215851802, 53.02211878939198], [0.9138669194300931, 53.02218198078246], [0.913880385573122, 53.02206224752799]]}}, {"type": "Feature", "properties": {"depth": -15.0}, "geometry": {"type": "LineString", "coordinates": [[0.9464554139206147, 53.022005705664], [0.9463784912247573, 53.02206457439016], [0.9463134106500478, 53.022005705664], [0.946435033088748, 53.021985583330526]]}}, {"type": "Feature", "properties": {"depth": -15.0}, "geometry": {"type": "LineString", "coordinates": [[1.0589822056372413, 53.02149682888809], [1.0589533424302813, 53.02162439891059], [1.0588402587022998, 53.021685150643485], [1.0587271749743183, 53.021743785492895], [1.0586140912463369, 53.02179861762366], [1.058473042287419, 53.021836080072035], [1.058387923790374, 53.02189886055981], [1.0582748400623925, 53.02195029216375], [1.0582709710623939, 53.021836080072035], [1.0582182981984019, 53.02167620836683], [1.0581838869575362, 53.021836080072035], [1.058131734465744, 53.021892621936026], [1.058092258555941, 53.02194916380001], [1.0579801661737995, 53.02194916380001], [1.057992130742439, 53.021834287924584], [1.058063673266413, 53.021779538208044], [1.058140146078251, 53.02172299634405], [1.0581617563344112, 53.02161359961441], [1.0582182981984019, 53.02157607579266], [1.0582748400623925, 53.021483521054954], [1.0583313819263833, 53.021563305675784], [1.0584444656543648, 53.02152756793522], [1.0585575493823463, 53.021605343727984], [1.0587095668035116, 53.02155337075208], [1.0588198580042603, 53.02149682888809], [1.0589533424302813, 53.021471648243256]]}}, {"type": "Feature", "properties": {"depth": -15.0}, "geometry": {"type": "LineString", "coordinates": [[1.0590126702004858, 53.021779538208044], [1.059009884294272, 53.02192000053679], [1.0589485302804564, 53.02194916380001], [1.0588402587022998, 53.021868534469796], [1.0588968005662904, 53.02182023415897], [1.0589916079065682, 53.021836080072035], [1.0590126702004858, 53.021779538208044]]}}, {"type": "Feature", "properties": {"depth": -15.0}, "geometry": {"type": "LineString", "coordinates": [[0.9323145078416474, 53.01997019856034], [0.9324691926830401, 53.02001469873084], [0.9326012236879884, 53.02002674042433], [0.9326429360309467, 53.02013982415231], [0.9327765829240795, 53.0201963660163], [0.9328160030945903, 53.02030944974428], [0.9326995823276939, 53.02036599160827], [0.9328084438669844, 53.020451265646614], [0.9328665071395295, 53.020422533472264], [0.9329780694589566, 53.02042002791611], [0.9330911531869379, 53.02043780097771], [0.9331888145605646, 53.020479075336254], [0.9332042369149194, 53.02053140797259], [0.9331119207868497, 53.020592159064236], [0.9330245123615569, 53.020592159064236], [0.9329780694589566, 53.0204626184024], [0.932938892195101, 53.020592159064236], [0.9328162406183804, 53.020592159064236], [0.9327519020029936, 53.020595369803985], [0.9326388182750122, 53.02053833172402], [0.9325257345470308, 53.020632612592394], [0.9324044423171012, 53.02064870092823], [0.9324126508190493, 53.02071495132719], [0.9322995670910679, 53.02067671698028], [0.9322222632060259, 53.02070524279222], [0.9321637590497645, 53.02076178465621], [0.9321299414990958, 53.02088357644082], [0.9320168577711143, 53.02083005015373], [0.9319603159071236, 53.020738858158396], [0.9319037740431328, 53.020829092424925], [0.9317469827377213, 53.02087486838419], [0.931662128238047, 53.02087486838419], [0.9315645228591886, 53.02077960274013], [0.9314514391312071, 53.02082378938974], [0.9312818135392349, 53.020848780131715], [0.9311441721417736, 53.0208183265202], [0.9311121879472628, 53.02075258672668], [0.9310742207144915, 53.02064870092823], [0.9309425623552906, 53.02062400425564], [0.9308500633284784, 53.020535617200245], [0.93091380127613, 53.020479075336254], [0.9309991042192813, 53.020472305039505], [0.9311121879472628, 53.02048037572077], [0.9311755537836701, 53.020535617200245], [0.9312818135392349, 53.02044274240988], [0.9314514391312071, 53.02045484103823], [0.9315079809951978, 53.02041973282848], [0.9313948972672164, 53.020346134531714], [0.9312832391501128, 53.02036599160827], [0.931258346685865, 53.02030944974428], [0.9311687298112535, 53.02039919905809], [0.9310556460832721, 53.0203098070421], [0.931099413593264, 53.02025290788029], [0.9309624191605099, 53.02025290788029], [0.9309425623552906, 53.020225897767595], [0.9310556460832721, 53.02018780673225], [0.9311687298112535, 53.02022135122333], [0.9312252716752442, 53.02012722329797], [0.9313383554032256, 53.0201716791487], [0.9315079809951978, 53.020155862389224], [0.9316419529740737, 53.02013982415231], [0.9315485894495777, 53.02008328228832], [0.9316776065871699, 53.02007469594444], [0.9317906903151514, 53.02010861109651], [0.9319037740431328, 53.02006858724801], [0.9320168577711143, 53.0201069954743], [0.9321299414990958, 53.020051146170694], [0.9322995670910679, 53.020041834240104], [0.9322430252270771, 53.019991970427505], [0.9322995670910679, 53.01995855201337]]}}, {"type": "Feature", "properties": {"depth": -15.0}, "geometry": {"type": "LineString", "coordinates": [[0.9314514391312071, 53.02075544060556], [0.9312818135392349, 53.02074194204836], [0.9313383554032256, 53.020780225096644], [0.9314670834019323, 53.02076178465621]]}}, {"type": "Feature", "properties": {"depth": -15.0}, "geometry": {"type": "LineString", "coordinates": [[0.9173499351631266, 53.019913656696346], [0.9172796334940961, 53.02002674042433], [0.9173725149975177, 53.020097804530266], [0.9174660296990346, 53.0201963660163], [0.9174290568615084, 53.02025485549896], [0.9173728131230667, 53.02030944974428], [0.917315973133527, 53.02020635792388], [0.9173064511516313, 53.02008328228832], [0.9172028894055456, 53.01998818688529], [0.9172136859977995, 53.019913656696346], [0.9173499351631266, 53.019913656696346]]}}, {"type": "Feature", "properties": {"depth": -15.0}, "geometry": {"type": "LineString", "coordinates": [[0.917628868568845, 53.0201963660163], [0.9175986824534806, 53.02032288142461], [0.9175378752873682, 53.02025290788029], [0.9175986824534806, 53.02016391082228]]}}, {"type": "Feature", "properties": {"depth": -15.0}, "geometry": {"type": "LineString", "coordinates": [[1.0803827088827642, 53.01982083788871], [1.0803261670187734, 53.01994956672136], [1.0802130832907921, 53.01989019717308], [1.0800863015377138, 53.019913656696346], [1.0800999995628107, 53.01999911940208], [1.0799659184803432, 53.02002674042433], [1.079848948755617, 53.02008328228832], [1.0797607483788663, 53.02018611637042], [1.079817290242857, 53.020222619312214], [1.0799303739708384, 53.0201807285744], [1.0800434576988198, 53.02013159792178], [1.0800999995628107, 53.02023086244744], [1.0801565414268013, 53.02011496150086], [1.0802696251547828, 53.02008310005817], [1.0803827088827642, 53.01999203457776], [1.0804929686932319, 53.019913656696346], [1.0803827088827642, 53.01982083788871]]}}, {"type": "Feature", "properties": {"depth": -15.0}, "geometry": {"type": "LineString", "coordinates": [[0.9169217537690553, 53.01997019856034], [0.916817471524376, 53.02002674042433], [0.9168070963576106, 53.02001127459476], [0.916920180085592, 53.01996156010892]]}}, {"type": "Feature", "properties": {"depth": -15.0}, "geometry": {"type": "LineString", "coordinates": [[1.0806654182027178, 53.01974284888401], [1.0805523344747363, 53.01977668884424], [1.0804444822018315, 53.019857114832355], [1.0805212046012294, 53.01997019856034], [1.0806088763387272, 53.0199698942194], [1.080598028766818, 53.019857114832355], [1.0806909298573983, 53.019800572968364]]}}, {"type": "Feature", "properties": {"depth": -15.0}, "geometry": {"type": "LineString", "coordinates": [[0.9207153120252042, 53.01968748924038], [0.9207084849729702, 53.01981123059255], [0.9206475713746154, 53.01974403110437], [0.9205954012449888, 53.019672208548286], [0.920700619471496, 53.01968748924038]]}}, {"type": "Feature", "properties": {"depth": -15.0}, "geometry": {"type": "LineString", "coordinates": [[1.0741654646840955, 53.01968748924038], [1.0741631038437849, 53.01980103912364], [1.0740987804786792, 53.01974403110437], [1.0741631038437849, 53.01968402396937]]}}, {"type": "Feature", "properties": {"depth": -15.0}, "geometry": {"type": "LineString", "coordinates": [[1.079214523721018, 53.01883936128052], [1.0793089899451904, 53.01889590314451], [1.079396290783915, 53.01900898687249], [1.0794780390589127, 53.019099807617025], [1.079475666502669, 53.019178612464465], [1.0793649553309312, 53.019259919564725], [1.0794214971949219, 53.019303999346256], [1.0795734663133225, 53.01929169619245], [1.079652981104911, 53.01929169619245], [1.0796476646508848, 53.0193577170155], [1.0797607483788663, 53.019320960154445], [1.0798573620021845, 53.01929169619245], [1.079786413423887, 53.01940477992043], [1.0797042065148756, 53.019479580328635], [1.0797042065148756, 53.01961665191071], [1.0796970485261537, 53.01963094737639], [1.0795911227868942, 53.01956418089923], [1.0795345809229033, 53.01964432933594], [1.0794214971949219, 53.01972034324216], [1.0793649553309312, 53.01980181770451], [1.0793084134669404, 53.0197169909048], [1.0792180553235622, 53.01974403110437], [1.0791387878749683, 53.01975421931513], [1.0790257041469868, 53.01973165613403], [1.078883759891015, 53.01968748924038], [1.0788445801131012, 53.0195744055124], [1.0787429948270333, 53.01947204963256], [1.0786864529630427, 53.019387322909786], [1.0786299110990518, 53.01931855962469], [1.0786110578533221, 53.019235154328456], [1.0786299110990518, 53.019111854647264], [1.0787429948270333, 53.019014182310414], [1.0787995366910241, 53.018930930611866], [1.0789126204190054, 53.01886935515833], [1.0789916731288725, 53.01883936128052], [1.079095907396356, 53.01889590314451], [1.0791740470733902, 53.01883936128052]]}}, {"type": "Feature", "properties": {"depth": -15.0}, "geometry": {"type": "LineString", "coordinates": [[0.9195643624588387, 53.01946132178442], [0.9196341895571466, 53.01956182786871], [0.9196907314211373, 53.01963674297102], [0.9196549426523889, 53.01974403110437], [0.9196054222232278, 53.01968748924038], [0.9195211058291651, 53.01960841907776], [0.9195018628264617, 53.01946132178442]]}}, {"type": "Feature", "properties": {"depth": -15.0}, "geometry": {"type": "LineString", "coordinates": [[1.085925976072903, 53.019235154328456], [1.085892354799414, 53.01934823805644], [1.085977817354289, 53.01946132178442], [1.0860281781052379, 53.0195744055124], [1.0858861794962134, 53.0195744055124], [1.0858453921671354, 53.01963094737639], [1.085699696434153, 53.01963094737639], [1.0856276128688385, 53.01963094737639], [1.0855423245849682, 53.01974403110437], [1.0854725796390494, 53.01968748924038], [1.0854149347779383, 53.019617882470484], [1.0854500577091468, 53.01951786364841], [1.0855280185059197, 53.019554595067405], [1.0856239020377378, 53.0195744055124], [1.0856411022339012, 53.01944835012508], [1.0857161183364232, 53.01946132178442], [1.0858107278258733, 53.01936776510139], [1.0858966451330232, 53.01929169619245], [1.085925976072903, 53.019235154328456]]}}, {"type": "Feature", "properties": {"depth": -15.0}, "geometry": {"type": "LineString", "coordinates": [[0.9250740709219769, 53.01392021911333], [0.9251187503642464, 53.01407089361307], [0.9252318340922279, 53.0141232792531], [0.9254014596842001, 53.01414269802177], [0.9255145434121814, 53.01415483914027], [0.9256276271401629, 53.01425384234212], [0.9256667334456788, 53.01437255402526], [0.9257407108681444, 53.014356256153796], [0.9258153795434128, 53.01442909588925], [0.9259668783241072, 53.01446343138156], [0.9260852384618508, 53.01448563775324], [0.9262221461482886, 53.01454217961723], [0.9263238229895628, 53.01459872148122], [0.9264192132360329, 53.014679769548714], [0.9265322969640144, 53.014714947705684], [0.9266233637098076, 53.0147118052092], [0.9267019225559866, 53.014775936911825], [0.9268254159239115, 53.014824888937184], [0.9268986840170481, 53.014937972665166], [0.9269919048297985, 53.01499451452916], [0.9270257468159814, 53.01516414012113], [0.9270411737399309, 53.01528607540909], [0.9271933596676486, 53.01527722384911], [0.9272107993319031, 53.01528347106758], [0.9271572017879921, 53.015446849441076], [0.9270977156039216, 53.01542554243276], [0.9270977156039216, 53.01553324085565], [0.9271809325220237, 53.01561647503305], [0.9271834743654764, 53.01578610062502], [0.9270977156039216, 53.015854668558134], [0.9269667795609214, 53.015899184353], [0.9268553672061015, 53.015955726216994], [0.9268105207306339, 53.016068809944976], [0.9267251364560594, 53.01618189367296], [0.9266453806919959, 53.016292252843286], [0.9265888388280051, 53.01637976076371], [0.9265322969640144, 53.01627310758397], [0.9264668201708537, 53.01635151926493], [0.9263626713720423, 53.016437224990305], [0.9262495876440608, 53.01647554666571], [0.9260799620520886, 53.0164913587902], [0.9259668783241072, 53.016569743771264], [0.9259103364601164, 53.01666459421021], [0.9257972527321351, 53.01671706971183], [0.9256841690041536, 53.01679601259666], [0.9256063083990965, 53.01686039604085], [0.9254580015481907, 53.01686125501182], [0.9253024438911556, 53.01691693790484], [0.9252318340922279, 53.016989096150326], [0.9251752922282371, 53.01691618333454], [0.9251460350396514, 53.01703002163282], [0.9251187503642464, 53.017108699336], [0.9251155882057418, 53.0171431053608], [0.9250056666362649, 53.017157001892954], [0.9248925829082836, 53.01709383164422], [0.9248360410442928, 53.01723104516183], [0.9246664154523206, 53.017221107329114], [0.9247229573163114, 53.0171944083794], [0.9247794991803021, 53.017114945200674], [0.924707645646957, 53.01708656349681], [0.9245533317243392, 53.017121194351006], [0.9244402479963578, 53.0171667665865], [0.9243771847016556, 53.0171431053608], [0.9242706224043856, 53.01721673852106], [0.9241575386764042, 53.017275139240034], [0.9240988042122038, 53.01725618908878], [0.9239552361029947, 53.017312730952774], [0.9240444549484227, 53.01737995575329], [0.9239970692811785, 53.017425814680756], [0.9238748293564506, 53.01739745009764], [0.9238104143446156, 53.01748235654475], [0.9237052037644784, 53.01755994050175], [0.9235355781725063, 53.01758017043158], [0.9234499980212206, 53.01765198213672], [0.9233659525805341, 53.01765052456991], [0.9233252201688009, 53.0177650658647], [0.9232767176668004, 53.01787814959268], [0.9232228200610553, 53.017991233320664], [0.9231340202613421, 53.018047775184655], [0.9230267013965898, 53.018159180866995], [0.9229714010704314, 53.01827394264062], [0.9229374328103201, 53.0183870263686], [0.9228796466903738, 53.01850011009658], [0.9228170837060706, 53.018613193824564], [0.9227439920766362, 53.01860956521121], [0.9226798226729646, 53.018613193824564], [0.922574366484664, 53.01855422160677], [0.9224729873878821, 53.018613193824564], [0.9224426244970776, 53.01872627755254], [0.9224047408926919, 53.01879613374655], [0.9224884131789618, 53.01883936128052], [0.9225206167820168, 53.01878281941653], [0.922574366484664, 53.01893014992956], [0.9225753499795766, 53.01906552873648], [0.9224663377131436, 53.019122070600474], [0.922448015977986, 53.01906552873648], [0.9223481990287011, 53.019073613184034], [0.9222351153007197, 53.01903275674009], [0.9220913224166318, 53.01900898687249], [0.9220089478447568, 53.01901462871736], [0.9219262778975399, 53.01906552873648], [0.9217827803887939, 53.01904187577994], [0.9217827803887939, 53.01912710713053], [0.9219227955704812, 53.019178612464465], [0.9220375218776701, 53.019235154328456], [0.9219271142571132, 53.01929169619245], [0.9218958641167754, 53.01940963781066], [0.9218255260802175, 53.01940477992043], [0.921734543433463, 53.01934823805644], [0.9216696966608124, 53.01940058414406], [0.9215566129328311, 53.019445798027036], [0.9214972376856455, 53.01934823805644], [0.9213869873408589, 53.019256703283276], [0.9213304454768682, 53.0192116466778], [0.9214435292048496, 53.01924366782245], [0.921487637751677, 53.019122070600474], [0.9213869873408589, 53.01904266205194], [0.9212739036128774, 53.01900497856256], [0.9211042780209053, 53.018965595225595], [0.9209911942929239, 53.01893537813565], [0.9209346524289331, 53.0188317980381], [0.9209623701536733, 53.01872627755254], [0.9209192113685043, 53.018613193824564], [0.9209450021269191, 53.01850011009658], [0.9209800031808665, 53.01833048450461], [0.9211042780209053, 53.01831499451725], [0.921079488976508, 53.01821740077663], [0.9210477361569146, 53.01811046728824], [0.9211697579812687, 53.018104317048646], [0.9211375308822574, 53.018047775184655], [0.9210477361569146, 53.01801424615197], [0.9209497820719487, 53.017991233320664], [0.9208781105649424, 53.01794932632321], [0.9207829410649485, 53.01787814959268], [0.9207650268369609, 53.01775033597734], [0.9207058778705621, 53.0177650658647], [0.9206165881128949, 53.01770852400071], [0.9205388593809981, 53.01766933177727], [0.9203931303665845, 53.01765198213672], [0.9203132741353999, 53.01770852400071], [0.9202561500610444, 53.01766930089797], [0.920195862954042, 53.01765198213672], [0.9200865244690724, 53.01772890165372], [0.9199734407410909, 53.01777749410626], [0.9198603570131094, 53.01774645075871], [0.919747273285128, 53.0177875106451], [0.9196870129726196, 53.01782160772869], [0.9195776476931559, 53.01775239435699], [0.9194935240011372, 53.01770852400071], [0.9194080221011837, 53.017777646185706], [0.9193514802371929, 53.0176796531974], [0.9194080221011837, 53.017597073347396], [0.9195211058291651, 53.0175739378043], [0.9196124467185074, 53.01748235654475], [0.9196273405166773, 53.017312730952774], [0.9195743493708679, 53.01725618908878], [0.9194919687096199, 53.01719964722479], [0.919525484375544, 53.01708656349681], [0.9196164876293345, 53.01697347976883], [0.9194645639651744, 53.01692838068777], [0.9193525004670308, 53.01686039604085], [0.9192949383732022, 53.0168697113028], [0.9191287782905815, 53.01691693790484], [0.9190369266820096, 53.01697347976883], [0.9191253127812301, 53.017056719129016], [0.9191943733592056, 53.0171431053608], [0.9192260337967318, 53.017312730952774], [0.9191493985190814, 53.017425814680756], [0.9190638833491183, 53.01748235654475], [0.9190634964813948, 53.01765198213672], [0.9191540764863003, 53.01770852400071], [0.9190687709172394, 53.01779680386959], [0.9189556871892579, 53.01786255723073], [0.9189556871892579, 53.01798293656077], [0.9190122290532486, 53.01808049095474], [0.9190687709172394, 53.01817910739851], [0.9190687709172394, 53.01830473884294], [0.9190122290532486, 53.018208929469445], [0.919001077932488, 53.01833048450461], [0.9191193619588799, 53.0183870263686], [0.9190603571700084, 53.01850011009658], [0.9189556871892579, 53.01858058359099], [0.9188426034612764, 53.01866563974689], [0.9187862556187051, 53.01878281941653], [0.918729519733295, 53.01873780518672], [0.9186659666689194, 53.01878281941653], [0.9186729778693044, 53.01869354278918], [0.9185033522773322, 53.01868086851413], [0.9184242319491587, 53.018669735688555], [0.9183071145018142, 53.018669735688555], [0.9182206429573786, 53.0185857057632], [0.9181447355171852, 53.01850011009658], [0.9180510173654064, 53.01843487613534], [0.9179767982236114, 53.01833048450461], [0.9178248499094435, 53.01827881141114], [0.9177117661814621, 53.01822283626403], [0.9176552243174714, 53.018149216500994], [0.9175986824534806, 53.01805879405901], [0.9175875829324299, 53.017991233320664], [0.9176552243174714, 53.017916664743], [0.9176552243174714, 53.017786794337795], [0.9175421405894899, 53.01770906879596], [0.9173725149975177, 53.017743196562904], [0.917315973133527, 53.017795556016615], [0.9173725149975177, 53.01789569963059], [0.9174290568615084, 53.01803259970458], [0.9173725149975177, 53.01809953883504], [0.9173009401720139, 53.01816085891264], [0.9172906431857882, 53.01833048450461], [0.9172824089227547, 53.01850011009658], [0.9172594312695364, 53.01857491339655], [0.9172594312695364, 53.018674377088395], [0.9171180565705966, 53.01872627755254], [0.9172028894055456, 53.01882680733747], [0.9172594312695364, 53.01891138390355], [0.9172412410353907, 53.01900898687249], [0.9172028894055456, 53.01916362177633], [0.9171463475415549, 53.01925510433164], [0.9170898056775642, 53.019385566221004], [0.9170912137754373, 53.01946132178442], [0.9170332638135734, 53.01954189218878], [0.916920180085592, 53.01958512309278], [0.9167505544936199, 53.01959998600933], [0.9166732731836651, 53.0195744055124], [0.9165809289016477, 53.019565271319365], [0.9164760940544562, 53.0195744055124], [0.9164113033096755, 53.01958693544725], [0.9162673656566924, 53.0195744055124], [0.9161285939897219, 53.01954905243166], [0.9160155102617404, 53.01949670463787], [0.915902426533759, 53.019536249091644], [0.9157893428057776, 53.019468120794635], [0.9156762590777962, 53.01951898363054], [0.9155631753498147, 53.01946866382174], [0.9154336125082798, 53.01946132178442], [0.9155096334160147, 53.01940477992043], [0.9153935497578425, 53.019395301938246], [0.9153370078938519, 53.01948490895954], [0.9152239241658704, 53.01945361172597], [0.9151455786283721, 53.01940477992043], [0.9150649562002768, 53.01934823805644], [0.914999701430175, 53.01940477992043], [0.9148846729819261, 53.019421892351104], [0.9147510413330849, 53.01946132178442], [0.9146585055259632, 53.019416023146015], [0.9146011760358984, 53.01946132178442], [0.914515474682264, 53.01934823805644], [0.914488879933991, 53.01926339606758], [0.9146019636619724, 53.01934248055348], [0.9146617226227006, 53.019235154328456], [0.9147715892539446, 53.019282519653544], [0.9147715892539446, 53.019142970902074], [0.9148281311179354, 53.01910291057105], [0.9149339979291315, 53.019178612464465], [0.9149862969575817, 53.019235154328456], [0.9150353699599553, 53.019122070600474], [0.9151108404378889, 53.019153200549006], [0.9151673823018797, 53.01924122404351], [0.9152325081540261, 53.019178612464465], [0.9152012214012013, 53.01906552873648], [0.9151673823018797, 53.018929626194065], [0.9150628818582892, 53.01900898687249], [0.9149710883051635, 53.01900898687249], [0.9149238678996139, 53.01889590314451], [0.9149412148459167, 53.01881861141793], [0.9148846729819261, 53.018726386296315], [0.9149977567099075, 53.018675152063025], [0.9149412148459167, 53.018615700835966], [0.9148281311179354, 53.01860303789794], [0.9146585055259632, 53.01860797746539], [0.9145304254270794, 53.01855665196057], [0.9144323380700004, 53.01847753594893], [0.914344878867966, 53.0183870263686], [0.9142627124780282, 53.01827508736957], [0.9142054475564703, 53.01821740077663], [0.9142256365897874, 53.018104317048646], [0.9141541751425251, 53.018047775184655], [0.914093086886056, 53.01801103829975], [0.9140117982397901, 53.017991233320664], [0.9139121148598566, 53.017991233320664], [0.9139991749637021, 53.017934691456674], [0.9139800031580745, 53.0177809156836], [0.9140365450220652, 53.01773726269714], [0.9141496287500467, 53.017671328613744], [0.9141446204738815, 53.01759544027273], [0.9140365450220652, 53.01753506117446], [0.9140458375921037, 53.017425814680756], [0.9140365450220652, 53.0173561447528], [0.9141167224445892, 53.01725618908878], [0.914173243621862, 53.0171431053608], [0.9141989192804083, 53.01697347976883], [0.9142061706140374, 53.016826460887415], [0.9143330519534352, 53.01680385417686], [0.9144323380700004, 53.01674016612082], [0.9145454217979817, 53.0167791254398], [0.9146585055259632, 53.01671193023927], [0.9147931407935357, 53.016690770448875], [0.9147673385224807, 53.01657768672089], [0.9148191759923199, 53.01646460299291], [0.9149412148459167, 53.01642946499837], [0.9150542985738982, 53.01639148137359], [0.9151338101098982, 53.01629497740094], [0.9152239241658704, 53.01623640836165], [0.9153370078938519, 53.01624552260837], [0.9153199885581143, 53.01618189367296], [0.9152804660298611, 53.01612170949911], [0.9153531425501699, 53.016068809944976], [0.9153370078938519, 53.01615823511747], [0.9154183394994639, 53.01618189367296], [0.9154500916218332, 53.016064605855476], [0.9156197172138054, 53.01603157284282], [0.915692234081962, 53.016068809944976], [0.9156656998401045, 53.015955726216994], [0.9157328009417869, 53.01600626712872], [0.9158001755795594, 53.016012268080985], [0.9158401174861673, 53.01584264248901], [0.9158904336357837, 53.015899184353], [0.9159374569394253, 53.016012268080985], [0.9159683066307766, 53.016068809944976], [0.9159842446540822, 53.015899184353], [0.9160720521257312, 53.01580183818395], [0.9161320379206979, 53.01584264248901], [0.9162982195816941, 53.01581515656123], [0.9164113033096755, 53.01587264524561], [0.9165243870376569, 53.0159311747986], [0.916585194528128, 53.016012268080985], [0.916572059968848, 53.01612535180897], [0.9165957433946859, 53.01623843553695], [0.9165809289016477, 53.01631596929333], [0.9166732528414983, 53.01640806112892], [0.9167376658716342, 53.0165211448569], [0.9167182030645115, 53.016690770448875], [0.9167505544936199, 53.01681791421457], [0.9168636382216012, 53.0168783595662], [0.9170332638135734, 53.01690817917822], [0.9171463475415549, 53.01697106781335], [0.917315973133527, 53.01697095945396], [0.9174855987254992, 53.016953559756445], [0.9176543816436274, 53.01697347976883], [0.9177117661814621, 53.016945258214335], [0.9178248499094435, 53.0169060844571], [0.9179729595799478, 53.01686039604085], [0.9180119594383469, 53.016747312312866], [0.9181397071154502, 53.016690770448875], [0.9181075592293971, 53.01661311691571], [0.9182206429573786, 53.01667199494409], [0.91833372668536, 53.016592859172604], [0.9183977283206644, 53.0165211448569], [0.9184912674145442, 53.01640806112892], [0.91847606609952, 53.01623843553695], [0.9185033522773322, 53.016092036499735], [0.9185598941413229, 53.01600127899572], [0.9186729778693044, 53.015930906268494], [0.9187668231654242, 53.01584264248901], [0.9188426034612764, 53.015765343350274], [0.9189556871892579, 53.01569464703667], [0.9190687709172394, 53.01565019700195], [0.9191674597503818, 53.01555993316906], [0.9192949383732022, 53.01555217973945], [0.9193514802371929, 53.01562742561018], [0.9194115911510853, 53.01555993316906], [0.9195276921113282, 53.01550339130507], [0.9196907314211373, 53.015450934344805], [0.9198038151491187, 53.015412754275225], [0.9198738191094449, 53.015446849441076], [0.9200299826050816, 53.01540280841692], [0.9201049214371482, 53.0153337657131], [0.9201996081970537, 53.015247597160055], [0.9203333354753283, 53.01522068198512], [0.9204823175170074, 53.01517857222779], [0.9205388593809981, 53.01510203223807], [0.9206383799620884, 53.01516414012113], [0.9206840004655106, 53.01510759825714], [0.9207908074712874, 53.01505105639315], [0.92086266457235, 53.01510759825714], [0.9209143225938832, 53.01505105639315], [0.9209911942929239, 53.015070961757324], [0.9211042780209053, 53.01500166818014], [0.921213847166195, 53.014937972665166], [0.9212739036128774, 53.014959616434], [0.9213869873408589, 53.01492315380676], [0.9214890772426071, 53.014937972665166], [0.9216131547968218, 53.01491081471416], [0.9217651049866237, 53.014881430801175], [0.9218393222527846, 53.01489589133933], [0.9219524059807661, 53.01484329854277], [0.9220654897087476, 53.01489780870166], [0.9221220315727382, 53.01483333411287], [0.9221264509273784, 53.014824888937184], [0.9222351153007197, 53.01489113716935], [0.9222916571647104, 53.01486193008062], [0.9223477377848003, 53.01476834707319], [0.9222686892283122, 53.01465526334521], [0.9223023791681862, 53.0147118052092], [0.9224465356507512, 53.01476834707319], [0.9224652904318336, 53.0147118052092], [0.922567784437506, 53.01459872148122], [0.9226013948847787, 53.01465526334521], [0.9226874502126454, 53.014638032379274], [0.9227673015671919, 53.01454217961723], [0.9228721311369583, 53.01448563775324], [0.9229385526505444, 53.01442909588925], [0.9230267013965898, 53.014419850384265], [0.9231397851245712, 53.01447504001401], [0.9232528688525526, 53.01442138569996], [0.9233659525805341, 53.01436156899546], [0.9234627760097506, 53.01437255402526], [0.9235355781725063, 53.01440114075309], [0.9236078948998456, 53.01437255402526], [0.9236919419449001, 53.01431601216127], [0.9235911507417597, 53.014259470297276], [0.9235921200364969, 53.01409884563525], [0.9236486619004877, 53.01425794453116], [0.9237052037644784, 53.01412653152776], [0.9238182874924599, 53.014068753872834], [0.9239626366640958, 53.01403330284131], [0.9240444549484227, 53.01403907642531], [0.9241531337350593, 53.014146386569294], [0.9242367463897515, 53.014146386569294], [0.9243271642683764, 53.01405860785849], [0.9244105495444684, 53.0140898447053], [0.9244967898603484, 53.01401795278168], [0.9246664154523206, 53.0139816005654], [0.9247794991803021, 53.01394799322954], [0.9248925829082836, 53.01397936146744], [0.9250056666362649, 53.01394697567429], [0.9250740709219769, 53.01392021911333]]}}, {"type": "Feature", "properties": {"depth": -15.0}, "geometry": {"type": "LineString", "coordinates": [[0.9192785490726948, 53.01940477992043], [0.9192185203508222, 53.01951786364841], [0.9193358173091605, 53.01951786364841], [0.9193514802371929, 53.01955520025726], [0.9192383965092115, 53.01958748650798], [0.9191327266786896, 53.01951786364841], [0.9191992071047341, 53.01940477992043]]}}, {"type": "Feature", "properties": {"depth": -15.0}, "geometry": {"type": "LineString", "coordinates": [[0.921202847994884, 53.01934823805644], [0.921057369362946, 53.01940477992043], [0.9210368311578538, 53.01946132178442], [0.9210975313885272, 53.01934823805644], [0.921202847994884, 53.01934823805644]]}}, {"type": "Feature", "properties": {"depth": -15.0}, "geometry": {"type": "LineString", "coordinates": [[1.086171579885563, 53.01934823805644], [1.0862065208738083, 53.01943364963716], [1.086099012361752, 53.01940477992043], [1.0860342139895474, 53.01940477992043], [1.0861381597001398, 53.01934823805644]]}}, {"type": "Feature", "properties": {"depth": -15.0}, "geometry": {"type": "LineString", "coordinates": [[0.919203165032585, 53.0189524450085], [0.9193514802371929, 53.018975283119374], [0.9194645639651744, 53.019053889737144], [0.9194489121882026, 53.019122070600474], [0.9195776476931559, 53.01917759866167], [0.9195211058291651, 53.019185706762016], [0.9194080221011837, 53.01915558076525], [0.9193446774979286, 53.019235154328456], [0.9192383965092115, 53.01921234109967], [0.9191253127812301, 53.01926018628686], [0.9190380673790097, 53.019178612464465], [0.9189096166834525, 53.019178612464465], [0.9187860615972857, 53.019194747405095], [0.9187283671497567, 53.019178612464465], [0.9186059369811008, 53.019178612464465], [0.9187098352985453, 53.019122070600474], [0.918729519733295, 53.01898118111258], [0.9188426034612764, 53.01893337587916], [0.9190113461058301, 53.0189524450085], [0.9190687709172394, 53.01895076736322], [0.919203165032585, 53.0189524450085]]}}, {"type": "Feature", "properties": {"depth": -15.0}, "geometry": {"type": "LineString", "coordinates": [[1.0845102649540868, 53.018945998662595], [1.0843971812261053, 53.01898855193512], [1.0843971812261053, 53.01912182144489], [1.0844883380784673, 53.01906552873648], [1.0845853246399055, 53.01906552873648], [1.0846233486820682, 53.01897582852367], [1.0845102649540868, 53.018945998662595]]}}, {"type": "Feature", "properties": {"depth": -15.0}, "geometry": {"type": "LineString", "coordinates": [[1.0885812791614187, 53.018596498554174], [1.0884681954334372, 53.01863750037024], [1.0883471660869737, 53.018669735688555], [1.0881854861134836, 53.01872256556503], [1.0880770783548943, 53.01878281941653], [1.0880158605215113, 53.018771839887805], [1.0879236525029026, 53.01883936128052], [1.08790277679353, 53.01893405778849], [1.08796134037199, 53.0189524450085], [1.0880724023855022, 53.01885955929439], [1.0881854861134836, 53.01882263696368], [1.0883026006036474, 53.01878281941653], [1.0884353040140515, 53.01872627755254], [1.0885405716563263, 53.018669735688555], [1.0885812791614187, 53.018596498554174]]}}, {"type": "Feature", "properties": {"depth": -15.0}, "geometry": {"type": "LineString", "coordinates": [[0.9205185608207267, 53.018669735688555], [0.9206519431089795, 53.01871241730259], [0.9207650268369609, 53.0187373618727], [0.9208267124827112, 53.01883936128052], [0.9208781105649424, 53.01895187181892], [0.9207737593302507, 53.01889590314451], [0.9207084849729702, 53.01889571759586], [0.9205661551379419, 53.01883936128052], [0.9204823175170074, 53.01876708177749], [0.9204823175170074, 53.01866609887064]]}}, {"type": "Feature", "properties": {"depth": -15.0}, "geometry": {"type": "LineString", "coordinates": [[1.0849625998660126, 53.01881966439652], [1.0847929742740403, 53.018822787136116], [1.0847929742740403, 53.018946737043876], [1.0849060580020218, 53.018874148575954], [1.0849625998660126, 53.01881966439652]]}}, {"type": "Feature", "properties": {"depth": -15.0}, "geometry": {"type": "LineString", "coordinates": [[1.0890901559373352, 53.01834490647594], [1.088920530345363, 53.01834393609866], [1.0888303545788671, 53.01844356823259], [1.0887509047533908, 53.018441425383095], [1.0886943628894001, 53.01852367379528], [1.0886378210254093, 53.01858364712549], [1.0887777057785386, 53.01855665196057], [1.0888639884813722, 53.018584277042585], [1.0889770722093537, 53.01852483376903], [1.0890336140733443, 53.01840952307056], [1.08913250881537, 53.01844356823259]]}}, {"type": "Feature", "properties": {"depth": -15.0}, "geometry": {"type": "LineString", "coordinates": [[1.0893728652572887, 53.0182526125583], [1.0892640712904724, 53.01827394264062], [1.0892032396653166, 53.01829828875318], [1.0892193087275792, 53.0183870263686], [1.089316323393298, 53.01834401803155], [1.0894011367227483, 53.01827394264062]]}}, {"type": "Feature", "properties": {"depth": -15.0}, "geometry": {"type": "LineString", "coordinates": [[1.0886533217032615, 53.01748235654475], [1.0885812791614187, 53.017544943311044], [1.08857847800375, 53.01770852400071], [1.0884966836146062, 53.0177650658647], [1.0884116535694464, 53.017691568718455], [1.0884116535694464, 53.017787966523585], [1.0884116535694464, 53.017884702964615], [1.088418926170684, 53.017991233320664], [1.0883551117054557, 53.017969112148876], [1.0882985698414651, 53.01804683253612], [1.08826220516051, 53.018104317048646], [1.0882420279774743, 53.01809148011735], [1.0881854861134836, 53.01800230972008], [1.0880724023855022, 53.01807469852153], [1.0879919838123118, 53.01816085891264], [1.0879579585050034, 53.01821740077663], [1.0877896930655486, 53.01818740347525], [1.0876766093375672, 53.01826613314231], [1.0876938118656756, 53.01833048450461], [1.0876079872641384, 53.01833048450461], [1.0874504418816042, 53.01832360482122], [1.0873500787928343, 53.01821740077663], [1.0872808162896321, 53.01813817571545], [1.0873061547909169, 53.018047775184655], [1.0873939000176136, 53.017977634168396], [1.087506983745595, 53.017916032604305], [1.087633677318676, 53.01787814959268], [1.0877331512015578, 53.01782160448047], [1.0878681284826037, 53.0177650658647], [1.0879746721237051, 53.01770852400071], [1.088091339256194, 53.01765198213672], [1.0882420279774743, 53.01759767287863], [1.0883776294556933, 53.01759544027273], [1.0884681954334372, 53.01760084755738], [1.088577681287036, 53.01753889840874], [1.0886378210254093, 53.01747621255351]]}}, {"type": "Feature", "properties": {"depth": -15.0}, "geometry": {"type": "LineString", "coordinates": [[0.9365967487543626, 53.017798501202115], [0.9364558510505907, 53.01782160772869], [0.9364271231623905, 53.01788212959103], [0.9365417680282954, 53.017934691456674], [0.9367098324823441, 53.01798170815217], [0.9367778225085069, 53.017991233320664], [0.9367663743463348, 53.01787706389777], [0.9366438808766895, 53.01782160772869]]}}, {"type": "Feature", "properties": {"depth": -15.0}, "geometry": {"type": "LineString", "coordinates": [[1.0873433479839671, 53.01765198213672], [1.0873939000176136, 53.017724129872406], [1.0872808162896321, 53.01779345776948], [1.0873137879649395, 53.01770852400071], [1.0873433479839671, 53.01765198213672]]}}, {"type": "Feature", "properties": {"depth": -15.0}, "geometry": {"type": "LineString", "coordinates": [[1.0875870471168931, 53.01759544027273], [1.0875635256095857, 53.01773434812972], [1.0874682573152912, 53.0177650658647], [1.0874504418816042, 53.017600078494766], [1.087506983745595, 53.017579593727305]]}}, {"type": "Feature", "properties": {"depth": -15.0}, "geometry": {"type": "LineString", "coordinates": [[1.0887740823907175, 53.01770852400071], [1.0886943628894001, 53.01777531543296], [1.0886041643346103, 53.01770852400071], [1.0886943628894001, 53.017756113927916], [1.0887740823907175, 53.01770852400071]]}}, {"type": "Feature", "properties": {"depth": -15.0}, "geometry": {"type": "LineString", "coordinates": [[0.940554679233713, 53.01745463014286], [0.9405190699959692, 53.01759544027273], [0.9406112210977038, 53.01767359074951], [0.9407808466896759, 53.01770433547751], [0.9408845954044136, 53.01770852400071], [0.9409504722816481, 53.017639549211246], [0.9409504722816481, 53.01748483441466], [0.9408373885536666, 53.01758235216326], [0.9407243048256853, 53.01762934303286], [0.9406604077302891, 53.01753889840874], [0.940554679233713, 53.01745463014286]]}}, {"type": "Feature", "properties": {"depth": -15.0}, "geometry": {"type": "LineString", "coordinates": [[1.0882495996997414, 53.017425814680756], [1.0882420279774743, 53.017574460992975], [1.0881374972505842, 53.01753889840874], [1.088023264592313, 53.01759544027273], [1.08790277679353, 53.017646705903566], [1.0877896930655486, 53.01768521215877], [1.087721678939299, 53.01770852400071], [1.0876766093375672, 53.017615009139], [1.0877896930655486, 53.017581267747886], [1.0878462349295392, 53.01748957842963], [1.08790277679353, 53.01746918366723], [1.0879808687132728, 53.01748235654475], [1.0881289442494928, 53.01744866815557], [1.0882420279774743, 53.017415799940245]]}}, {"type": "Feature", "properties": {"depth": -15.0}, "geometry": {"type": "LineString", "coordinates": [[0.9411200978736203, 53.01733128650495], [0.9411200978736203, 53.01743750079201], [0.9411837841112859, 53.01748235654475], [0.941164651488423, 53.017369272816765]]}}, {"type": "Feature", "properties": {"depth": -15.0}, "geometry": {"type": "LineString", "coordinates": [[0.9416289746495368, 53.01717262228009], [0.9415158909215553, 53.01720568356042], [0.9415158909215553, 53.01734119798845], [0.9416009502653113, 53.01725618908878], [0.9416289746495368, 53.01717262228009]]}}, {"type": "Feature", "properties": {"depth": -15.0}, "geometry": {"type": "LineString", "coordinates": [[0.9418551421054996, 53.01716352332961], [0.9417420583775181, 53.01725125248865], [0.9417420583775181, 53.01736824205326], [0.9418005702838135, 53.017312730952774], [0.9419377979610223, 53.017312730952774], [0.9418912562388366, 53.01719964722479]]}}, {"type": "Feature", "properties": {"depth": -15.0}, "geometry": {"type": "LineString", "coordinates": [[0.9428163537933418, 53.01711176924056], [0.9427598119293511, 53.017238147257785], [0.9428163537933418, 53.017266456833944], [0.9429270733195264, 53.01719964722479], [0.9428163537933418, 53.01711176924056]]}}, {"type": "Feature", "properties": {"depth": -15.0}, "geometry": {"type": "LineString", "coordinates": [[0.9436079398892119, 53.01710151895568], [0.9434494367107544, 53.0171431053608], [0.9435513980252213, 53.01720910044578], [0.9436373349578843, 53.0171431053608]]}}, {"type": "Feature", "properties": {"depth": -15.0}, "geometry": {"type": "LineString", "coordinates": [[1.0902209932171496, 53.01505820681859], [1.0901079094891681, 53.01516261785226], [1.0899948257611867, 53.01521301814527], [1.0900509472226454, 53.01527722384911], [1.0901079094891681, 53.01536258701014], [1.0901828372858244, 53.01539030757709], [1.0902209932171496, 53.01528702339973], [1.0901494856236982, 53.01522068198512], [1.0902209932171496, 53.01515651722054]]}}, {"type": "Feature", "properties": {"depth": -15.0}, "geometry": {"type": "LineString", "coordinates": [[1.0890361564797968, 53.01499451452916], [1.0891469919351138, 53.01505105639315], [1.0892032396653166, 53.0151083612693], [1.0890901559373352, 53.01506420061244], [1.0890209507803033, 53.01499451452916]]}}, {"type": "Feature", "properties": {"depth": -15.0}, "geometry": {"type": "LineString", "coordinates": [[1.0894068167209652, 53.014937972665166], [1.089316323393298, 53.01499973005363], [1.0892597815293072, 53.014979047305836], [1.0893728652572887, 53.01490638729724]]}}, {"type": "Feature", "properties": {"depth": -15.0}, "geometry": {"type": "LineString", "coordinates": [[1.089810512474328, 53.01476834707319], [1.089714600518711, 53.014881430801175], [1.0896555745772423, 53.01483221308134], [1.0896612485476276, 53.014824888937184], [1.0897333213220066, 53.01476834707319]]}}, {"type": "Feature", "properties": {"depth": -15.0}, "geometry": {"type": "LineString", "coordinates": [[0.9417646277254669, 53.01448563775324], [0.9418133671888055, 53.01459872148122], [0.941862704385105, 53.0147118052092], [0.9417986002415089, 53.014788807079086], [0.9417369562163598, 53.0147118052092], [0.9417852044181924, 53.01459872148122], [0.9417294412135616, 53.01448563775324]]}}, {"type": "Feature", "properties": {"depth": -15.0}, "geometry": {"type": "LineString", "coordinates": [[0.9234955282571972, 53.0140898447053], [0.9234790363085156, 53.0142099527645], [0.9234113303493638, 53.014259470297276], [0.9234224944445248, 53.014154090700686], [0.9234478415644133, 53.0140898447053]]}}, {"type": "Feature", "properties": {"depth": -15.0}, "geometry": {"type": "LineString", "coordinates": [[0.9995278433760343, 53.01335289933609], [0.9994219559579175, 53.01335480047342], [0.9993582177840621, 53.01337061816387], [0.9994147596480528, 53.013461773317275], [0.9994949807603891, 53.013524426065395], [0.9995122605910883, 53.01369405165737], [0.9995036147132209, 53.01386367724934], [0.999584385240025, 53.01385701360001], [0.9996974689680064, 53.013882082428594], [0.9998670945599786, 53.01386583324751], [0.9999825671988696, 53.01386367724934], [1.0001498038799321, 53.013843682407064], [1.0002628876079136, 53.0138768993558], [1.0004224016480392, 53.01392021911333], [1.0004890550638765, 53.01390474721859], [1.000643809470689, 53.01392021911333], [1.0007152225198395, 53.013909586221466], [1.0008283062478207, 53.01396151658926], [1.0008885205369324, 53.01403330284131], [1.000997931839793, 53.01410598548406], [1.0011134790699892, 53.014146386569294], [1.0012806411597466, 53.014192265091964], [1.0014502667517187, 53.01416161708951], [1.0015402550269599, 53.0140898447053], [1.001619892343691, 53.01399610439235], [1.0017329760716724, 53.01392343320471], [1.0018047330227926, 53.01386367724934], [1.001789517935663, 53.01373891072179], [1.0016764342076816, 53.013678178998845], [1.0015089705130626, 53.01363750979338], [1.001393724887728, 53.01362386895311], [1.001224099295756, 53.013591319309626], [1.0011110155677745, 53.01354412382934], [1.000997931839793, 53.01352235087066], [1.0009188726989222, 53.013580967929386], [1.0009843734369819, 53.01369405165737], [1.000997931839793, 53.01379401790281], [1.0008848481118116, 53.01384493833512], [1.0007152225198395, 53.01385519886927], [1.0005918209334654, 53.01380713538535], [1.0004890550638765, 53.01370387027068], [1.000404124120712, 53.01363750979338], [1.0002916239707809, 53.013580967929386], [1.0001498038799321, 53.013549313497855], [1.0000456960883948, 53.013467884201404], [0.99998017828796, 53.013396988231825], [0.9998105526959878, 53.013367564593786], [0.9996409271040156, 53.01336948894492], [0.9995278433760343, 53.01335289933609]]}}, {"type": "Feature", "properties": {"depth": -15.0}, "geometry": {"type": "LineString", "coordinates": [[0.9761195116838761, 53.01385315710334], [0.9760629698198854, 53.01396478357049], [0.9760629698198854, 53.01405729600997], [0.9761760535478667, 53.01411212328354], [0.9762325954118575, 53.01405966350144], [0.9761611082991279, 53.01397676097732], [0.9761195116838761, 53.01385315710334]]}}, {"type": "Feature", "properties": {"depth": -15.0}, "geometry": {"type": "LineString", "coordinates": [[0.9757237186359411, 53.01363721651176], [0.9756352668063994, 53.01369405165737], [0.9756671767719504, 53.01381031470931], [0.9757802604999317, 53.013897659035955], [0.9758613425712671, 53.01392021911333], [0.9759510326376143, 53.01386367724934], [0.9758933442279132, 53.01375736953132], [0.9758368023639225, 53.013678010507356], [0.9757237186359411, 53.01363721651176]]}}, {"type": "Feature", "properties": {"depth": -15.0}, "geometry": {"type": "LineString", "coordinates": [[0.9293178169535938, 53.01256321437755], [0.9294159320275411, 53.0126307706392], [0.9295290157555226, 53.012567214534805], [0.9296986413474948, 53.01261549784802], [0.9297991092202843, 53.01267629810553], [0.9298066788545492, 53.012845923697505], [0.9296537323616103, 53.012902465561496], [0.9296003540220232, 53.012959007425486], [0.9295290157555226, 53.013007204766765], [0.929453521085916, 53.012959007425486], [0.9293593901635504, 53.01302859779948], [0.9293028482995597, 53.01310378525621], [0.9293028482995597, 53.01320690533238], [0.9291332227075876, 53.013219222371625], [0.9290201389796061, 53.01325952413072], [0.9289302378894109, 53.01335480047342], [0.9287998332545827, 53.01335480047342], [0.92872607312099, 53.01335480047342], [0.928616242888527, 53.01335480047342], [0.9285112622036896, 53.01339903398625], [0.9284547203396989, 53.01345201609138], [0.9284406948455839, 53.013467884201404], [0.9282869866329341, 53.013467884201404], [0.9282285528837361, 53.013452667038216], [0.9281061456651056, 53.013467884201404], [0.9280146235253042, 53.01341134233741], [0.9279458435637824, 53.01345738468518], [0.9279713242579182, 53.013524426065395], [0.9278893016997917, 53.01348427497167], [0.9278327598358009, 53.01343954154178], [0.9278030105245013, 53.01335480047342], [0.9278537153519888, 53.01324171674544], [0.9278893016997917, 53.01315315532601], [0.9278069447328919, 53.01312863301746], [0.9277423456631161, 53.01318517488145], [0.9276857172414834, 53.01307209115347], [0.9277419672778058, 53.012959007425486], [0.9278063921410123, 53.012902465561496], [0.9278327598358009, 53.01299443685998], [0.9278893016997917, 53.01304579485844], [0.9280023854277731, 53.01299939335261], [0.9280815537855301, 53.01301554928948], [0.9281857679703819, 53.012959007425486], [0.9281344633659542, 53.012902465561496], [0.9281154691557546, 53.01289004536829], [0.9282285528837361, 53.01279932961368], [0.9283197413250822, 53.012902465561496], [0.9283923955708276, 53.012845923697505], [0.9284186799396454, 53.012902465561496], [0.9285112622036896, 53.01296365818915], [0.9285855765612497, 53.012902465561496], [0.9285468785346512, 53.012789381833514], [0.9286243459316711, 53.012709820286844], [0.9287939715236433, 53.012680147771825], [0.928777436034645, 53.01261975624154], [0.9288505133876339, 53.012666837265684], [0.9289070552516246, 53.01255458626774], [0.9290766808435968, 53.01254059945525], [0.929246306435569, 53.01255154328694]]}}, {"type": "Feature", "properties": {"depth": -15.0}, "geometry": {"type": "LineString", "coordinates": [[1.0924834991861796, 53.01245013064957], [1.0924826677767783, 53.01260740797179], [1.0925392096407691, 53.01265401525269], [1.0927059419759166, 53.01267629810553], [1.0928219189607227, 53.01272033750533], [1.0928784608247133, 53.012741335653025], [1.0928219189607227, 53.01281649140019], [1.0929350026887041, 53.01285882275752], [1.0930470148750762, 53.012959007425486], [1.0931046282806762, 53.01303718116384], [1.0931614511322492, 53.01312863301746], [1.0931046282806762, 53.01320711767493], [1.0929915445526948, 53.01327493538754], [1.0929227945199766, 53.01329825860943], [1.0928430949560952, 53.01335480047342], [1.0927088352327412, 53.01338339997488], [1.0926522933687506, 53.013474274586855], [1.0925392096407691, 53.01344008986517], [1.0924374533547239, 53.013524426065395], [1.0923695840487968, 53.013478292780576], [1.092284266921889, 53.01341134233741], [1.0922332477811392, 53.01335480047342], [1.092143416592834, 53.01331229076028], [1.0920733108812513, 53.01324171674544], [1.0919737910008618, 53.0132539872271], [1.0919172491368712, 53.01336377429831], [1.0918612197794417, 53.01324171674544], [1.0918041654088897, 53.013248881695176], [1.0917909549442628, 53.01312863301746], [1.0918607072728803, 53.013018229663764], [1.0919591299219154, 53.012959007425486], [1.0920868747288432, 53.01291224742115], [1.0921726586393294, 53.012845923697505], [1.0920303328648526, 53.01282752520759], [1.0919172491368712, 53.01285089280726], [1.0918041654088897, 53.012928546677045], [1.0918041654088897, 53.01280742757437], [1.091861452313068, 53.01273283996952], [1.0919334438526918, 53.01261975624154], [1.0920303328648526, 53.012531073221815], [1.092189192355328, 53.01250667251356], [1.0923091719890434, 53.01245013064957], [1.0924261259127876, 53.0124450852311]]}}, {"type": "Feature", "properties": {"depth": -15.0}, "geometry": {"type": "LineString", "coordinates": [[0.9276003151565226, 53.01335480047342], [0.9275044283750349, 53.013467884201404], [0.9274369667878659, 53.013453730281064], [0.9274369667878659, 53.01330275368762], [0.9276003151565226, 53.01335480047342]]}}, {"type": "Feature", "properties": {"depth": -15.0}, "geometry": {"type": "LineString", "coordinates": [[0.9583088245267992, 53.013055645345354], [0.9581669500859981, 53.01307209115347], [0.9581597853157944, 53.01324171674544], [0.9582522826628085, 53.01330931616014], [0.9583444379773906, 53.01324171674544], [0.9584401714530534, 53.01318517488145], [0.95836536639079, 53.013093972622585]]}}, {"type": "Feature", "properties": {"depth": -15.0}, "geometry": {"type": "LineString", "coordinates": [[0.9395485892943947, 53.00753098848238], [0.9396500094098615, 53.007589365567576], [0.939763093137843, 53.00756341903466], [0.9398442890945731, 53.00764407221036], [0.9398761768658244, 53.00770829449954], [0.9398158962090848, 53.00770061407435], [0.9397272975814757, 53.007813697802334], [0.9396181920932148, 53.007870239666325], [0.9395369256818801, 53.00793948901525], [0.9394413193702942, 53.007926781530315], [0.9393673000899079, 53.00800396857744], [0.939288293354653, 53.00809640712229], [0.9391824627561749, 53.00815294898628], [0.9390845907699543, 53.00821641424173], [0.9390071163896762, 53.00832257457825], [0.9390280489059636, 53.00843658844031], [0.9390845907699543, 53.00841830349915], [0.9391014025184732, 53.00837911644224], [0.9392542163619265, 53.008393883405034], [0.9393673000899079, 53.00833324344085], [0.9394711112617408, 53.00843565830623], [0.9395525592973103, 53.008492200170224], [0.9396573055159507, 53.008548742034215], [0.939763093137843, 53.00863231480364], [0.9397278751858259, 53.00871836762619], [0.9396500094098615, 53.00870609001154], [0.9395369256818801, 53.008724087928066], [0.9394238419538986, 53.00881231848279], [0.9393673000899079, 53.00890439945012], [0.9393107582259173, 53.0090030165883], [0.9391976744979358, 53.00908030399504], [0.9390627566556176, 53.009114160674116], [0.9389715070419729, 53.009103430082384], [0.9388584233139914, 53.00915223994258], [0.9388018814500008, 53.009268003921875], [0.9386322558580286, 53.00924626835043], [0.9384626302660564, 53.00922749976631], [0.938349546538075, 53.009198752920284], [0.9382364628100935, 53.00912817142519], [0.9381233790821121, 53.00906614926519], [0.9380472863780613, 53.009057618810125], [0.9380674296784733, 53.00917070253811], [0.9380102953541306, 53.009272689119484], [0.9379779959806467, 53.00939686999407], [0.9380506596427567, 53.00950995372205], [0.9381233790821121, 53.00957194548778], [0.9382364628100935, 53.009643533934295], [0.938349546538075, 53.00968217310139], [0.9385191721300471, 53.00969915052309], [0.9386623984514556, 53.009736121178015], [0.9388018814500008, 53.00976819233544], [0.9389149651779821, 53.009805090226514], [0.9390280489059636, 53.00986702136391], [0.939141132633945, 53.00996189032812], [0.9391386975709488, 53.01001883049797], [0.939141132633945, 53.01013090228878], [0.9390889044420438, 53.01024499795393], [0.9389715070419729, 53.010299638201786], [0.9388584233139914, 53.01035435889606], [0.9387789724528183, 53.010414623545905], [0.9386887977220193, 53.010490289240515], [0.9385191721300471, 53.01051094668423], [0.9384060884020656, 53.010547872110614], [0.9382399441357097, 53.01058424913788], [0.9381233790821121, 53.01060373674312], [0.9380102953541306, 53.010643188374296], [0.9378972116261493, 53.01070264632379], [0.9377394106773181, 53.01075387472985], [0.937635620557047, 53.01075387472985], [0.9375691074887661, 53.01081041659384], [0.9375014185782141, 53.01080687027538], [0.9373883348502328, 53.010832492995], [0.9372187092582606, 53.01086505279781], [0.9370490836662884, 53.010862782026365], [0.9368960950312551, 53.01081041659384], [0.9368794580743163, 53.01073371427755], [0.9368229162103255, 53.01066362810018], [0.9367098324823441, 53.01070865295872], [0.9365967487543626, 53.01075830693401], [0.9364626162624592, 53.01081041659384], [0.936314039434409, 53.010849667781244], [0.9362009557064276, 53.01087231724878], [0.9360313301144554, 53.01089195269373], [0.9358617045224833, 53.01091129376734], [0.9357486207945018, 53.01092844050615], [0.9356355370665204, 53.01090993365707], [0.9355105504130979, 53.01092350032182], [0.935397990655254, 53.010980042185814], [0.9352962858825761, 53.01106519320569], [0.9351266602906039, 53.01103809565257], [0.9350310720384042, 53.011093125913796], [0.934900492834641, 53.01106969821288], [0.9347874091066596, 53.01100649494836], [0.9346983689374398, 53.011093125913796], [0.9346177835146874, 53.01104592636176], [0.934504699786706, 53.01112052122921], [0.9343350741947338, 53.011129975500054], [0.9342219904667524, 53.011177883511834], [0.9341172427309897, 53.01126275150577], [0.93400764800177, 53.01126275150577], [0.933990982215047, 53.01120620964178], [0.9338827392828081, 53.01130476982941], [0.9337696555548266, 53.01135690334394], [0.9336565718268451, 53.011396622554216], [0.933486946234873, 53.01139581165835], [0.9333173206429008, 53.01140765359085], [0.9332042369149194, 53.01143360489062], [0.9331079950794834, 53.01143237709774], [0.9330346113229473, 53.01141704526526], [0.932976081285036, 53.01143237709774], [0.9328649857309751, 53.01136500594096], [0.9327702806463504, 53.01143237709774], [0.9326782748609543, 53.01148891896173], [0.9326953601390029, 53.011567671031116], [0.9325909415995467, 53.011658544553704], [0.9325257345470308, 53.011730280217755], [0.9323561089550586, 53.011769124248175], [0.9322471773702351, 53.01182817014568], [0.9322198321770914, 53.01188471200967], [0.9321299414990958, 53.01190266257794], [0.9319603159071236, 53.01192479437983], [0.9318818986309494, 53.01194125387366], [0.9317906903151514, 53.01194813390803], [0.9316210647231793, 53.011986926976455], [0.931621133083669, 53.01205433760164], [0.9315645228591886, 53.012166724782674], [0.9315079809951978, 53.01224621198419], [0.9313948972672164, 53.01229836698141], [0.9312818135392349, 53.012351164563626], [0.9311121879472628, 53.01235470424076], [0.9310088228239715, 53.01245013064957], [0.9308860204912999, 53.01249056032851], [0.9308042890092804, 53.01256321437755], [0.930718697219631, 53.01261975624154], [0.9306093387835882, 53.01261975624154], [0.930519740946173, 53.01267629810553], [0.9304336855793741, 53.012655177045595], [0.9302811779380958, 53.01267629810553], [0.9302075181234113, 53.01273386636617], [0.9300569944156524, 53.012789381833514], [0.9299813506674484, 53.01273509343271], [0.9298897303468237, 53.01273283996952], [0.9298223237474992, 53.012789381833514], [0.9298682669394669, 53.01265378684145], [0.9299813506674484, 53.01260108334416], [0.9299813506674484, 53.01247811951947], [0.9298757279929913, 53.01245013064957], [0.9298117250754762, 53.01239400849157], [0.9298019858445916, 53.012280505057596], [0.929863402036355, 53.01216742132962], [0.9298682669394669, 53.01206389928451], [0.9297551832114854, 53.011998511242005], [0.9296934404204318, 53.01194125387366], [0.9295849270377022, 53.01188471200967], [0.9294159320275411, 53.01186477119747], [0.9293593901635504, 53.011760879337324], [0.929246306435569, 53.0116943730283], [0.9291554827214653, 53.011771628281686], [0.929120452966018, 53.011715086417695], [0.9291776642048881, 53.01160200268971], [0.9293028482995597, 53.01157022967051], [0.9294159320275411, 53.01154046455564], [0.929485081125836, 53.01154546082572], [0.9296420994835041, 53.01149220575202], [0.9297551832114854, 53.011456581622554], [0.9298682669394669, 53.0114171049094], [0.9300378925314391, 53.01138395135655], [0.9301509762594206, 53.01145140755452], [0.9302275571560277, 53.01143237709774], [0.9303718800778897, 53.01143237709774], [0.9304407337959505, 53.01137583523375], [0.9305467693073556, 53.01142883415685], [0.9306978043327799, 53.01143237709774], [0.9307311148910425, 53.01137583523375], [0.9308247940873448, 53.01143237709774], [0.9308860204912999, 53.01141912707299], [0.9309888874608996, 53.01148891896173], [0.9310556460832721, 53.0114667327639], [0.9311687298112535, 53.01149162141273], [0.9312797403207409, 53.01143237709774], [0.9313383554032256, 53.011472485205395], [0.9314658072178585, 53.01143237709774], [0.931527364914032, 53.01131929336976], [0.9316726457363785, 53.01131929336976], [0.9317341484511606, 53.01129412446541], [0.9318472321791421, 53.011221429516425], [0.9319603159071236, 53.011155033838435], [0.932073399635105, 53.01112125805338], [0.9321864833630864, 53.011081484145734], [0.932250495269544, 53.011093125913796], [0.9324126508190493, 53.01106437725704], [0.9325445058668219, 53.011036584049805], [0.9326953601390029, 53.01099984096396], [0.9327891765036196, 53.010980042185814], [0.9328394861739757, 53.01092350032182], [0.9327660919917543, 53.01086695845783], [0.9327519020029936, 53.010864044018135], [0.9328043461971052, 53.01069733286586], [0.9328948580024203, 53.01064079100187], [0.9329780694589566, 53.01056596905265], [0.9330911531869379, 53.010523913128715], [0.9331983287390726, 53.010414623545905], [0.9333173206429008, 53.01039460144801], [0.933486946234873, 53.01035828656706], [0.9335434880988638, 53.01032890026093], [0.9335434880988638, 53.010231009123004], [0.9337100454912873, 53.01024499795393], [0.9337696555548266, 53.010238554940564], [0.9338629977835193, 53.01013191422595], [0.9339392811467988, 53.01016087187986], [0.9340523648747803, 53.01010551243059], [0.9341200469902208, 53.01007537236196], [0.9342356324364361, 53.01007537236196], [0.9343229484074776, 53.00996228863398], [0.9343988573273005, 53.00996228863398], [0.934504699786706, 53.00993149849172], [0.9345844741987721, 53.009849204906], [0.9346743253786781, 53.009774852450136], [0.9348203953250332, 53.009736121178015], [0.934900492834641, 53.00974187501343], [0.9350135765626224, 53.00968663876714], [0.9351145634691354, 53.009623037450034], [0.9351832021545946, 53.00954934469912], [0.9351732393177453, 53.00945341185806], [0.9352322933002581, 53.00934032813008], [0.9353463442008836, 53.00928378626609], [0.9353528277465668, 53.009189982548996], [0.9354093696105575, 53.0091382704933], [0.9355789952025296, 53.00913584108942], [0.9357270904487512, 53.009114160674116], [0.9357643560754273, 53.009001076946134], [0.9357385613422845, 53.00888799321816], [0.9358541233000883, 53.00883145135417], [0.9359747882504648, 53.00882103089849], [0.9360992036580233, 53.00877490949018], [0.9362009557064276, 53.00871689331084], [0.9362783031237342, 53.008605283898206], [0.9362177192746227, 53.008548742034215], [0.9361877818877693, 53.008492200170224], [0.9362574975704183, 53.008414917637396], [0.9363705812983998, 53.008366982806116], [0.9364290076004634, 53.00832257457825], [0.9364881748119035, 53.00837911644224], [0.9365944032476514, 53.00832257457825], [0.9366962927195551, 53.00832257457825], [0.9367663743463348, 53.00821283581332], [0.9368565835072431, 53.00832257457825], [0.9369359999383069, 53.00827506619958], [0.9369210635692022, 53.00820949085027], [0.9370160483288886, 53.00820949085027], [0.9371056255302791, 53.00816459471249], [0.9372187092582606, 53.00824908610848], [0.937324326383492, 53.00815294898628], [0.937331792986242, 53.008176209685416], [0.937331792986242, 53.00827720181016], [0.9374415913154337, 53.00837911644224], [0.9375014185782141, 53.00843588364525], [0.9376145023061956, 53.00849700420316], [0.9376145023061956, 53.00842733219787], [0.9375579604422049, 53.008304539743484], [0.9374753936817695, 53.00820949085027], [0.9374639282804755, 53.0080398652583], [0.9375579604422049, 53.00792990049407], [0.9375745174304628, 53.00809640712229], [0.9376308221663479, 53.00815294898628], [0.937632368151439, 53.007983323394306], [0.9377156395181346, 53.007870239666325], [0.9377687759297908, 53.007926781530315], [0.9378406697621585, 53.007903084791394], [0.9379423642411289, 53.007870239666325], [0.9379627018434356, 53.007926781530315], [0.9380668372181213, 53.007844523908716], [0.9381799209461028, 53.00779291191576], [0.9382809482216783, 53.007813697802334], [0.938349546538075, 53.00774993793057], [0.9384060884020656, 53.007832512306216], [0.9385191721300471, 53.00777440171], [0.9386414815075628, 53.007813697802334], [0.93874533958601, 53.0077890904097], [0.9388584233139914, 53.00774766199655], [0.9389149651779821, 53.007825797926294], [0.9389715070419729, 53.007744242940255], [0.9390845907699543, 53.007800671984086], [0.939141132633945, 53.00787099745129], [0.9391644461350328, 53.00775715593834], [0.9392427691066834, 53.007813697802334], [0.9392786979806792, 53.00775715593834], [0.9393285584986447, 53.00770061407435], [0.939415587261303, 53.00764407221036], [0.9394258768727524, 53.00758753034637], [0.9395126914493573, 53.00770061407435], [0.9395432687249503, 53.00775715593834], [0.9395896349937591, 53.00758753034637], [0.9395369256818801, 53.007492503419364]]}}, {"type": "Feature", "properties": {"depth": -15.0}, "geometry": {"type": "LineString", "coordinates": [[1.0940690815295389, 53.012280505057596], [1.0941789236965, 53.01236694596836], [1.094316626510659, 53.01233704692159], [1.0944050911524628, 53.01238570537535], [1.0945181748804442, 53.01241502588328], [1.0945009813502966, 53.01250667251356], [1.09442896326529, 53.01261975624154], [1.0943366205107043, 53.01267629810553], [1.0941789236965, 53.012705341348486], [1.0940658399685186, 53.01273655308309], [1.0939527562405371, 53.012720090264345], [1.0938330627528043, 53.01267629810553], [1.0938813239383698, 53.01256321437755], [1.0938962143765463, 53.01241490791739], [1.0939527562405371, 53.01239037198365], [1.0940092981045277, 53.01228058305904], [1.0940690815295389, 53.012280505057596]]}}, {"type": "Feature", "properties": {"depth": -15.0}, "geometry": {"type": "LineString", "coordinates": [[0.9299813506674484, 53.01203608700099], [0.9299248088034576, 53.01214165390787], [0.9299813506674484, 53.012185057330726], [0.9299922773450515, 53.01205433760164]]}}, {"type": "Feature", "properties": {"depth": -15.0}, "geometry": {"type": "LineString", "coordinates": [[1.0976860534680775, 53.01137583523375], [1.0976845192639246, 53.011441939116494], [1.097690640844417, 53.01160200268971], [1.097659266492932, 53.01154546082572], [1.0975942336838256, 53.01143237709774], [1.0975714355359432, 53.011366338229806], [1.0976524911716674, 53.01137583523375]]}}, {"type": "Feature", "properties": {"depth": -15.0}, "geometry": {"type": "LineString", "coordinates": [[1.0978254420602487, 53.01126275150577], [1.09790302009034, 53.01131929336976], [1.0979106867198876, 53.01133637882779], [1.097797602991906, 53.01139961493981], [1.0977775500108262, 53.01126275150577]]}}, {"type": "Feature", "properties": {"depth": -15.0}, "geometry": {"type": "LineString", "coordinates": [[0.9373998697817526, 53.01120620964178], [0.937331792986242, 53.01127861337808], [0.9372187092582606, 53.011337555557276], [0.9372187092582606, 53.01126055500021], [0.9372850882823388, 53.01126275150577], [0.9373883348502328, 53.01119151500027]]}}, {"type": "Feature", "properties": {"depth": -15.0}, "geometry": {"type": "LineString", "coordinates": [[1.0983064797678226, 53.01111263333344], [1.0981967385657252, 53.01120620964178], [1.0983064797678226, 53.011307103976456], [1.0983812527352825, 53.01120620964178], [1.0983064797678226, 53.01111263333344]]}}, {"type": "Feature", "properties": {"depth": -15.0}, "geometry": {"type": "LineString", "coordinates": [[1.0985326472237853, 53.01097768373971], [1.0984005222450894, 53.010980042185814], [1.0983926727998616, 53.01114966777779], [1.098470042167854, 53.011093125913796], [1.0985326472237853, 53.01098285695365]]}}, {"type": "Feature", "properties": {"depth": -15.0}, "geometry": {"type": "LineString", "coordinates": [[1.0869756962126969, 53.01052770727389], [1.0869415651056877, 53.01065291307765], [1.086861068819902, 53.01069733286586], [1.0867199593323114, 53.01069733286586], [1.0867719395137156, 53.010763215649966], [1.0866023139217433, 53.010776060258095], [1.086510815254439, 53.01081041659384], [1.086489230193762, 53.01074802994254], [1.0865714627155385, 53.01075387472985], [1.086641486238365, 53.01064079100187], [1.0867153976497248, 53.01069498293889], [1.0867719395137156, 53.01057378466123], [1.0868643349401905, 53.01058424913788], [1.0869415651056877, 53.01051181446499]]}}, {"type": "Feature", "properties": {"depth": -15.0}, "geometry": {"type": "LineString", "coordinates": [[1.0991752482936124, 53.00577819069866], [1.0992951771822426, 53.005834732562654], [1.099437317047637, 53.00586505926966], [1.0996061583900414, 53.005891274426645], [1.0997093614068714, 53.005891274426645], [1.0997765682315812, 53.00589941296345], [1.0998896519595627, 53.005874801052336], [1.0999691956013273, 53.005891274426645], [1.100018412053021, 53.005834732562654], [1.100149020661266, 53.005834732562654], [1.1002168432277606, 53.005891274426645], [1.1002854450074977, 53.00586080397627], [1.1003656004171087, 53.005947816290636], [1.1002854450074977, 53.00601883252945], [1.1001723612795162, 53.00607705063366], [1.1000592775515348, 53.00605966481963], [1.0999461938235533, 53.006080422852804], [1.0998872599257692, 53.00606090001862], [1.0997765682315812, 53.0061349934352], [1.099619287886138, 53.0061739837466], [1.0996934080472534, 53.00628706747458], [1.0997521539466368, 53.00640015120256], [1.099833110095572, 53.00636680221879], [1.099890236457084, 53.00628706747458], [1.0997765682315812, 53.00626966771556], [1.099833110095572, 53.00620665826512], [1.1000027356875441, 53.006178291579225], [1.1001158194155256, 53.006242511529884], [1.1001627734123496, 53.00640015120256], [1.1002207758458193, 53.00634360933857], [1.1002854450074977, 53.00624403558691], [1.1003886254516826, 53.00628706747458], [1.1004790502823396, 53.00628706747458], [1.100541133310681, 53.00640015120256], [1.1005681543274513, 53.006465715164204], [1.1005954743943371, 53.006569776794535], [1.1006812380554327, 53.006647639674654], [1.100624696191442, 53.00671041956368], [1.1005116124634606, 53.006749880313244], [1.10045507059947, 53.00665066353577], [1.100358967129299, 53.006626318658526], [1.1004088323271162, 53.00673940238651], [1.1002854450074977, 53.006754349996335], [1.100144895813355, 53.0067959442505], [1.1000027356875441, 53.00682662074363], [1.0998908312021145, 53.00690902797848], [1.1000592775515348, 53.006923552470404], [1.10015201807329, 53.00690902797848], [1.100228903143507, 53.00685392667153], [1.1003985287354792, 53.00688794796854], [1.1005116124634606, 53.00684557085688], [1.1005493109740674, 53.00696556984247], [1.1005116124634606, 53.00707554771884], [1.1005081713134586, 53.00707865357045], [1.1003633002715987, 53.00707865357045], [1.1004164781110641, 53.007191737298434], [1.1003963478829417, 53.007135195434444], [1.1002854450074977, 53.00715884120582], [1.1002128588477549, 53.007191737298434], [1.1001158194155256, 53.00708111551417], [1.1001158194155256, 53.007215665963095], [1.1001723612795162, 53.00735819580763], [1.1001723612795162, 53.007474430691104], [1.100228903143507, 53.007510436237], [1.1001913046571097, 53.00758753034637], [1.1001158194155256, 53.00765607502171], [1.0999623971905645, 53.00764407221036], [1.0998896519595627, 53.00768422151341], [1.099833110095572, 53.00771107458665], [1.0998440123517297, 53.007870239666325], [1.0997200263675906, 53.00791341439823], [1.0996634845035997, 53.0079986917682], [1.0995930923987098, 53.00809640712229], [1.0997200263675906, 53.008144520400144], [1.0996976867466723, 53.00820949085027], [1.0997387046715776, 53.00832257457825], [1.0996634845035997, 53.00830064604969], [1.0996182544954514, 53.00843565830623], [1.0995504007756183, 53.00842376163506], [1.0995323754478856, 53.008548742034215], [1.099391467497393, 53.008605283898206], [1.099347728083344, 53.00871836762619], [1.099437317047637, 53.008795232516604], [1.0995504007756183, 53.00887246506605], [1.0996069426396091, 53.008770847655576], [1.0996100255957892, 53.00888799321816], [1.0995504007756183, 53.00895034020995], [1.099437317047637, 53.008916915779686], [1.0993807751836462, 53.00877680474819], [1.0992676914556647, 53.00873408614659], [1.0992676914556647, 53.00884315647242], [1.0993755521334798, 53.00894453508215], [1.0993807751836462, 53.009012495577295], [1.0993178213072172, 53.009057618810125], [1.0992062201146786, 53.009057618810125], [1.099211149591674, 53.00912731670225], [1.0990980658636926, 53.009110123134995], [1.0989849821357112, 53.009011661107216], [1.098849378147242, 53.009057618810125], [1.0987588146797482, 53.009019403875], [1.0986657587082695, 53.009114160674116], [1.0985891890877761, 53.00917680558945], [1.0986158900951628, 53.009114160674116], [1.0985326472237853, 53.009050797110646], [1.0984761053597947, 53.00911416594314], [1.0983630216318132, 53.009104139764894], [1.0982505908906455, 53.00917070253811], [1.0981368541758503, 53.009174545502376], [1.098023770447869, 53.00914345301334], [1.0979106867198876, 53.0092154616309], [1.0977981980237592, 53.00928378626609], [1.0977410611279153, 53.00926841694748], [1.0976299648953827, 53.00934032813008], [1.0975148936719523, 53.009386924676164], [1.097401809943971, 53.00943858893048], [1.097334542982864, 53.00950995372205], [1.0972321843519988, 53.00947711753036], [1.0971504344799776, 53.00956649558604], [1.0970625587600267, 53.009552975736085], [1.097006016896036, 53.00963578379052], [1.0968666961821207, 53.009679579314025], [1.0967798494400731, 53.00967194315285], [1.0967233075760823, 53.00975093840604], [1.0967233075760823, 53.00964177541283], [1.0967136970500968, 53.00956649558604], [1.0968359912968555, 53.00950995372205], [1.0968929331680546, 53.009436500414395], [1.0970307037360274, 53.00939686999407], [1.097136033674507, 53.00934032813008], [1.0971989579495052, 53.0092272444021], [1.0970625587600267, 53.00921266580318], [1.0969720805128584, 53.00928378626609], [1.0968765390923174, 53.00934032813008], [1.0967713117058264, 53.00939686999407], [1.0966222705825586, 53.00945341185806], [1.0965189329468081, 53.00950995372205], [1.0963979329515208, 53.00956649558604], [1.0963275145281473, 53.009552354547445], [1.0962709726641566, 53.009626091463645], [1.0961578889361752, 53.00968605629045], [1.0960448052081937, 53.009761338028895], [1.0959317214802122, 53.00981947836985], [1.0958186377522308, 53.009875650221915], [1.0957055540242493, 53.009959066439365], [1.095592470296268, 53.01000245225907], [1.0955032800278435, 53.01007537236196], [1.0953777544451824, 53.01013191422595], [1.0952651563956883, 53.01013191422595], [1.0951685259271489, 53.01013191422595], [1.0950835935203516, 53.01022200898367], [1.09497050979237, 53.010279272667525], [1.0948574260643886, 53.01034336455914], [1.0947149599667707, 53.010358081681915], [1.0946312586084257, 53.010437159725456], [1.0945696986419926, 53.010414623545905], [1.0944102344286977, 53.010471165409896], [1.0943485492884721, 53.010562851322554], [1.09426520940654, 53.01052770727389], [1.0942354655604907, 53.01051426223347], [1.0941789236965, 53.01046374389716], [1.0941223818325092, 53.010575815649176], [1.0939975698608553, 53.01052770727389], [1.0938727681027665, 53.010471165409896], [1.0937831306485648, 53.01048958084791], [1.0936700469205833, 53.01041573813859], [1.0936319823828022, 53.01058424913788], [1.093556963192602, 53.01064218944811], [1.0934438794646206, 53.010705300232516], [1.09335256829373, 53.01064079100187], [1.0933971434937608, 53.01052770727389], [1.0933307957366392, 53.010552374490764], [1.093223260251239, 53.01064079100187], [1.093161170144667, 53.0107317209001], [1.0931046282806762, 53.01061284756251], [1.0930372351711197, 53.01069733286586], [1.0928872595565617, 53.01075387472985], [1.0927892844215528, 53.01081041659384], [1.092689391557057, 53.01081041659384], [1.0926522933687506, 53.010719704834344], [1.0927767104992308, 53.01069733286586], [1.0928784608247133, 53.010612280019295], [1.0929915445526948, 53.01052892623639], [1.0929829767538148, 53.010471165409896], [1.0928756795905352, 53.010414623545905], [1.092765377096732, 53.0104245038613], [1.0926522933687506, 53.010471167691556], [1.0926909584013078, 53.010414623545905], [1.0926522933687506, 53.010340461482], [1.0926486409416738, 53.01024499795393], [1.0927569150917003, 53.01018845608994], [1.0928219189607227, 53.010209851228424], [1.09289205511494, 53.01013191422595], [1.0929915445526948, 53.01015208459783], [1.0930495273326386, 53.01007537236196], [1.093145643443871, 53.00996228863398], [1.0932177120086577, 53.009879865639306], [1.0932177120086577, 53.00978805988], [1.0931647759351792, 53.009623037450034], [1.0931155272299862, 53.009679579314025], [1.0930480864166856, 53.009634952697894], [1.092971669074369, 53.009623037450034], [1.092825933988634, 53.009623037450034], [1.0927856326786196, 53.00950995372205], [1.0929229756729164, 53.00945341185806], [1.0929915445526948, 53.00939368886172], [1.093091564485926, 53.00928378626609], [1.093161170144667, 53.009287483939524], [1.0932177120086577, 53.00922200538], [1.0933435994877203, 53.00917070253811], [1.0934438794646206, 53.009107618391035], [1.093556963192602, 53.009139268057154], [1.0936135050565927, 53.00911267247166], [1.0936135050565927, 53.008987759206924], [1.0936700469205833, 53.00908516650576], [1.0937706266046623, 53.009057618810125], [1.0938962143765463, 53.00907058123345], [1.094061912280141, 53.009057618810125], [1.0941223818325092, 53.009106387516624], [1.0941616267647405, 53.00894453508215], [1.094209408911644, 53.00883145135417], [1.0942354655604907, 53.0087138908509], [1.0943204774209716, 53.008605283898206], [1.0944227466773302, 53.008548742034215], [1.0944616330164536, 53.008490169858554], [1.0945061157742184, 53.00837911644224], [1.0944050911524628, 53.008267301481304], [1.0943485492884721, 53.00826582560121], [1.0944616330164536, 53.00819804500374], [1.09445065655779, 53.00809640712229], [1.0943485492884721, 53.0079862315831], [1.0942354655604907, 53.00809492913796], [1.0941262093629849, 53.007983323394306], [1.0940658399685186, 53.00791606229819], [1.0940092981045277, 53.007987078829274], [1.0939527562405371, 53.007907791219054], [1.0938396725125556, 53.00785246569466], [1.0937265887845742, 53.00787969493011], [1.0935640454782427, 53.007926781530315], [1.0934778027226773, 53.007926781530315], [1.0933307957366392, 53.00790357585746], [1.0932807839982592, 53.0080398652583], [1.0932177120086577, 53.008096478120095], [1.0931154528705487, 53.0080398652583], [1.0930480864166856, 53.007944401912944], [1.0930480864166856, 53.00804040517409], [1.0930480864166856, 53.00815480254627], [1.0929375654512523, 53.00815294898628], [1.0928784608247133, 53.008145087027344], [1.0927563892004997, 53.00815294898628], [1.0926180441529172, 53.00820949085027], [1.0925530769859584, 53.00815294898628], [1.0925210892156167, 53.0080398652583], [1.0924826677767783, 53.0078802142202], [1.0925392096407691, 53.007851270903714], [1.0926522933687506, 53.00790344009628], [1.0927258037655672, 53.007926781530315], [1.092765377096732, 53.007798718675154], [1.0928234685927856, 53.00775715593834], [1.0928219189607227, 53.007819342904114], [1.0929350026887041, 53.007914016269666], [1.0929660203166776, 53.00775715593834], [1.0930480864166856, 53.00776892828221], [1.0931801149445015, 53.007813697802334], [1.0932742538726483, 53.00788767013737], [1.0933307957366392, 53.00777548862462], [1.0935004213286112, 53.00778056252404], [1.0934827828570344, 53.00770061407435], [1.0934223126674225, 53.00758753034637], [1.0933470515777834, 53.00747444661839], [1.0932198396936208, 53.00747444661839], [1.0931046282806762, 53.007483510406416], [1.0929983971461323, 53.00753098848238], [1.093086055412659, 53.0074179047544], [1.093117745284221, 53.007304821026416], [1.093176321863811, 53.007191737298434], [1.0931046282806762, 53.00710290348351], [1.0929915445526948, 53.00704022645666], [1.0928784608247133, 53.00709070864432], [1.0927840444678938, 53.00702211170646], [1.0928542016466152, 53.00690902797848], [1.0929915445526948, 53.00687199392254], [1.092986433975466, 53.0067959442505], [1.0930951863459506, 53.00673940238651], [1.0932177120086577, 53.00670094402829], [1.0933307957366392, 53.00664570877516], [1.0934438794646206, 53.00660847556686], [1.0936135050565927, 53.00657332553517], [1.0937265887845742, 53.00653876468486], [1.0938962143765463, 53.00654756075954], [1.0940399818356275, 53.006513234930544], [1.0941223818325092, 53.006517116681344], [1.0942354655604907, 53.00650140704003], [1.0944050911524628, 53.006467621655126], [1.0945181748804442, 53.006444806101605], [1.0946878004724163, 53.00642383187275], [1.0948574260643886, 53.00643697030908], [1.09497050979237, 53.00649435762198], [1.0950835935203516, 53.00655596341325], [1.0950835935203516, 53.00667331790893], [1.0950270516563607, 53.006743137032814], [1.0949241967109231, 53.00685248611449], [1.0948008842003978, 53.006885828509766], [1.0948574260643886, 53.006941569991604], [1.0949350391439652, 53.00702211170646], [1.09497050979237, 53.007083044761046], [1.0949999192982742, 53.007191737298434], [1.0949139679283793, 53.007138332255806], [1.0948574260643886, 53.00725205328664], [1.0948008842003978, 53.00736148259192], [1.0946878004724163, 53.00743310387521], [1.094574716744435, 53.0075116993311], [1.094574716744435, 53.007607003039176], [1.0946878004724163, 53.00768312905671], [1.094663727112577, 53.00758753034637], [1.0948008842003978, 53.00758724708626], [1.094806130489479, 53.00770061407435], [1.0947443423364072, 53.007779528987435], [1.0946501842444858, 53.007870239666325], [1.0946732155710897, 53.0080398652583], [1.094574716744435, 53.0080293836645], [1.0944919836800384, 53.00809640712229], [1.0945266513108265, 53.00820949085027], [1.094574716744435, 53.0082715136077], [1.0945181748804442, 53.008401509449], [1.094574716744435, 53.008460226261626], [1.0947263203996465, 53.008492200170224], [1.0948008842003978, 53.008451122789005], [1.0949139679283793, 53.00840458544084], [1.0950270516563607, 53.00836254287399], [1.095196677248333, 53.008364804203595], [1.0953590306848078, 53.00832257457825], [1.0954228447042957, 53.008354451640464], [1.0955130209532975, 53.00837911644224], [1.095592470296268, 53.00841879980458], [1.0956645368530584, 53.00832257457825], [1.0958186377522308, 53.00826940194095], [1.0958816902002135, 53.00826603271426], [1.0960448052081937, 53.00829370109631], [1.0961875926280251, 53.00826603271426], [1.0962709726641566, 53.00816637599811], [1.0964405982561287, 53.008178259632714], [1.09639281198375, 53.00809640712229], [1.09629005580072, 53.00809640712229], [1.0961578889361752, 53.00813535756432], [1.095988263344203, 53.00813981021703], [1.0958751796162216, 53.008154801074404], [1.0957710708712345, 53.00809640712229], [1.0958716201684755, 53.007983323394306], [1.0959317214802122, 53.007999047625795], [1.0961013470721843, 53.00802992238934], [1.0962144308001658, 53.00794111190037], [1.0963275145281473, 53.00789701157657], [1.0964405982561287, 53.00785443555137], [1.096610223848101, 53.00782433444061], [1.0966961644974398, 53.007813697802334], [1.0967798494400731, 53.00788208187853], [1.0967798494400731, 53.00776048512329], [1.0967798494400731, 53.00768517082188], [1.0968929331680546, 53.007598965326274], [1.0969889776327597, 53.00753098848238], [1.097006016896036, 53.00736485668598], [1.0971191006240173, 53.00734005938049], [1.0972321843519988, 53.007291824626826], [1.0973825142472862, 53.007248279162425], [1.0975148936719523, 53.00722427702497], [1.0975714355359432, 53.00717299800482], [1.097401809943971, 53.007164596039395], [1.0974583518079617, 53.00710551697654], [1.0974170420389706, 53.00702211170646], [1.097563872477741, 53.00696556984247], [1.097490650210656, 53.00685248611449], [1.0975927589142749, 53.00685248611449], [1.0976845192639246, 53.00683940607002], [1.0977662333452458, 53.00690902797848], [1.0978541448558967, 53.007004348952115], [1.0979672285838782, 53.00691558920958], [1.098023770447869, 53.007026110184896], [1.0980831415119103, 53.00696556984247], [1.098149761601848, 53.00690902797848], [1.098247770325284, 53.00685248611449], [1.0982515457798134, 53.00690902797848], [1.0982499379038317, 53.006981062679934], [1.0983442695691346, 53.00690902797848], [1.0983630216318132, 53.00678970649261], [1.098419563495804, 53.00686224605684], [1.0985326472237853, 53.00684557544223], [1.0986071759878056, 53.00673940238651], [1.0986889510828173, 53.006626318658526], [1.0986328939476429, 53.006513234930544], [1.0986457309517668, 53.00645011944418], [1.098489123718325, 53.00645669306655], [1.098388582295065, 53.00645669306655], [1.0984772611089828, 53.00640015120256], [1.0985326472237853, 53.00633695907319], [1.0983630216318132, 53.00630651353331], [1.0982170678031518, 53.00628706747458], [1.098143392952002, 53.0061739837466], [1.0981354344127738, 53.00611744188261], [1.098033971479492, 53.00606090001862], [1.0979672285838782, 53.005992068152246], [1.098023770447869, 53.00592759160835], [1.0981368541758503, 53.005878407164744], [1.0982570112176688, 53.005834732562654], [1.098419563495804, 53.00580676717827], [1.0985627519858654, 53.00577819069866], [1.0987022728157576, 53.005751489565135], [1.0988718984077297, 53.00576940548182], [1.099041523999702, 53.00576949729716], [1.0991206881370283, 53.00577819069866]]}}, {"type": "Feature", "properties": {"depth": -15.0}, "geometry": {"type": "LineString", "coordinates": [[1.0935004213286112, 53.0104493223758], [1.0934720878695194, 53.01058424913788], [1.0934438794646206, 53.0106841083275], [1.093556963192602, 53.01063948040345], [1.0935458924178585, 53.01052770727389]]}}, {"type": "Feature", "properties": {"depth": -15.0}, "geometry": {"type": "LineString", "coordinates": [[1.0862283025012152, 53.00928378626609], [1.0863761464657806, 53.00931626216827], [1.086489230193762, 53.00937581662026], [1.0865765083908108, 53.00945341185806], [1.0866588557857342, 53.00953460261277], [1.0867719395137156, 53.00950220537755], [1.0868714393385566, 53.00945341185806], [1.08694688972502, 53.00950995372205], [1.0870799733933438, 53.00950995372205], [1.0871111906976598, 53.00954432775136], [1.0870546488336692, 53.00965420542627], [1.0869981069696784, 53.00972164305982], [1.0870183330955965, 53.009849204906], [1.0869415651056877, 53.00991159293625], [1.0868850232416971, 53.009835615605105], [1.0868531344529724, 53.00996228863398], [1.0869981069696784, 53.00996699784707], [1.0871111906976598, 53.01004886190207], [1.0872030956927583, 53.00996228863398], [1.0872808162896321, 53.01001662729387], [1.0872242744256413, 53.01006841920379], [1.0871231590206922, 53.01013191422595], [1.0870689055989105, 53.01018845608994], [1.0869660481729329, 53.01018845608994], [1.086920718435291, 53.010301539817924], [1.0868284813777063, 53.01036660619815], [1.0867153611602376, 53.010414623545905], [1.0865746129248548, 53.010471165409896], [1.0864648736985045, 53.01052770727389], [1.0863196046017898, 53.01056081772202], [1.0862065208738083, 53.01059973815177], [1.0861193263948805, 53.01052770727389], [1.0861875225422604, 53.010414623545905], [1.0862169853314187, 53.010301539817924], [1.0861339779215426, 53.01024499795393], [1.086093437145827, 53.010185686004675], [1.086080437513099, 53.01007537236196], [1.0861511963086663, 53.01007537236196], [1.086299060361177, 53.01007537236196], [1.0862535681256555, 53.00996228863398], [1.0862033867853098, 53.009849204906], [1.0862630627377992, 53.009756424364724], [1.0862065208738083, 53.00972637991232], [1.0860919929590482, 53.009736121178015], [1.0859698067145676, 53.009736121178015], [1.0859350135120294, 53.00956649558604], [1.0859026962083806, 53.00945341185806], [1.0859238115538548, 53.00929691629207], [1.086093437145827, 53.00930320040436], [1.0862065208738083, 53.009271683138564]]}}, {"type": "Feature", "properties": {"depth": -15.0}, "geometry": {"type": "LineString", "coordinates": [[1.0923207348460906, 53.010414623545905], [1.0924261259127876, 53.01049044731665], [1.0925392096407691, 53.0104483152815], [1.0925392096407691, 53.01053649196607], [1.0923695840487968, 53.01056821462809], [1.0923130421848062, 53.01051867177611], [1.0923065392421163, 53.010414623545905]]}}, {"type": "Feature", "properties": {"depth": -15.0}, "geometry": {"type": "LineString", "coordinates": [[1.093556963192602, 53.010117763115005], [1.0934438794646206, 53.010159942354626], [1.0933307957366392, 53.01022521149173], [1.093191584030959, 53.01024499795393], [1.0931046282806762, 53.010318293562996], [1.092993345669443, 53.010414623545905], [1.0931046282806762, 53.010496546182964], [1.0932063543719661, 53.010471165409896], [1.0932214910450646, 53.010414623545905], [1.0933307957366392, 53.010350959472056], [1.0934438794646206, 53.01028654734563], [1.093566439387952, 53.01024499795393], [1.093556963192602, 53.010117763115005]]}}, {"type": "Feature", "properties": {"depth": -15.0}, "geometry": {"type": "LineString", "coordinates": [[1.0988527558566772, 53.010301539817924], [1.098815356543739, 53.010408136543816], [1.0987588146797482, 53.01041673784665], [1.0987588146797482, 53.01035001107194], [1.0988527558566772, 53.010301539817924]]}}, {"type": "Feature", "properties": {"depth": -15.0}, "geometry": {"type": "LineString", "coordinates": [[1.095937228603725, 53.00996228863398], [1.0959317214802122, 53.010105709007895], [1.0958186377522308, 53.01014010301948], [1.0957345978535742, 53.01024499795393], [1.0956490121602587, 53.01019387363533], [1.095592470296268, 53.01018279559818], [1.0956798248761235, 53.01007537236196], [1.0957620958882401, 53.01008069711111], [1.0958186377522308, 53.010013034372875], [1.0959317214802122, 53.00995944278161]]}}, {"type": "Feature", "properties": {"depth": -15.0}, "geometry": {"type": "LineString", "coordinates": [[0.991785340601794, 53.009736121178015], [0.9919033541447586, 53.009792663042006], [0.9918381498732963, 53.00987013236769], [0.9917816080093056, 53.00973714642029], [0.991785340601794, 53.009736121178015]]}}, {"type": "Feature", "properties": {"depth": -15.0}, "geometry": {"type": "LineString", "coordinates": [[1.096632503281395, 53.009623037450034], [1.096587258733692, 53.009736121178015], [1.09653336991294, 53.009792663042006], [1.0965536819841102, 53.009671374129255], [1.096632503281395, 53.009623037450034]]}}, {"type": "Feature", "properties": {"depth": -15.0}, "geometry": {"type": "LineString", "coordinates": [[1.0858751219559224, 53.009623037450034], [1.0858672696898641, 53.00978179892671], [1.085751131691551, 53.009736121178015], [1.0856411022339012, 53.00964147164418], [1.0856976440978918, 53.00958240023425], [1.085781339958727, 53.009623037450034], [1.0858751219559224, 53.009623037450034]]}}, {"type": "Feature", "properties": {"depth": -15.0}, "geometry": {"type": "LineString", "coordinates": [[1.0933873376006298, 53.00953771994232], [1.0932874570757547, 53.009623037450034], [1.0932542414795754, 53.009736121178015], [1.093358770862851, 53.009736121178015], [1.0933873376006298, 53.009621614416545]]}}, {"type": "Feature", "properties": {"depth": -15.0}, "geometry": {"type": "LineString", "coordinates": [[1.0935004213286112, 53.00955462008897], [1.0934438794646206, 53.00965624034944], [1.0935004213286112, 53.00969054958137], [1.0935207590062368, 53.00956649558604]]}}, {"type": "Feature", "properties": {"depth": -15.0}, "geometry": {"type": "LineString", "coordinates": [[0.9421969293485306, 53.0080398652583], [0.9422509351534346, 53.008167160492114], [0.9423640188814161, 53.008247878629476], [0.9424771026093975, 53.008316898592064], [0.942559809969801, 53.00837911644224], [0.9426467282013697, 53.008449934739616], [0.9427598119293511, 53.00850938915088], [0.9428701605610227, 53.008605283898206], [0.9429090908067745, 53.00871836762619], [0.9429631830931101, 53.00883145135417], [0.9430425212493048, 53.008912375604915], [0.9431317855693377, 53.009001076946134], [0.9432121468412769, 53.009070034372016], [0.9432884953260865, 53.00917070253811], [0.943381772433249, 53.009258673915674], [0.9434300564345626, 53.00939686999407], [0.9433252305692583, 53.00949857039836], [0.9432121468412769, 53.00953791440025], [0.943219200974284, 53.009623037450034], [0.9430990631132955, 53.00963085908461], [0.9429512591950077, 53.009623037450034], [0.9428728956573326, 53.009646601488924], [0.9427675719985265, 53.00956649558604], [0.9427307367305962, 53.009623037450034], [0.9426467282013697, 53.00959190619079], [0.942590186337379, 53.00948785623478], [0.9424771026093975, 53.00944624380601], [0.942391940926733, 53.00939686999407], [0.9422981940574053, 53.00939686999407], [0.9421378514254533, 53.00935625454638], [0.9420503756781743, 53.00928378626609], [0.9419547226692659, 53.0092272444021], [0.9418954708659607, 53.009114160674116], [0.9418544223780255, 53.009001076946134], [0.9417420583775181, 53.00894350585379], [0.9416622115986656, 53.00883145135417], [0.941577130201828, 53.00877490949018], [0.941572432785546, 53.008772297223246], [0.941572432785546, 53.008634535016384], [0.9414593490575646, 53.00855272784908], [0.941374888377315, 53.008492200170224], [0.9414584624502986, 53.00837911644224], [0.941572432785546, 53.00833895799089], [0.9416289746495368, 53.00826099187085], [0.9417420583775181, 53.00818779603602], [0.9418439888122151, 53.00809640712229], [0.941957150359574, 53.0080398652583], [0.9420247676974718, 53.00805171109922], [0.9421378514254533, 53.00801547418087]]}}, {"type": "Feature", "properties": {"depth": -15.0}, "geometry": {"type": "LineString", "coordinates": [[1.0859803534178456, 53.009393968818124], [1.0859803534178456, 53.009492128748704], [1.086061591261395, 53.00956649558604], [1.0861802570193573, 53.00956649558604], [1.0861024624321054, 53.00945341185806], [1.0860012045183574, 53.00939686999407]]}}, {"type": "Feature", "properties": {"depth": -15.0}, "geometry": {"type": "LineString", "coordinates": [[0.9916964864341368, 53.00939686999407], [0.991736613506043, 53.00950995372205], [0.991621933079294, 53.00950995372205], [0.9915785953658446, 53.00939686999407], [0.9916964864341368, 53.00939686999407]]}}, {"type": "Feature", "properties": {"depth": -15.0}, "geometry": {"type": "LineString", "coordinates": [[1.0937831306485648, 53.00932680309872], [1.0937053517846465, 53.00939686999407], [1.0936700469205833, 53.00947190574548], [1.0937569191595107, 53.00950995372205], [1.0938396725125556, 53.009529760918404], [1.0939203709712924, 53.00945341185806], [1.0938396725125556, 53.009394505319754]]}}, {"type": "Feature", "properties": {"depth": -15.0}, "geometry": {"type": "LineString", "coordinates": [[1.0987088328472554, 53.0092272444021], [1.0986581108122406, 53.00934032813008], [1.098611253496033, 53.00928378626609], [1.0987022728157576, 53.00922243220868]]}}, {"type": "Feature", "properties": {"depth": -15.0}, "geometry": {"type": "LineString", "coordinates": [[1.0997919068854964, 53.0092272444021], [1.0998435721462732, 53.00934032813008], [1.0997655003863966, 53.00934032813008], [1.0997765682315812, 53.009211145735016]]}}, {"type": "Feature", "properties": {"depth": -15.0}, "geometry": {"type": "LineString", "coordinates": [[1.0940658399685186, 53.0091035635377], [1.094055048868227, 53.0092272444021], [1.0941223818325092, 53.00933074876014], [1.0940891205659593, 53.0092272444021], [1.0940658399685186, 53.0091035635377]]}}, {"type": "Feature", "properties": {"depth": -15.0}, "geometry": {"type": "LineString", "coordinates": [[1.085770137924726, 53.009001076946134], [1.0858584041660113, 53.009114160674116], [1.0858107278258733, 53.009233380916946], [1.085688990667331, 53.0092272444021], [1.0856411022339012, 53.009107654418926], [1.0856411022339012, 53.00897518036139], [1.0857390237153723, 53.009001076946134]]}}, {"type": "Feature", "properties": {"depth": -15.0}, "geometry": {"type": "LineString", "coordinates": [[1.0977410611279153, 53.0089422727607], [1.0976279773999338, 53.00898843063633], [1.0975148936719523, 53.00901546071462], [1.097401809943971, 53.00907375704777], [1.0972887262159896, 53.00914866242393], [1.0972887262159896, 53.009245775629225], [1.097401809943971, 53.009216944620384], [1.0975148936719523, 53.00913529327143], [1.0976279773999338, 53.00906183916675], [1.0977410611279153, 53.00903517126603], [1.0977410611279153, 53.0089422727607]]}}, {"type": "Feature", "properties": {"depth": -15.0}, "geometry": {"type": "LineString", "coordinates": [[1.0949139679283793, 53.0087961086389], [1.0948574260643886, 53.008846024786564], [1.0948544772446107, 53.00894453508215], [1.0949365587898887, 53.00894453508215], [1.0949139679283793, 53.0087961086389]]}}, {"type": "Feature", "properties": {"depth": -15.0}, "geometry": {"type": "LineString", "coordinates": [[1.0936558662833997, 53.008548742034215], [1.0937265887845742, 53.00862712252714], [1.0938396725125556, 53.00858721357326], [1.0938201768839062, 53.008661825762196], [1.0937761054637916, 53.00871836762619], [1.0936511819280461, 53.00871836762619], [1.0935004213286112, 53.00876647599607], [1.0934292370584724, 53.008661825762196], [1.0934710222165724, 53.008548742034215], [1.0936135050565927, 53.00853363086545]]}}, {"type": "Feature", "properties": {"depth": -15.0}, "geometry": {"type": "LineString", "coordinates": [[1.0956490121602587, 53.00838307980986], [1.095540311522509, 53.008492200170224], [1.095592470296268, 53.008631702554496], [1.0956490121602587, 53.0085459119038], [1.0957620958882401, 53.008564746373345], [1.0958186377522308, 53.00854686452095], [1.0957055540242493, 53.008435664993776]]}}, {"type": "Feature", "properties": {"depth": -15.0}, "geometry": {"type": "LineString", "coordinates": [[0.9410315338225874, 53.00843565830623], [0.9409504722816481, 53.00854710450621], [0.940890245247721, 53.008548742034215], [0.9409504722816481, 53.00846411716409], [0.9410315338225874, 53.00843565830623]]}}, {"type": "Feature", "properties": {"depth": -15.0}, "geometry": {"type": "LineString", "coordinates": [[0.9416035005470862, 53.00736136289041], [0.941537651798664, 53.00747444661839], [0.9414888604905601, 53.00758753034637], [0.941572432785546, 53.00768047831933], [0.9416773646440597, 53.00758753034637], [0.9417420583775181, 53.00763479614749], [0.9418431979028583, 53.00764407221036], [0.9419116839694903, 53.00767721090744], [0.9419228410382192, 53.007813697802334], [0.9418551421054996, 53.007812496876795], [0.9417986002415089, 53.00788537045519], [0.9417387328798534, 53.007870239666325], [0.9416289746495368, 53.007927796567444], [0.9415158909215553, 53.00803236101782], [0.9414238188689544, 53.0080398652583], [0.9413462653295831, 53.00808608620223], [0.9412942770513544, 53.00820949085027], [0.9412366953962965, 53.00832257457825], [0.9411200978736203, 53.00833583273906], [0.9410189319367457, 53.00832257457825], [0.9410070141456388, 53.00831885050272], [0.9411027616624711, 53.00820949085027], [0.9410505666162308, 53.00809640712229], [0.9409504722816481, 53.00814803475056], [0.9408567570127255, 53.00820949085027], [0.9407243048256853, 53.00824604439004], [0.9406074739114791, 53.00826603271426], [0.9404981373697223, 53.00832374078721], [0.9403850536417409, 53.008397386494096], [0.9403285117777501, 53.00849496838856], [0.9402154280497688, 53.00848176092851], [0.9401023443217873, 53.00850577916402], [0.9399417495743202, 53.008492200170224], [0.9398196350018336, 53.00846446536353], [0.939763093137843, 53.008377263980954], [0.9395934675458708, 53.00834034675949], [0.9394803838178893, 53.008282958324706], [0.9394184727981564, 53.00820949085027], [0.9395240085972837, 53.00815294898628], [0.9395934675458708, 53.00815741633162], [0.9397065512738523, 53.008144084104885], [0.9398196350018336, 53.00818517573015], [0.9399085906935818, 53.00820949085027], [0.9399892605938058, 53.00814219000893], [0.9400533201541232, 53.0080398652583], [0.9399892605938058, 53.007949139791194], [0.9400244819426912, 53.007870239666325], [0.9399752556224995, 53.00775715593834], [0.9400091445063226, 53.00770061407435], [0.940059547423441, 53.007813697802334], [0.9401467204155051, 53.00775715593834], [0.9401604611937417, 53.00770061407435], [0.9402151537529522, 53.007870239666325], [0.9402323037632117, 53.007813697802334], [0.9402551387839538, 53.00764407221036], [0.9403285117777501, 53.007672681612966], [0.9403850536417409, 53.007774326864016], [0.9404057950388601, 53.00764407221036], [0.9404793496079646, 53.00753098848238], [0.9405606319429415, 53.00753098848238], [0.9406626577169275, 53.00747444661839], [0.9406112210977038, 53.007413587493886], [0.9406763541549554, 53.00747444661839], [0.9407568861279073, 53.0074179047544], [0.940801129699173, 53.00747444661839], [0.9408939304176573, 53.007585848751], [0.9409974575711828, 53.00764407221036], [0.9410081729209354, 53.00758753034637], [0.9411200978736203, 53.00750886329269], [0.9412331816016017, 53.00754154409042], [0.9413030935811462, 53.00747444661839], [0.9414028071935738, 53.00748013495784], [0.9414593490575646, 53.00742565076092], [0.9415158909215553, 53.007373519422224], [0.9416035005470862, 53.00736136289041]]}}, {"type": "Feature", "properties": {"depth": -15.0}, "geometry": {"type": "LineString", "coordinates": [[1.080899221156973, 53.00775715593834], [1.0808915856586807, 53.007823696749455], [1.0809692370033455, 53.007926781530315], [1.0809393826040712, 53.0080398652583], [1.0808438759929249, 53.00815294898628], [1.08083504379469, 53.00823036575264], [1.0810046693866622, 53.00825022793785], [1.0811503701775076, 53.00826603271426], [1.0811742949786343, 53.00836031296331], [1.0810519701584251, 53.00837911644224], [1.0810612112506528, 53.00847048175331], [1.0809974864441072, 53.008492200170224], [1.08083504379469, 53.00847542959275], [1.0807219600667086, 53.00852081235661], [1.0807439596817012, 53.00843565830623], [1.0806654182027178, 53.008331302698416], [1.080675501469179, 53.00826603271426], [1.0807219600667086, 53.008145052199914], [1.0807785019306992, 53.00802352468502], [1.08083504379469, 53.00796415977819], [1.080834075296204, 53.007813697802334], [1.0808915856586807, 53.00773224921509]]}}, {"type": "Feature", "properties": {"depth": -15.0}, "geometry": {"type": "LineString", "coordinates": [[1.12007509740425, 53.00835843429112], [1.12007509740425, 53.008459510339186], [1.1201508882203703, 53.008492200170224], [1.1200797122068302, 53.00837911644224]]}}, {"type": "Feature", "properties": {"depth": -15.0}, "geometry": {"type": "LineString", "coordinates": [[1.0818274625134598, 53.007135195434444], [1.0819093392105137, 53.00720457221189], [1.0819823003790068, 53.007248279162425], [1.0820789648024858, 53.00714302158539], [1.0821355066664766, 53.00726300162308], [1.0820834063703555, 53.00736136289041], [1.0820224229384952, 53.00734813592361], [1.0820101989890032, 53.00747444661839], [1.0820789648024858, 53.00755739413725], [1.0821451130415567, 53.00753098848238], [1.0821355066664766, 53.007639887259195], [1.0821920485304672, 53.00766822029811], [1.082248590394458, 53.00773601948604], [1.0823190959925801, 53.007813697802334], [1.082229935163998, 53.007813697802334], [1.082105700781794, 53.007813697802334], [1.0821355066664766, 53.00792430438655], [1.0820789648024858, 53.00800903818061], [1.0821264424366, 53.00809640712229], [1.082153378168009, 53.00820949085027], [1.0820968683641332, 53.00826603271426], [1.0820224229384952, 53.008173482769195], [1.0819658810745043, 53.00804347523678], [1.0819093392105137, 53.00793412182936], [1.081832822375604, 53.007926781530315], [1.0817962554825322, 53.008038812452504], [1.0817723929364988, 53.00809640712229], [1.081897367881441, 53.00815294898628], [1.0819503783756166, 53.00826603271426], [1.0818913827793815, 53.00837911644224], [1.0817549221850054, 53.00837911644224], [1.0816266298905601, 53.00832954353715], [1.0815135461625787, 53.00830469724115], [1.0814962338287177, 53.00815294898628], [1.0814153080651299, 53.00809640712229], [1.0813439205706064, 53.0080949288136], [1.081230836842625, 53.007999430898515], [1.0811576111512784, 53.007926781530315], [1.0811769457771492, 53.007813697802334], [1.0812711445341396, 53.00770061407435], [1.081336062126315, 53.00775715593834], [1.0814041508854442, 53.00775715593834], [1.081364519878052, 53.00764407221036], [1.0813439205706064, 53.00748358977438], [1.081258918553059, 53.0074179047544], [1.0811742949786343, 53.00730748452652], [1.0812041917645907, 53.007248279162425], [1.0813430024172916, 53.007248279162425], [1.081387019596678, 53.007191737298434], [1.0814219966898357, 53.007135195434444], [1.0815700880265693, 53.00718832911243], [1.0817397136185414, 53.00716150941263], [1.0818274625134598, 53.007135195434444]]}}, {"type": "Feature", "properties": {"depth": -15.0}, "geometry": {"type": "LineString", "coordinates": [[1.1009954767255596, 53.00820949085027], [1.1011042675138345, 53.00826603271426], [1.1011335729673586, 53.00832830237237], [1.1010204892393771, 53.008290029101474], [1.100939620861618, 53.00820949085027]]}}, {"type": "Feature", "properties": {"depth": -15.0}, "geometry": {"type": "LineString", "coordinates": [[1.1195662206283332, 53.008039532085625], [1.1194654497131606, 53.0080398652583], [1.1193400531723705, 53.00802211872126], [1.119363242813982, 53.00809640712229], [1.1194219331212745, 53.00815294898628], [1.119554550720346, 53.00815294898628], [1.1195695741265652, 53.00820949085027], [1.1195666252966174, 53.0080398652583]]}}, {"type": "Feature", "properties": {"depth": -15.0}, "geometry": {"type": "LineString", "coordinates": [[1.0816266298905601, 53.008024549936756], [1.0815559530661139, 53.00809640712229], [1.0816831717545508, 53.00812109605836], [1.081645412046958, 53.0080398652583]]}}, {"type": "Feature", "properties": {"depth": -15.0}, "geometry": {"type": "LineString", "coordinates": [[1.0923384287242208, 53.007926781530315], [1.0923780896238957, 53.0080398652583], [1.0923130421848062, 53.00812107549491], [1.0922406990487845, 53.0080398652583], [1.0922565003208153, 53.007883812898015]]}}, {"type": "Feature", "properties": {"depth": -15.0}, "geometry": {"type": "LineString", "coordinates": [[1.1015570248118896, 53.007983323394306], [1.1014961066471325, 53.00809640712229], [1.1014398338142737, 53.0080398652583], [1.1014162822873121, 53.00796600088334], [1.1014990741751383, 53.007983323394306]]}}, {"type": "Feature", "properties": {"depth": -15.0}, "geometry": {"type": "LineString", "coordinates": [[1.0920379988474014, 53.007983323394306], [1.0919993674225503, 53.0080398652583], [1.091916647479455, 53.007983323394306], [1.0920303328648526, 53.00797952158084]]}}, {"type": "Feature", "properties": {"depth": -15.0}, "geometry": {"type": "LineString", "coordinates": [[0.9407808466896759, 53.00767900663963], [0.9406574254537958, 53.00770061407435], [0.9407243048256853, 53.00779796815548], [0.9408114017740291, 53.00770061407435]]}}, {"type": "Feature", "properties": {"depth": -15.0}, "geometry": {"type": "LineString", "coordinates": [[1.0925496468116964, 53.00758753034637], [1.0926774336875467, 53.00764407221036], [1.0925477666974504, 53.00770061407435], [1.0925957515047597, 53.00775867384073], [1.0924985567143346, 53.00775715593834], [1.0924261259127876, 53.00774833211666], [1.0923130421848062, 53.00768142697], [1.092241047610923, 53.00775715593834], [1.0921889187350187, 53.00770061407435], [1.0922685960662022, 53.00764407221036], [1.0924261259127876, 53.00759517987319], [1.0925392096407691, 53.00758346443975]]}}, {"type": "Feature", "properties": {"depth": -15.0}, "geometry": {"type": "LineString", "coordinates": [[1.1191138857164076, 53.007641634023386], [1.119057343852417, 53.00772721226686], [1.1191138857164076, 53.00777440603707], [1.1191266799157, 53.00764407221036]]}}, {"type": "Feature", "properties": {"depth": -15.0}, "geometry": {"type": "LineString", "coordinates": [[1.119453136900352, 53.00649869988488], [1.1192835113083797, 53.006471685969835], [1.1191840889435625, 53.006569776794535], [1.1191704275803982, 53.00655212616795], [1.1191138857164076, 53.00649250053586], [1.119057343852417, 53.00654289301559], [1.119057343852417, 53.00663300626781], [1.119000801988426, 53.006599568913174], [1.1189442601244355, 53.0065193837215], [1.118813047291803, 53.006569776794535], [1.1187180926684726, 53.00662660669771], [1.118605008940491, 53.0066905366387], [1.1185484670765005, 53.006640781224284], [1.118605008940491, 53.006619393658625], [1.1184406015118733, 53.006626318658526], [1.1183916873498354, 53.00673940238651], [1.1183222996205375, 53.006716633232834], [1.118209215892556, 53.006777335348], [1.1180917016343233, 53.0067959442505], [1.1179830484365931, 53.00687224758715], [1.1178823084984724, 53.00685248611449], [1.117813422844621, 53.006940002385655], [1.1177047009270513, 53.00702211170646], [1.1176869555538622, 53.007135195434444], [1.1177568809806302, 53.00713089581814], [1.1177271671220697, 53.007191737298434], [1.1177568809806302, 53.00730474056181], [1.117643797252649, 53.0072342969739], [1.1176921030803493, 53.007304821026416], [1.117813422844621, 53.007330158579556], [1.1179265065726025, 53.00730240099597], [1.1179830484365931, 53.00737081849097], [1.1180961321645746, 53.00734494190169], [1.1181608220056316, 53.00736136289041], [1.118225736623398, 53.007248279162425], [1.1183651652852653, 53.007248279162425], [1.1183788414845282, 53.00732790444964], [1.1183222996205375, 53.00742406599279], [1.118209215892556, 53.00740478374682], [1.1181157123353616, 53.00747444661839], [1.118209215892556, 53.00757310294248], [1.1183788414845282, 53.0075373961166], [1.1184919252125096, 53.00752483159996], [1.1185484670765005, 53.00762051445585], [1.118605008940491, 53.00756818048838], [1.1186451318784092, 53.00753098848238], [1.1187180926684726, 53.007529954613005], [1.1188043499221023, 53.0074179047544], [1.1188564037631745, 53.00747444661839], [1.1189474071168732, 53.00747444661839], [1.1189442601244355, 53.0074130976603], [1.119057343852417, 53.00734995226799], [1.119138752552601, 53.007248279162425], [1.1191704275803982, 53.00717012231353], [1.119057343852417, 53.00712458457466], [1.1189442601244355, 53.007057040144524], [1.1188465281688864, 53.007135195434444], [1.118745763588105, 53.007191737298434], [1.118652082506359, 53.007248279162425], [1.1185381517356299, 53.007248279162425], [1.1184919252125096, 53.00719084884633], [1.118596163256604, 53.007191737298434], [1.118661550804482, 53.00713451979443], [1.1187458173405105, 53.007135195434444], [1.118808940010098, 53.00707865357045], [1.1188409130085861, 53.00702211170646], [1.1189894151713395, 53.00696556984247], [1.1190325070474523, 53.00685248611449], [1.1190713060904611, 53.00690902797848], [1.1191704275803982, 53.006872403705515], [1.1191704275803982, 53.00675512593458], [1.1191704275803982, 53.00667006061652], [1.119226969444389, 53.00674233947854], [1.1193400531723705, 53.00682996802984], [1.119364627970036, 53.00668286052252], [1.119327139289854, 53.006569776794535], [1.1194113941567223, 53.006569776794535], [1.119453136900352, 53.00671684546719], [1.1194969550043166, 53.006569776794535]]}}, {"type": "Feature", "properties": {"depth": -15.0}, "geometry": {"type": "LineString", "coordinates": [[1.119057343852417, 53.00738552362839], [1.1190388623581686, 53.00753098848238], [1.1190779921636975, 53.00758753034637], [1.119133424028122, 53.00747444661839], [1.119057343852417, 53.00738552362839]]}}, {"type": "Feature", "properties": {"depth": -15.0}, "geometry": {"type": "LineString", "coordinates": [[1.0816831717545508, 53.00736245750586], [1.0815962471978102, 53.00747444661839], [1.0816831717545508, 53.007550572602526], [1.0816982272484892, 53.0074179047544]]}}, {"type": "Feature", "properties": {"depth": -15.0}, "geometry": {"type": "LineString", "coordinates": [[1.1004584702128803, 53.0074179047544], [1.1004080750212064, 53.00753098848238], [1.1003780340218876, 53.00747444661839], [1.10045507059947, 53.00741176690275]]}}, {"type": "Feature", "properties": {"depth": -15.0}, "geometry": {"type": "LineString", "coordinates": [[1.0987022728157576, 53.00683044943182], [1.0985891890877761, 53.0068706813351], [1.0985326472237853, 53.006991668619044], [1.0984364351588698, 53.00696556984247], [1.0983630216318132, 53.007026791928546], [1.098207868077094, 53.00707865357045], [1.0980803123118597, 53.00710139347581], [1.098023770447869, 53.00713701401554], [1.0981368541758503, 53.007204605262075], [1.0982499379038317, 53.0071676951495], [1.0983236600796291, 53.007135195434444], [1.0984210085793542, 53.007135195434444], [1.0985891890877761, 53.00708248055119], [1.098681881288288, 53.00702211170646], [1.0986457309517668, 53.006963296004244], [1.098757256694977, 53.00702211170646], [1.0988718984077297, 53.00702586030496], [1.0988255349162945, 53.00696556984247], [1.0987588146797482, 53.006871884777645]]}}, {"type": "Feature", "properties": {"depth": -15.0}, "geometry": {"type": "LineString", "coordinates": [[1.1195662206283332, 53.00691906333874], [1.119453136900352, 53.00701135426303], [1.1193706542855397, 53.00702211170646], [1.1192835113083797, 53.00707603771007], [1.1192709791812572, 53.007191737298434], [1.1193400531723705, 53.00717833116577], [1.1194262289640404, 53.007135195434444], [1.1194755571584465, 53.007191737298434], [1.1195244039663492, 53.00707865357045], [1.1196083543456254, 53.00696556984247]]}}, {"type": "Feature", "properties": {"depth": -15.0}, "geometry": {"type": "LineString", "coordinates": [[1.0998896519595627, 53.00691528150093], [1.099746530518645, 53.00696556984247], [1.0996614068566213, 53.00702211170646], [1.0997765682315812, 53.00704340759208], [1.0998896519595627, 53.00697796710283]]}}, {"type": "Feature", "properties": {"depth": -15.0}, "geometry": {"type": "LineString", "coordinates": [[1.081632832115557, 53.00668286052252], [1.0816920118443505, 53.0067959442505], [1.0816266298905601, 53.006867837022334], [1.081598786069912, 53.00673940238651], [1.081632832115557, 53.00668286052252]]}}, {"type": "Feature", "properties": {"depth": -15.0}, "geometry": {"type": "LineString", "coordinates": [[0.9586941048090735, 53.00668286052252], [0.9587046175747342, 53.006761017922194], [0.9586086640013456, 53.0067959442505], [0.9586480757107435, 53.006676777213606]]}}, {"type": "Feature", "properties": {"depth": -15.0}, "geometry": {"type": "LineString", "coordinates": [[1.099211149591674, 53.00660416237585], [1.0990980658636926, 53.00666163250064], [1.0991546077276833, 53.006724833759485], [1.099245424495349, 53.0067959442505], [1.0993105233508131, 53.00673940238651], [1.0992349355202289, 53.006626318658526]]}}, {"type": "Feature", "properties": {"depth": -15.0}, "geometry": {"type": "LineString", "coordinates": [[1.1009189310345209, 53.00640015120256], [1.1010204892393771, 53.00649449140269], [1.1010770311033677, 53.006599674378165], [1.1010204892393771, 53.00665306814014], [1.1009074055113957, 53.00668804663261], [1.1009074055113957, 53.00660073280747], [1.1008805794343894, 53.006513234930544], [1.1008453596585297, 53.00640015120256], [1.1009189310345209, 53.00640015120256]]}}, {"type": "Feature", "properties": {"depth": -15.0}, "geometry": {"type": "LineString", "coordinates": [[1.1180961321645746, 53.006543243436106], [1.1179830484365931, 53.00661050830016], [1.118039590300584, 53.00663990728274], [1.1181394000060654, 53.00668286052252], [1.1181526740285652, 53.00657448828715]]}}, {"type": "Feature", "properties": {"depth": -15.0}, "geometry": {"type": "LineString", "coordinates": [[0.9572025230500706, 53.005947816290636], [0.9572607614006923, 53.00606090001862], [0.9572910709749662, 53.00622007564661], [0.9574041547029477, 53.00628503921955], [0.9574070432579302, 53.00640015120256], [0.9573849358536618, 53.00634360933857], [0.957312435033245, 53.00640015120256], [0.9572436946008799, 53.006513234930544], [0.9572033021754811, 53.00645669306655], [0.9571779872469848, 53.00633678000301], [0.9571492533632009, 53.00645669306655], [0.957125518087483, 53.006626318658526], [0.9570649035190033, 53.00660122158759], [0.9570083616550127, 53.00649885472071], [0.956951819791022, 53.00658907295612], [0.9568387360630405, 53.006518492438346], [0.956725652335059, 53.006588672727275], [0.9567574284063733, 53.006513234930544], [0.9568246978724299, 53.00640015120256], [0.9568673396999622, 53.00628706747458], [0.9569145093719243, 53.0061739837466], [0.9569649424572655, 53.00611744188261], [0.9570239975844792, 53.0061739837466], [0.9570649035190033, 53.00604785729598], [0.9571377806417549, 53.00606090001862], [0.9571779872469848, 53.005936825008675]]}}, {"type": "Feature", "properties": {"depth": -15.0}, "geometry": {"type": "LineString", "coordinates": [[0.959255468004594, 53.0056085651067], [0.9593265780786322, 53.0057129373332], [0.9593831199426229, 53.00581198722936], [0.9594396618066137, 53.005716770799964], [0.9595263372259621, 53.00577819069866], [0.9596637007629263, 53.00577819069866], [0.9597372577874076, 53.00577819069866], [0.9598869917694193, 53.00577819069866], [0.9599659175704411, 53.00577819069866], [0.9600616223105115, 53.00576035280017], [0.9601181641745022, 53.00584679858363], [0.960174706038493, 53.005739945257794], [0.9602677823928114, 53.00577819069866], [0.9603443316304652, 53.00581257414509], [0.9604179454706855, 53.00577819069866], [0.9604641136140453, 53.005834732562654], [0.960555490894401, 53.00572164883468], [0.9605841156246728, 53.00577819069866], [0.9606447082602368, 53.005891274426645], [0.9606835828144095, 53.00601819002998], [0.9607193792384952, 53.005891274426645], [0.9607763307938499, 53.005834732562654], [0.9607966665423909, 53.005996694201954], [0.9609060749146777, 53.005891274426645], [0.9609129363428629, 53.005834732562654], [0.9610192578672473, 53.005947816290636], [0.9609273023905677, 53.00606090001862], [0.9608532084063817, 53.006040330631286], [0.9607966665423909, 53.006169325141045], [0.9607096946637436, 53.00611744188261], [0.9606835828144095, 53.00618246956968], [0.9606270409504187, 53.006267776381236], [0.960570499086428, 53.00634677494576], [0.9604008734944558, 53.006383838516676], [0.9603015393184728, 53.00634360933857], [0.960174706038493, 53.006345377738675], [0.9601096854888582, 53.00640015120256], [0.9600050804465208, 53.00641448967153], [0.9598919967185393, 53.006370611724115], [0.959778912990558, 53.00629050878815], [0.9597223711265672, 53.00618822425807], [0.9596092873985858, 53.00623985350312], [0.9594962036706043, 53.006338768326195], [0.9595273995546957, 53.00640015120256], [0.9594962036706043, 53.00653104571785], [0.9593831199426229, 53.00649592297267], [0.9593265780786322, 53.00659045304566], [0.9592186317456337, 53.006513234930544], [0.9591987911141605, 53.006569776794535], [0.9591004106226693, 53.006539596009304], [0.9590396413251233, 53.006569776794535], [0.9589307850306972, 53.0064648148952], [0.9588742431667064, 53.006345491773246], [0.9587734583744548, 53.00640015120256], [0.958761159438725, 53.00628427930395], [0.9587482080426682, 53.00640015120256], [0.9586480757107435, 53.006356835533104], [0.9585783231767412, 53.00645669306655], [0.9584784501187713, 53.00641976659547], [0.9584067283528935, 53.00645669306655], [0.9583551510144308, 53.00640015120256], [0.9582930768062944, 53.00645669306655], [0.9581999566511947, 53.006513234930544], [0.9581543806249414, 53.00645669306655], [0.9581327992782029, 53.00640015120256], [0.9580591424248583, 53.00645669306655], [0.9580044002649651, 53.00640015120256], [0.9579369532311507, 53.00645669306655], [0.9579086970346506, 53.00640015120256], [0.9578356755400849, 53.006513234930544], [0.9577999477508827, 53.00648874717183], [0.9577999477508827, 53.00638910320177], [0.957743405886892, 53.00624442917235], [0.9576868640229013, 53.006388954689086], [0.9575762034795519, 53.00634360933857], [0.9575172384309292, 53.00631453092038], [0.9574606965669384, 53.00617539522689], [0.9574805471468577, 53.0061739837466], [0.9575736957105018, 53.00628706747458], [0.9575948338754575, 53.00623052561059], [0.9576716422087426, 53.00611744188261], [0.9577030257833643, 53.00606090001862], [0.9577861652335347, 53.0061739837466], [0.9578213302119956, 53.00611744188261], [0.9579359672295242, 53.00611744188261], [0.9579778421525801, 53.0061739837466], [0.9580653846648888, 53.00611744188261], [0.9581137069709704, 53.00606090001862], [0.9581957407988178, 53.00599832692841], [0.9583088245267992, 53.00594226621906], [0.95836536639079, 53.00582709369902], [0.9584784501187713, 53.005852833778924], [0.9585570936014196, 53.00577819069866], [0.958613410918217, 53.00572164883468], [0.9586480757107435, 53.00586318800651], [0.9586750373937523, 53.00572164883468], [0.9587218496550836, 53.00566510697069], [0.9587760109923424, 53.00572164883468], [0.9588591194530109, 53.00566510697069], [0.9589307850306972, 53.00574355235948], [0.9589873268946878, 53.00565954345451], [0.959080707405889, 53.00566510697069], [0.95915695248666, 53.00570900808404], [0.9592134943506507, 53.005601770780146]]}}, {"type": "Feature", "properties": {"depth": -15.0}, "geometry": {"type": "LineString", "coordinates": [[1.1197358462203055, 53.00633676459933], [1.1196736031613144, 53.00640015120256], [1.119622762492324, 53.00647495972368], [1.1196793043563147, 53.00659456049802], [1.1197358462203055, 53.00654935831282], [1.1197367336184412, 53.00645669306655], [1.1197358462203055, 53.00633676459933]]}}, {"type": "Feature", "properties": {"depth": -15.0}, "geometry": {"type": "LineString", "coordinates": [[1.0972983947234927, 53.00606090001862], [1.097401809943971, 53.00612181877477], [1.097516705637885, 53.0061739837466], [1.097623913135257, 53.00628706747458], [1.0976279773999338, 53.00637934306375], [1.0975148936719523, 53.006406026996565], [1.0973452680799802, 53.00640655679583], [1.0971756424880081, 53.006403832386866], [1.0970625587600267, 53.00637947847249], [1.0969941101231195, 53.00640015120256], [1.0969154925343014, 53.00634360933857], [1.0968363913040637, 53.00643232804275], [1.0967233075760823, 53.00646784972721], [1.0966218769508265, 53.00645669306655], [1.0964971401201196, 53.00647996213962], [1.096384056392138, 53.00640016486662], [1.0962939933825333, 53.00645669306655], [1.0962176434816597, 53.00634360933857], [1.0961281212088512, 53.00634360933857], [1.096093011807506, 53.00628706747458], [1.0961584447341497, 53.00623052561059], [1.0963275145281473, 53.006189537694326], [1.0964405982561287, 53.006160715839506], [1.0966007846845363, 53.0061739837466], [1.0967120430410748, 53.00623052561059], [1.0967798494400731, 53.00622503216333], [1.0968830614692793, 53.00628706747458], [1.0969105137233868, 53.00623052561059], [1.0970625587600267, 53.00623050340248], [1.097062556970274, 53.00611744188261], [1.0971387339898484, 53.00611744188261], [1.0972321843519988, 53.00607998474826], [1.0972983947234927, 53.00606090001862]]}}, {"type": "Feature", "properties": {"depth": -15.0}, "geometry": {"type": "LineString", "coordinates": [[0.960570499086428, 53.00605636178645], [0.9605297791407722, 53.0061739837466], [0.9606023523330427, 53.00623052561059], [0.9605736767528523, 53.00606090001862]]}}, {"type": "Feature", "properties": {"depth": -15.0}, "geometry": {"type": "LineString", "coordinates": [[1.099437317047637, 53.006088002707884], [1.099408140912224, 53.00623052561059], [1.0995504007756183, 53.006237721274985], [1.0996069426396091, 53.00620061309411], [1.099499857788038, 53.0061739837466], [1.0994573027665422, 53.00611744188261]]}}, {"type": "Feature", "properties": {"depth": -15.0}, "geometry": {"type": "LineString", "coordinates": [[1.1004115494554023, 53.0061739837466], [1.1002854450074977, 53.006218839477974], [1.1001158194155256, 53.00620660728943], [1.1001723612795162, 53.006160943851015], [1.1003419868714885, 53.006169039622534]]}}, {"type": "Feature", "properties": {"depth": -15.0}, "geometry": {"type": "LineString", "coordinates": [[0.9610922192011714, 53.005891274426645], [0.961192459590326, 53.00598141150271], [0.961188929933544, 53.00600435815463], [0.9610793758623445, 53.0060365347886], [0.961123136737891, 53.005947816290636], [0.9610793758623445, 53.0058867697958]]}}, {"type": "Feature", "properties": {"depth": -15.0}, "geometry": {"type": "LineString", "coordinates": [[1.0336094402405676, 53.00572164883468], [1.033509503634457, 53.005798924603795], [1.0333964199064756, 53.00577243069168], [1.0334529617704664, 53.005703258864216], [1.0336094402405676, 53.00572164883468]]}}, {"type": "Feature", "properties": {"depth": -15.0}, "geometry": {"type": "LineString", "coordinates": [[0.9623811538853172, 53.00555202324271], [0.9623232968701403, 53.00566510697069], [0.9622102131421589, 53.005666480490305], [0.9622534856469477, 53.0056085651067], [0.9622695328210495, 53.00555202324271], [0.962379838734131, 53.00554695845931]]}}, {"type": "Feature", "properties": {"depth": -15.0}, "geometry": {"type": "LineString", "coordinates": [[0.9626092175118163, 53.00555202324271], [0.9625494643261032, 53.005612761890106], [0.9624908755794764, 53.00555202324271], [0.9625494643261032, 53.00560379446892], [0.9626092175118163, 53.00555202324271]]}}, {"type": "Feature", "properties": {"depth": -15.0}, "geometry": {"type": "LineString", "coordinates": [[1.1141382016852241, 53.00383472074745], [1.113968576093252, 53.00382356407308], [1.11379895050128, 53.00382405994134], [1.1136858667732985, 53.00385805892941], [1.1135237921278218, 53.00391230918697], [1.113403157453345, 53.0039567128426], [1.1132900737253633, 53.004007513428256], [1.113176989997382, 53.00406770635456], [1.1130667123340734, 53.004138476642936], [1.1129738893960053, 53.00419501850693], [1.1128942806774282, 53.004305254512204], [1.112850624724732, 53.00442118596289], [1.1128202544214276, 53.00453426969087], [1.1128281265184745, 53.004703895282844], [1.1128942806774282, 53.004811078519005], [1.112950822541419, 53.00490873067511], [1.1130639062694005, 53.00496479344738], [1.113176989997382, 53.005013633618724], [1.1132900737253633, 53.00507056259498], [1.113403157453345, 53.00511232425615], [1.1135486208678562, 53.00515623019477], [1.1136293249093077, 53.00526212504025], [1.1136858667732985, 53.005329523125766], [1.11379895050128, 53.00528647467738], [1.1139339995492363, 53.00526931392275], [1.1140331161908683, 53.00521277205876], [1.114194743549215, 53.00516881904868], [1.114194743549215, 53.00505462984593], [1.1141122997210846, 53.0049866046028], [1.1140816598212335, 53.0049116701003], [1.1141602399136792, 53.004816979010826], [1.1142723741709644, 53.004760437146835], [1.1143078272771962, 53.004653941630146], [1.1141983078377808, 53.00459081155486], [1.1141382016852241, 53.004609878911275], [1.11406660080809, 53.00453426969087], [1.1141382016852241, 53.00446565452629], [1.1142295393206967, 53.0043646440989], [1.1142798158262754, 53.00425156037092], [1.114364369141187, 53.00416929810256], [1.1143952176945238, 53.004025392914954], [1.1143078272771962, 53.00393613133558], [1.114194743549215, 53.00387671529037]]}}, {"type": "Feature", "properties": {"depth": -15.0}, "geometry": {"type": "LineString", "coordinates": [[1.1031690800710245, 53.00368246739532], [1.1030953915730837, 53.003742683595], [1.1032256219350152, 53.00375079618494], [1.1031742237218605, 53.00368614173101]]}}, {"type": "Feature", "properties": {"depth": -15.0}, "geometry": {"type": "LineString", "coordinates": [[1.082990805353197, 52.996335699412214], [1.083126139647565, 52.996392241276205], [1.0832663439462908, 52.99644719715264], [1.0833794276742723, 52.996485523929906], [1.0834588647124608, 52.99656186686818], [1.083520581601159, 52.99667495059616], [1.0836055951302352, 52.99675822553516], [1.0837186788582167, 52.99684356560196], [1.0838317625861982, 52.99685454646718], [1.083930163394002, 52.99695765991611], [1.0839813528558444, 52.997070743644095], [1.0840199709791183, 52.997183827372076], [1.0840013881781703, 52.99724310742139], [1.0841144719061517, 52.9973211470604], [1.0841971880474646, 52.99740999482804], [1.0842297430159586, 52.99752307855602], [1.0841710137701424, 52.99763557562324], [1.0841816067416636, 52.997692704147994], [1.0841144719061517, 52.99775156587941], [1.0839448463141796, 52.997758597669076], [1.0838502134682058, 52.99786232973997], [1.08378785082713, 52.99797541346795], [1.08374439128598, 52.99808849719593], [1.0837071914210077, 52.99814503905992], [1.0836435271553526, 52.99820158092391], [1.0835490532662446, 52.99828199622232], [1.0834359695382632, 52.99836223893099], [1.0833794276742723, 52.998446395239974], [1.0833136428156558, 52.998427748379875], [1.0831577684048141, 52.998484290243866], [1.0830401764903281, 52.99851908144834], [1.0829270927623467, 52.998559141214656], [1.0828104510542325, 52.99859737397185], [1.082644383442393, 52.998611530259076], [1.0825250312596975, 52.99865391583584], [1.0823616741224393, 52.99866688477368], [1.0822932485916854, 52.99865391583584], [1.0821355066664766, 52.998689957972125], [1.081998341805031, 52.99871045769983], [1.0818560759340756, 52.99871045769983], [1.0817643610206853, 52.99871045769983], [1.0817962554825322, 52.998773377614135], [1.0816831717545508, 52.99874602299878], [1.0815135461625787, 52.99876063852528], [1.0814004624345972, 52.99879116753647], [1.081230836842625, 52.99881374717374], [1.0811177531146436, 52.99884036756404], [1.0809595921867448, 52.99882354142781], [1.0808915856586807, 52.99886603600882], [1.0807785019306992, 52.99890655792181], [1.0806654182027178, 52.99897548259312], [1.0805523344747363, 52.99904519112536], [1.0803827088827642, 52.999047872832726], [1.0804392507467548, 52.999075255746604], [1.0803827088827642, 52.99914991000886], [1.0802752661970059, 52.999162792611756], [1.0801979214847308, 52.999162792611756], [1.0801536015323416, 52.99927587633973], [1.0800419983511549, 52.99933241820372], [1.0799303739708384, 52.99939684816082], [1.079817290242857, 52.999487003936366], [1.0797042065148756, 52.999526213507934], [1.0795911227868942, 52.99957210430188], [1.0794780390589127, 52.99962933744222], [1.0793923894457917, 52.999671669387666], [1.079359563826668, 52.99972821125166], [1.0792518716029498, 52.999800571818874], [1.0791387878749683, 52.999861286863855], [1.0789993235695046, 52.99989783684363], [1.0789126204190054, 52.999955021970955], [1.0787429948270333, 52.99999485539094], [1.0786299110990518, 53.00002566108803], [1.0784602855070797, 53.00006014010515], [1.0783472017790983, 53.00007536855802], [1.0781775761871262, 53.00011734168374], [1.0780644924591447, 53.000159473983906], [1.0778948668671724, 53.000174724137125], [1.0778188371801496, 53.000180546163584], [1.0777252412752003, 53.000123388083296], [1.0776618904147943, 53.0000674624356], [1.0774990738192374, 53.00009925258355], [1.0773294482272653, 53.0000944482726], [1.0772163644992838, 53.00005928464111], [1.0770467389073117, 53.0000215152581], [1.076990197043321, 52.99994878721553], [1.07690788825494, 52.99984129497964], [1.0768205714513488, 52.999771791303665], [1.0767074877233673, 52.99982109338542], [1.0765944039953859, 52.999784393558635], [1.0766211477439005, 52.99984129497964], [1.0765378621313952, 52.9998373814674], [1.0763682365394232, 52.99982358611844], [1.0762190272238712, 52.99984129497964], [1.07611347335822, 52.99989783684363], [1.0760289853554788, 52.999966437472175], [1.0759159016274973, 53.000011876868264], [1.0757462760355252, 53.00004383165847], [1.0756331923075437, 52.99997887859543], [1.075576650443553, 53.000093652456684], [1.0754172473518804, 53.0000674624356], [1.0753504829875902, 53.00008804596674], [1.0752449199193497, 53.0000674624356], [1.0752141002421869, 53.00012400429959], [1.0751243155316272, 53.000127773675686], [1.0750112318036458, 53.000071491539266], [1.0748981480756643, 53.00002535170306], [1.0747620079290676, 53.00001092057161], [1.0746719806197014, 53.000013463786864], [1.0745588968917201, 53.00000618225628], [1.0744458131637387, 53.000053370364164], [1.0742985788275445, 53.0000674624356], [1.0741631038437849, 53.00008788119847], [1.0740260222177738, 53.00012400429959], [1.0738803945238313, 53.00014210284617], [1.0737673107958499, 53.00020532263424], [1.0736877706448131, 53.000180546163584], [1.0735411433398871, 53.0002308958667], [1.0735976852038778, 53.00027687071392], [1.0736885874202489, 53.00035017175556], [1.0737107689318592, 53.00047974071254], [1.0736983461703236, 53.00057633921152], [1.0735976852038778, 53.00065937502422], [1.0735390777794496, 53.00074596480349], [1.0733715177479148, 53.00080004256793], [1.0732584340199334, 53.000830964915814], [1.0730888084279613, 53.000856913033694], [1.0729423795857929, 53.00080250666748], [1.0728626409719983, 53.00083612827294], [1.0727495572440169, 53.000762468387286], [1.0726364735160354, 53.00073772149121], [1.0726723909615212, 53.00063288107551], [1.0726930153800263, 53.0004694158889], [1.0728060991080077, 53.00042221339352], [1.0729191828359892, 53.00039187339704], [1.0730322665639707, 53.00031549643557], [1.0729757246999798, 53.000237523327286], [1.0729191828359892, 53.00012835597598], [1.0729127204373277, 53.00001092057161], [1.072885677984364, 52.99984129497964], [1.072762418478022, 52.99978475311565], [1.0726930153800263, 52.99969062304838], [1.0725799316520448, 52.999665740699115], [1.0724668479240633, 52.99967612503468], [1.0722972223320912, 52.99969235772031], [1.0722370511503267, 52.99972821125166], [1.0720710548761283, 52.99971813936225], [1.0719255270434633, 52.99972821125166], [1.0717883455561747, 52.99975546797851], [1.0716752618281933, 52.99979209533401], [1.0715122412975575, 52.99984129497964], [1.0714128316517213, 52.99989783684363], [1.0713360106442489, 52.99989485174915], [1.0711891568044634, 52.99989783684363], [1.0711491285781953, 53.00001092057161], [1.0711663850522768, 53.00009574574], [1.0710533013242953, 53.00013755888086], [1.0709115486085197, 53.000180546163584], [1.0708306670295162, 53.00012400429959], [1.0708195111086822, 53.000180546163584], [1.0707140501403511, 53.00028848347447], [1.070613725384021, 53.00035017175556], [1.0704878826843882, 53.00039749544502], [1.0703747989564067, 53.00041815914586], [1.0702051733644344, 53.00044361091725], [1.0700355477724623, 53.00043686938368], [1.069938962684187, 53.00035017175556], [1.06988096103103, 53.00040671361955], [1.0698093803164994, 53.00036896853101], [1.0696397547245273, 53.00035421764245], [1.0695975385838972, 53.000237088027575], [1.0695266709965459, 53.0002867488904], [1.0694701291325552, 53.00014999136562], [1.0693570454045738, 53.000107122556194], [1.0691874198126017, 53.00007941139332], [1.0690743360846202, 53.00003931830966], [1.0689450353426326, 53.00001092057161], [1.0689612523566387, 52.999930682012426], [1.068904710492648, 52.99988262971785], [1.0688481686286573, 52.99979349264513], [1.0688976736916946, 52.99972821125166], [1.0689853707877026, 52.999671669387666], [1.0690177942206294, 52.999593706219294], [1.068909423795576, 52.999502043795694], [1.0688481686286573, 52.99951279796889], [1.06875614306134, 52.9994455019317], [1.0686785430366852, 52.99947875165148], [1.0685654593087037, 52.99952953673529], [1.0684984968826445, 52.999615127523676], [1.0684316443755217, 52.99972821125166], [1.0684390666625243, 52.99989783684363], [1.0683860554958524, 53.00001092057161], [1.0683767791404573, 53.000180546163584], [1.0683958337167314, 53.000248219146535], [1.0683958337167314, 53.000373427033026], [1.0684523755807223, 53.000482178546164], [1.0684372090373628, 53.00057633921152], [1.068479111248167, 53.0006894229395], [1.068426665812826, 53.00080250666748], [1.0683650762110712, 53.000915590395465], [1.0683392918527408, 53.00103638494686], [1.0682827499887502, 53.00114336073737], [1.0681696662607687, 53.00125173847602], [1.0680826905930199, 53.0013113834434], [1.0680000406687964, 53.00141631786264], [1.0679244387865896, 53.00148100903537], [1.0678350908625398, 53.001594092763355], [1.0677917165284287, 53.00170717649134], [1.0677738732128337, 53.001827311487645], [1.0677127200272385, 53.0019333439473], [1.0676549306901628, 53.00204642767528], [1.0675768722876982, 53.00215951140326], [1.06749116389288, 53.00222796106862], [1.06742867525082, 53.002329136995236], [1.0673215383009078, 53.00243947392519], [1.067329261178558, 53.00249876258721], [1.0672649964369172, 53.002569902696145], [1.0671519127089357, 53.002621850687945], [1.0670388289809543, 53.002672819539484], [1.0668692033889822, 53.002698357863096], [1.0666995777970099, 53.00270827659649], [1.066581214111218, 53.002724930043165], [1.0664168684770563, 53.0027542266207], [1.0662769518941644, 53.002781471907156], [1.0661341591571027, 53.002819438896395], [1.0660210754291213, 53.00286540147752], [1.0659459085872807, 53.00283801377115], [1.0658514498371492, 53.00292155741187], [1.065735298207348, 53.00295109749913], [1.0656252823811863, 53.00304001677332], [1.0655121986532048, 53.003079235244336], [1.0653991149252233, 53.00305342122158], [1.0653991149252233, 53.003166725549896], [1.0654073177129342, 53.00329034868307], [1.0653725686620323, 53.00323380681908], [1.0652860311972419, 53.00324168445719], [1.0651164056052698, 53.003284173507055], [1.0649467800132975, 53.00328326553826], [1.0648902381493068, 53.00314497296605], [1.0647771544213254, 53.00320603652999], [1.0646940687419637, 53.00317726495509], [1.064664070693344, 53.003154681360726], [1.0646075288293533, 53.00312041827398], [1.0644379032373812, 53.00307193360745], [1.0643648650536082, 53.00300763936312], [1.0643813613733903, 53.00290957979538], [1.0643248195093997, 53.00281452675842], [1.0643813613733903, 53.002758650404886], [1.0644944451013718, 53.00269802624086], [1.0645509869653624, 53.00265617974434], [1.0644379032373812, 53.00256415584649], [1.0643300890572682, 53.00249876258721], [1.0642682776454089, 53.00243074663692], [1.0641720281423197, 53.002329136995236], [1.0642255159718574, 53.002216053267254], [1.0643487184284575, 53.00215951140326], [1.0644391033198368, 53.00215951140326], [1.0645557149405747, 53.00215951140326], [1.0647185148625715, 53.00210296953927], [1.0646075288293533, 53.00204141674666], [1.0644944451013718, 53.00204856723955], [1.0643627144112735, 53.00204642767528], [1.0643248195093997, 53.00192700704261], [1.064327633532983, 53.00182026021932], [1.0642472018535365, 53.00182026021932], [1.0642117357814183, 53.00180111333608], [1.0642682776454089, 53.00169941130695], [1.0642522377771653, 53.001594092763355], [1.0643248195093997, 53.0015255705723], [1.0644379032373812, 53.00156156208766], [1.064503791883943, 53.00148100903537], [1.0645583831472272, 53.00136792530739], [1.0644944451013718, 53.00138187680469], [1.0643248195093997, 53.00139778363656], [1.06422470036509, 53.00136792530739], [1.0640986520534368, 53.001374919384816], [1.0640421101894462, 53.0012906899062], [1.0639918634020629, 53.00142446717138], [1.0639662440101043, 53.00136792530739], [1.0638159427334832, 53.001354114522854], [1.063748293379446, 53.0013113834434], [1.063646317141511, 53.00126932324048], [1.0636109094396051, 53.00114175785143], [1.0635610255118593, 53.00102867412345], [1.0637028590055018, 53.0009819695459], [1.063646317141511, 53.000965200720415], [1.0634766915495388, 53.000943292231874], [1.0633070659575667, 53.00095606772725], [1.0631374403655944, 53.00092615356264], [1.0630243566376132, 53.00098082758568], [1.0629119016072444, 53.000972132259456], [1.0628097760356563, 53.000972132259456], [1.0626851054536688, 53.000944590528064], [1.0625720217256873, 53.00100551554095], [1.0624589379977059, 53.000961133563685], [1.0623864688629805, 53.000972132259456], [1.062308292635101, 53.000859048531474], [1.0623458542697244, 53.00070011754311], [1.0623444706854865, 53.00063288107551], [1.0624299058063333, 53.00063288107551], [1.0625154798616967, 53.0005962154044], [1.0625154798616967, 53.00048970378932], [1.0624023961337152, 53.00044562153759], [1.0622893124057338, 53.00048104863506], [1.0622763563652624, 53.00035017175556], [1.062289623075316, 53.000237088027575], [1.0623458542697244, 53.00011280919789], [1.0624080396524873, 53.00001092057161], [1.0623917893607564, 52.99989783684363], [1.0624589379977059, 52.99980921499058], [1.0625720217256873, 52.99977594447653], [1.062640961487129, 52.99984129497964], [1.0627146603472517, 52.99989783684363], [1.0627673689039614, 52.99984129497964], [1.0628547310456409, 52.999919062361464], [1.0630243566376132, 52.999940622452925], [1.0631374403655944, 52.99984657354142], [1.0631009981799056, 52.99978475311565], [1.0630243566376132, 52.99979385853706], [1.0630243566376132, 52.99972201462589], [1.0631374403655944, 52.99963472308386], [1.0633070659575667, 52.99963848224851], [1.0634201496855482, 52.99959628393307], [1.0635332334135295, 52.99953490838098], [1.063646317141511, 52.999499977544396], [1.0638159427334832, 52.999480921904755], [1.0639855683254553, 52.99948574144016], [1.0640435107677284, 52.999502043795694], [1.0641551939174274, 52.99954742890521], [1.0642150645936483, 52.999615127523676], [1.0643248195093997, 52.99967999248122], [1.0644091904753505, 52.999615127523676], [1.0644379032373812, 52.99949895471153], [1.064531542937263, 52.99938896006771], [1.0645927493843588, 52.99927587633973], [1.064664070693344, 52.99917636702794], [1.0647771544213254, 52.999145425563924], [1.0649467800132975, 52.99913311729221], [1.0650185434980337, 52.999049708883774], [1.065059863741279, 52.99892985120362], [1.0651572445453328, 52.99893662515579], [1.0652294893332512, 52.99893783860263], [1.0653425730612327, 52.99901365347132], [1.0654410574348585, 52.999106250747765], [1.0654704341041596, 52.999162792611756], [1.0655687405171954, 52.99909975454519], [1.0657383661091677, 52.99907999279886], [1.0658514498371492, 52.999044234591636], [1.0659645335651304, 52.99896628059026], [1.0661341591571027, 52.99896558902558], [1.0662472428850842, 52.99899568400104], [1.0663603266130657, 52.998970735920196], [1.0664734103410471, 52.999000940217265], [1.0665299522050378, 52.998918804572334], [1.0666430359330192, 52.99895067947725], [1.0667737646858204, 52.99899316701978], [1.0668908827041963, 52.99899316701978], [1.0670388289809543, 52.99895398067581], [1.0671519127089357, 52.998900907357], [1.0673215383009078, 52.9988881744868], [1.06749116389288, 52.99889153449391], [1.0676594991890418, 52.99893662515579], [1.0677173313488428, 52.99899626774898], [1.067776547438062, 52.99899316701978], [1.0678869569408151, 52.99906257997554], [1.0679466883458515, 52.999106250747765], [1.0680565825327872, 52.999112825473105], [1.0681005830302253, 52.99899316701978], [1.0681131243967779, 52.998874766974424], [1.0682262081247593, 52.99879561300907], [1.0682833914165888, 52.99882354142781], [1.0684027147001416, 52.99876699956382], [1.0685654593087037, 52.99875148106433], [1.0686494752589304, 52.99882354142781], [1.0687350849006758, 52.99890460384319], [1.0688481686286573, 52.998867418638866], [1.068904710492648, 52.998940509759805], [1.0690177942206294, 52.99901181902771], [1.0691874198126017, 52.99899962698425], [1.0692705383403898, 52.999049708883774], [1.0693005035405831, 52.99891006863528], [1.0694135872685644, 52.99887857232597], [1.0694701291325552, 52.99881152406912], [1.0694570567924577, 52.99865391583584], [1.069541162805838, 52.99859737397185], [1.0696397547245273, 52.99852687290845], [1.0697528384525088, 52.99848306717937], [1.0698946574151076, 52.998427748379875], [1.069945929487858, 52.99831466465189], [1.0700920896364532, 52.99828623311707], [1.0701547159518008, 52.99820158092391], [1.0702617152284253, 52.998106375600344], [1.0703747989564067, 52.998081964199315], [1.0705444245483788, 52.99805759889305], [1.0706575082763603, 52.9980049585558], [1.0707235222061944, 52.99803195533194], [1.0708271338683324, 52.99794016426547], [1.0709967594603047, 52.99792732902948], [1.0711098431882862, 52.99789665602085], [1.0712229269162674, 52.99784676591974], [1.0713360106442489, 52.99780154586298], [1.0715056362362212, 52.99778955632396], [1.0716187199642027, 52.99773472222892], [1.0717883455561747, 52.9977471822886], [1.0718551523231286, 52.997749246011985], [1.07199285979676, 52.997749246011985], [1.0720710548761283, 52.99774662940566], [1.0722406804681004, 52.99772670101428], [1.0724102250340515, 52.997692704147994], [1.072479442164103, 52.997692704147994], [1.0725649464103777, 52.997636162284], [1.072620747855675, 52.997692704147994], [1.072664281863493, 52.997636162284], [1.072694763376646, 52.997692704147994], [1.0727962746620197, 52.997805787875976], [1.0728475485346305, 52.997749246011985], [1.0728626409719983, 52.99762848749167], [1.072931736841705, 52.997692704147994], [1.0730322665639707, 52.99776714448363], [1.0730322665639707, 52.99766183947424], [1.0730508696840844, 52.997636162284], [1.0731346234767116, 52.997749246011985], [1.0732584340199334, 52.99775550679549], [1.0734280596119057, 52.99777021747699], [1.0735030076372052, 52.997749246011985], [1.0735976852038778, 52.99781565765464], [1.0737107689318592, 52.997800888494005], [1.0738238526598407, 52.997834396675124], [1.073940014136064, 52.99786232973997], [1.0741065619797943, 52.9979099506906], [1.0741942689474375, 52.99791887160396], [1.0742876807587178, 52.99791887160396], [1.0743632702094121, 52.99797541346795], [1.0744616660569155, 52.99791887160396], [1.0745610704883635, 52.99786232973997], [1.0746902947902526, 52.99786232973997], [1.0747850643476828, 52.99795018107636], [1.0748981480756643, 52.998003426422386], [1.0750075416693496, 52.99808849719593], [1.0750774470809297, 52.99814503905992], [1.0752373992596087, 52.99818223452599], [1.07536949996925, 52.99814503905992], [1.0754421647672356, 52.99808849719593], [1.0755567074564845, 52.99808849719593], [1.0755201085795623, 52.99801132232528], [1.0755941357205032, 52.99791887160396], [1.0756331923075437, 52.99775195825721], [1.0757557230564312, 52.997749246011985], [1.0757462760355252, 52.99766369045884], [1.0758195590133128, 52.997692704147994], [1.0759177731503136, 52.997692704147994], [1.076034528874101, 52.997749246011985], [1.0761986109474508, 52.99777267263508], [1.0763682365394232, 52.99777927130245], [1.0765378621313952, 52.997764194392275], [1.07661062564592, 52.997692704147994], [1.0767640295873582, 52.99765758995074], [1.0768771133153396, 52.99762337803409], [1.0770467389073117, 52.99760023505933], [1.0771570343253216, 52.99757962042001], [1.0772729063632747, 52.997598238490504], [1.0773859900912561, 52.99753456156018], [1.0774990738192374, 52.997506487976565], [1.0776121575472188, 52.99745728663654], [1.0777252412752003, 52.997395210034036], [1.0778948668671724, 52.997403908394624], [1.0780079505951539, 52.99734857508896], [1.0781210343231353, 52.9972711520051], [1.078287522063278, 52.99724036923607], [1.0783472017790983, 52.997176352114785], [1.0784602855070797, 52.9971085009507], [1.0785733692350612, 52.997050364526174], [1.0786995189616413, 52.997014201780104], [1.0788560785550148, 52.99698888957707], [1.0789691622829962, 52.99694674727385], [1.0791387878749683, 52.996950692488525], [1.0793084134669404, 52.9969390479387], [1.0794780390589127, 52.996913408275816], [1.0795911227868942, 52.9968651116778], [1.0797042065148756, 52.99683084460234], [1.0798553603658123, 52.99678803432414], [1.0799066411476836, 52.99667495059616], [1.0798738321068477, 52.99656639626911], [1.0799869158348292, 52.996521851893576], [1.0800999995628107, 52.99649269928148], [1.0802130832907921, 52.996521928139536], [1.0802696251547828, 52.996499740541545], [1.0801830008026567, 52.996392241276205], [1.0802696251547828, 52.99629662241309], [1.0804392507467548, 52.99630366543623], [1.0806088763387272, 52.99632718386237], [1.0807219600667086, 52.996344725540425], [1.080871103948373, 52.996392241276205], [1.0809481275226713, 52.99638069451037], [1.081018605220875, 52.996392241276205], [1.0811177531146436, 52.99643000740989], [1.0812873787066157, 52.99644476170176], [1.0814004624345972, 52.996455146889055], [1.0815135461625787, 52.99643268005066], [1.0816831717545508, 52.9964277344499], [1.0818527973465228, 52.99639838622642], [1.0820224229384952, 52.99639470421713], [1.0821355066664766, 52.99636976730642], [1.0823051322584487, 52.99634513805509], [1.0824182159864302, 52.996331023379625], [1.0825312997144116, 52.996336758810486], [1.082644383442393, 52.99633228393107], [1.0828140090343652, 52.99632099061673], [1.0829270927623467, 52.996352968017234], [1.082990805353197, 52.996335699412214]]}}, {"type": "Feature", "properties": {"depth": -15.0}, "geometry": {"type": "LineString", "coordinates": [[1.1022094613606426, 53.00306418122711], [1.1022144713996032, 53.00323380681908], [1.1021981486279884, 53.00317726495509], [1.10214746681923, 53.00306418122711], [1.1022094613606426, 53.00306418122711]]}}, {"type": "Feature", "properties": {"depth": -15.0}, "geometry": {"type": "LineString", "coordinates": [[1.1028387536461153, 53.00244222072322], [1.102894009418466, 53.00255530445119], [1.1028847008961336, 53.00261184631518], [1.1028231445144163, 53.00249876258721], [1.1028387536461153, 53.00244222072322]]}}, {"type": "Feature", "properties": {"depth": -15.0}, "geometry": {"type": "LineString", "coordinates": [[1.1032065854750244, 53.002329136995236], [1.103284524038888, 53.00238567885923], [1.1032256219350152, 53.00247599751393], [1.1031125382070337, 53.00250659360323], [1.10310282996855, 53.00238567885923], [1.1031690800710245, 53.002316068039164]]}}, {"type": "Feature", "properties": {"depth": -15.0}, "geometry": {"type": "LineString", "coordinates": [[1.136981114737475, 52.99962838311315], [1.1369245728734845, 52.99972835270594], [1.136811489145503, 52.99969009920594], [1.1366589282484272, 52.99972821125166], [1.1365287798255495, 52.99977371028359], [1.136415696097568, 52.99979454384742], [1.1363447636566264, 52.99978475311565], [1.136189528641605, 52.99982563416877], [1.136019903049633, 52.99981379439397], [1.1358870265717977, 52.99984129497964], [1.1359139357264016, 52.99995437870762], [1.1359378047576865, 53.00012400429959], [1.1359810197577236, 53.000237088027575], [1.1360280805315257, 53.00035017175556], [1.1361059229626138, 53.00046325548354], [1.1361551115158504, 53.00057633921152], [1.1361014836190928, 53.0006894229395], [1.1361384527489622, 53.00080250666748], [1.1361273651612156, 53.00074596480349], [1.1360220727533508, 53.00063288107551], [1.1359633611856421, 53.000538717615115], [1.1359146393850772, 53.00040671361955], [1.1358502774576609, 53.00031036777627], [1.13579373559367, 53.00023041758511], [1.1357371937296792, 53.000122559482115], [1.135624110001698, 53.00002985388121], [1.1355454393663917, 52.99995437870762], [1.1354544844097259, 52.99988964962759], [1.1353029497893996, 52.99984129497964], [1.135228316953763, 52.999846056089545], [1.1351152332257815, 52.99983685646218], [1.1350021494978, 52.99986360334437], [1.134832523905828, 52.99988303007062], [1.1347386848795582, 52.99989783684363], [1.1346628983138556, 52.999915660550926], [1.1346014645310436, 52.99989783684363], [1.1344932727218835, 52.99998403083916], [1.1344116729453007, 53.0000674624356], [1.1344932727218835, 53.000029030112984], [1.1344915524168009, 53.00012400429959], [1.1344932727218835, 53.00018284113203], [1.1344932727218835, 53.00034600622883], [1.1344932727218835, 53.00043925209452], [1.1344367308578929, 53.00052573801863], [1.1344932727218835, 53.00060959105756], [1.1345034659810462, 53.00074596480349], [1.1344800446948016, 53.000859048531474], [1.1344367308578929, 53.00097694205592], [1.1343531715711608, 53.00108521598744], [1.1342671052659206, 53.00114819417312], [1.134154021537939, 53.00120859587206], [1.13399627825812, 53.00125484157941], [1.1338713122179855, 53.00128960338666], [1.1339219826477247, 53.00136792530739], [1.133758228490004, 53.00138236422686], [1.133601787600486, 53.00142446717138], [1.1334755191700505, 53.001465435995854], [1.133312401587629, 53.00148100903537], [1.133362435442069, 53.00156884232995], [1.1332833878064845, 53.001537550899364], [1.133192809850097, 53.00153153638875], [1.1331717305109306, 53.001650634627346], [1.133192809850097, 53.00179075806451], [1.133250412623593, 53.00176371835533], [1.1332493517140876, 53.00187620316044], [1.1333022558430312, 53.00198988581129], [1.1333058935780784, 53.00205407425166], [1.1331638202727399, 53.00210296953927], [1.1332493517140876, 53.0021834250675], [1.133362435442069, 53.002139025564425], [1.1334755191700505, 53.00218463706803], [1.133588602898032, 53.002156468983415], [1.1337016866260134, 53.00220300549323], [1.1337698363189594, 53.002272595131245], [1.1338289090470979, 53.00238567885923], [1.1339098380227293, 53.00244222072322], [1.1339278540819762, 53.002316427915645], [1.1340194546251925, 53.00238567885923], [1.134154021537939, 53.00242911328148], [1.13421056340193, 53.002505183982386], [1.1342671052659206, 53.00240953186556], [1.1344142888203033, 53.00238567885923], [1.134542503095385, 53.00238567885923], [1.134606356449865, 53.00247285974073], [1.1347194401778464, 53.00238785150384], [1.134832523905828, 53.002468447365715], [1.134980721791441, 53.00249876258721], [1.1350586913617906, 53.00244265810034], [1.1351995646992878, 53.00249876258721], [1.1353414006817442, 53.00250878719068], [1.1355110262737165, 53.00254730427228], [1.1356806518656886, 53.002547268411625], [1.1358502774576609, 53.00253697674162], [1.1359930968448604, 53.00249876258721], [1.136122690673486, 53.00249876258721], [1.136189528641605, 53.002460558208924], [1.1363591542335771, 53.00248262397801], [1.1365287798255495, 53.002478065433], [1.136632794828258, 53.00244222072322], [1.1366984054175215, 53.002432949524206], [1.1367743749647055, 53.002329136995236], [1.1367829838631303, 53.00215951140326], [1.136738630676706, 53.00204642767528], [1.136641863553531, 53.001942170841566], [1.1366002962213047, 53.00182026021932], [1.1365699229873085, 53.00170717649134], [1.1365086046584638, 53.001594092763355], [1.1364722379615586, 53.001476342935646], [1.136415696097568, 53.00135705802838], [1.1363372918614554, 53.00125484157941], [1.1364071052125753, 53.00119829971542], [1.1364722379615586, 53.00126583512012], [1.1365091697506935, 53.00142446717138], [1.13658532168954, 53.00149642117275], [1.136606667454116, 53.001650634627346], [1.1366790565052836, 53.00176371835533], [1.1367361456721174, 53.00187680208331], [1.1367679561029618, 53.00198988581129], [1.136811489145503, 53.00212040747663], [1.1369028233302778, 53.002216053267254], [1.136981114737475, 53.002289911387614], [1.137059297965804, 53.00238567885923], [1.1371507403294474, 53.002482596544205], [1.1372638240574289, 53.002432393526355], [1.137433449649401, 53.00242420615226], [1.1375142954205424, 53.002329136995236], [1.137603075241373, 53.00234556486244], [1.1376705371523497, 53.002272595131245], [1.1377727008333451, 53.00220817162952], [1.137829242697336, 53.00229471573244], [1.1378857845613266, 53.00219593426918], [1.1379441838307816, 53.00215951140326], [1.138051770903342, 53.00210296953927], [1.1381383160192204, 53.00204642767528], [1.1382122028845176, 53.0019333439473], [1.1381449116377047, 53.00182026021932], [1.138142929817453, 53.001650634627346], [1.1382024220613487, 53.001537550899364], [1.138225035745271, 53.00145754513621], [1.1381536591588555, 53.00136792530739], [1.138225035745271, 53.001310880556616], [1.1382815776092619, 53.00137964440672], [1.1383381194732525, 53.00149487640848], [1.138451203201234, 53.00147660062762], [1.1385077450652246, 53.001371492900525], [1.1384326391998019, 53.0013113834434], [1.1385642869292154, 53.00126816464165], [1.138620828793206, 53.00114485758814], [1.1386773706571969, 53.00104830344536], [1.1387806351193925, 53.000972132259456], [1.1388751874300866, 53.000915590395465], [1.1388402738139551, 53.00080250666748], [1.1387849551350782, 53.0006894229395], [1.1387092716535276, 53.00057633921152], [1.138620828793206, 53.00047124794806], [1.1385077450652246, 53.00045842214444], [1.138394661337243, 53.00036231823031], [1.1383212122073274, 53.000293629891566], [1.1382728425063684, 53.000180546163584], [1.138225035745271, 53.00004026889604], [1.1381119520172895, 52.9999879745146], [1.137998868289308, 52.99992811367021], [1.1378857845613266, 52.9998808379607], [1.1377727008333451, 52.99990836261475], [1.137659617105364, 52.99985696414403], [1.137597416880529, 52.99995437870762], [1.1376302300361945, 53.0000674624356], [1.1375231533673305, 53.0000674624356], [1.137433449649401, 52.999993801407186], [1.1373513123605448, 52.99989783684363], [1.137254998917053, 52.99984129497964], [1.137207282193438, 52.99970915085313], [1.1371501401008954, 52.99972821125166], [1.137037656601466, 52.999731628029984], [1.136981114737475, 52.99962838311315]]}}, {"type": "Feature", "properties": {"depth": -15.0}, "geometry": {"type": "LineString", "coordinates": [[1.104469542942811, 53.00217786491898], [1.1044503791471834, 53.002329136995236], [1.1045826266707925, 53.002338086076186], [1.104543181354914, 53.002272595131245], [1.104469542942811, 53.00217786491898]]}}, {"type": "Feature", "properties": {"depth": -15.0}, "geometry": {"type": "LineString", "coordinates": [[1.0641602734496736, 53.0019333439473], [1.0642922224998308, 53.00198988581129], [1.0642117357814183, 53.00207166718442], [1.0641551939174274, 53.001937306413936], [1.0641602734496736, 53.0019333439473]]}}, {"type": "Feature", "properties": {"depth": -15.0}, "geometry": {"type": "LineString", "coordinates": [[1.0649467800132975, 53.002029433555194], [1.0647771544213254, 53.00203120245044], [1.0647206125573347, 53.00210120676114], [1.0648902381493068, 53.00205212494769], [1.0649467800132975, 53.002029433555194]]}}, {"type": "Feature", "properties": {"depth": -15.0}, "geometry": {"type": "LineString", "coordinates": [[1.085538712254623, 53.00114175785143], [1.0856411022339012, 53.00120591693203], [1.0857187990656396, 53.0013113834434], [1.0856976440978918, 53.00142698077343], [1.0855720788337813, 53.00148100903537], [1.0854149347779383, 53.00152593552624], [1.0852453091859662, 53.001491706770864], [1.0851322254579847, 53.001450397853034], [1.0850632237098141, 53.00142446717138], [1.0850963053782903, 53.001537550899364], [1.0850191417300032, 53.00148402002288], [1.0850191417300032, 53.0016411156859], [1.085075683593994, 53.00172340592265], [1.0851322254579847, 53.001650042192374], [1.0852453091859662, 53.00170251494841], [1.0854149347779383, 53.001671888585975], [1.0855280185059197, 53.001604449173904], [1.0855903858284663, 53.00170717649134], [1.0854714766419291, 53.0017497396985], [1.0854060369166523, 53.00176371835533], [1.085321638591007, 53.00182026021932], [1.0852453091859662, 53.00189976477107], [1.0852453091859662, 53.00204005073401], [1.0852224063505576, 53.00204642767528], [1.0851104191241996, 53.00204642767528], [1.0849923176247476, 53.00204642767528], [1.0849060580020218, 53.0020484390934], [1.0847929742740403, 53.0020450094011], [1.0847364324100497, 53.00192934809868], [1.0847364324100497, 53.00178581819612], [1.0848495161380312, 53.00172109221667], [1.0849625998660126, 53.00167595186052], [1.0849544933540372, 53.001594092763355], [1.0848495161380312, 53.00161323298402], [1.0847364324100497, 53.00156558891234], [1.0846233486820682, 53.00149929483755], [1.0846233486820682, 53.00138756716183], [1.084679890546059, 53.00129930706446], [1.0848495161380312, 53.00127609024461], [1.0849625998660126, 53.00133874427385], [1.085075683593994, 53.00129476226568], [1.0851322254579847, 53.001195006326554], [1.0852453091859662, 53.00114125497575], [1.0853263044758161, 53.00114175785143], [1.0854714766419291, 53.00113184893805]]}}, {"type": "Feature", "properties": {"depth": -15.0}, "geometry": {"type": "LineString", "coordinates": [[1.1314965539303752, 53.00175463968788], [1.131383470202394, 53.00177349531561], [1.1313962218720484, 53.00187680208331], [1.1313728000525103, 53.00198988581129], [1.1314400120663846, 53.00198227239813], [1.1315217367015455, 53.00198988581129], [1.1314851971168598, 53.00187680208331], [1.131508314204635, 53.00176371835533]]}}, {"type": "Feature", "properties": {"depth": -15.0}, "geometry": {"type": "LineString", "coordinates": [[1.1177568809806302, 53.00114155773294], [1.1177211389297899, 53.00125484157941], [1.117587255388658, 53.00128408875338], [1.1175307135246675, 53.00131637219935], [1.1177003391166396, 53.00134960604389], [1.1177687796568216, 53.00142446717138], [1.1177003391166396, 53.0013863554052], [1.117587255388658, 53.001465088875946], [1.1174741716606766, 53.00140487251149], [1.1174588900758144, 53.001537550899364], [1.1175307135246675, 53.001483004338965], [1.1177003391166396, 53.00153409632015], [1.1177472200112308, 53.001650634627346], [1.117813422844621, 53.00175804581431], [1.1178699647086117, 53.001874019946726], [1.117903073761087, 53.00170717649134], [1.1179830484365931, 53.00173327318077], [1.118079517362149, 53.00176371835533], [1.1181439173166505, 53.00182026021932], [1.118209215892556, 53.00181563125731], [1.1182868990864663, 53.00170717649134], [1.118209215892556, 53.00172477210973], [1.11825982470329, 53.001650634627346], [1.118209215892556, 53.00156383980096], [1.118286513390138, 53.001594092763355], [1.1182657577565467, 53.001475053453106], [1.1182147445980957, 53.0013113834434], [1.1183222996205375, 53.00124696427062], [1.1184919252125096, 53.00120397839207], [1.11862479300452, 53.00119829971542], [1.1184919252125096, 53.00118946297287], [1.1183222996205375, 53.00117242318038], [1.1181526740285652, 53.001181496793585], [1.118039590300584, 53.00121233377517], [1.1179706149220219, 53.00119829971542], [1.1180160611468872, 53.0013113834434], [1.1180961321645746, 53.00138658116626], [1.1181526740285652, 53.0012967118226], [1.118153300683484, 53.00142446717138], [1.1181097949124652, 53.001537550899364], [1.1180795336417384, 53.00148100903537], [1.1179830484365931, 53.001385102582525], [1.1178917541893183, 53.0013113834434], [1.1178699647086117, 53.00118394079614], [1.117758682153173, 53.00119829971542]]}}, {"type": "Feature", "properties": {"depth": -15.0}, "geometry": {"type": "LineString", "coordinates": [[1.009039008946134, 53.00119829971542], [1.0091163563491101, 53.00125484157941], [1.0091965021184475, 53.00128614277904], [1.009278709964474, 53.00136792530739], [1.0091965021184475, 53.0013366348688], [1.0090983888331881, 53.0013113834434], [1.009185378258791, 53.00142446717138], [1.009253043982438, 53.0015186669026], [1.009333198284654, 53.00148100903537], [1.009382564660055, 53.001594092763355], [1.009309585846429, 53.001573829768404], [1.009253043982438, 53.0016757528522], [1.0091506418735658, 53.00170717649134], [1.0090331180165186, 53.00170717649134], [1.0089703346624845, 53.00168868634038], [1.0088778225752397, 53.001650634627346], [1.0088427814656677, 53.00170717649134], [1.0087774557286695, 53.001594092763355], [1.0087268272984447, 53.00148100903537], [1.0088007090705124, 53.00140057576607], [1.0088267326029219, 53.00125484157941], [1.0088748140071984, 53.00119829971542], [1.0089703346624845, 53.00129940666291], [1.0090268765264754, 53.001188844284]]}}, {"type": "Feature", "properties": {"depth": -15.0}, "geometry": {"type": "LineString", "coordinates": [[1.0517141224037165, 53.0006894229395], [1.0517966087732522, 53.00074596480349], [1.0517159889370045, 53.000859048531474], [1.0517725257034598, 53.00097274914729], [1.0518845712254183, 53.000972132259456], [1.051984001735445, 53.00102867412345], [1.0520541064466864, 53.00114175785143], [1.0521117768874042, 53.00112388923102], [1.0522248606153854, 53.001066335729526], [1.0523142586784962, 53.00114175785143], [1.052370017958077, 53.00108521598744], [1.0522814024793763, 53.00098743640067], [1.052337944343367, 53.000934551560576], [1.0524799844148223, 53.000915590395465], [1.052586178520399, 53.000915590395465], [1.0525508166611202, 53.00102867412345], [1.052589667726992, 53.00114175785143], [1.0526629942145456, 53.00125484157941], [1.0525641117993298, 53.00132243420777], [1.0524844928047727, 53.00136792530739], [1.052423677838913, 53.00142446717138], [1.0523134015070534, 53.00142446717138], [1.0522248606153854, 53.00144030172302], [1.0520901054837968, 53.00148100903537], [1.051942151295432, 53.00151535106662], [1.0518290675674504, 53.00154659658617], [1.0517522328540951, 53.001537550899364], [1.0516029001114875, 53.001561471916645], [1.0514332745195154, 53.001555942409574], [1.0512636489275433, 53.00157169938552], [1.0510940233355712, 53.00157689514284], [1.0509649293237238, 53.001537550899364], [1.0508678558796083, 53.001552167987086], [1.0507547721516268, 53.00150751865023], [1.0506416884236454, 53.00145254853403], [1.0505851465596545, 53.0014199487905], [1.0505851465596545, 53.00130642908554], [1.050528604695664, 53.00122960797866], [1.0506416884236454, 53.00118366977054], [1.0507939653426623, 53.00114175785143], [1.050924397743599, 53.00109837911907], [1.050924397743599, 53.001013467965606], [1.0508678558796083, 53.00089782229778], [1.050924397743599, 53.00083127603936], [1.0510083488907673, 53.00074596480349], [1.0511505651995618, 53.00072043304127], [1.0512636489275433, 53.00075641275662], [1.0513767326555248, 53.000706981975085], [1.0515463582474969, 53.000712514660975], [1.0516594419754783, 53.00063668655444]]}}, {"type": "Feature", "properties": {"depth": -15.0}, "geometry": {"type": "LineString", "coordinates": [[1.118435383348519, 53.0013671343626], [1.1183140301903, 53.00136792530739], [1.1183436369792135, 53.00148100903537], [1.1183814735693989, 53.001537550899364], [1.118435383348519, 53.00136821700412]]}}, {"type": "Feature", "properties": {"depth": -15.0}, "geometry": {"type": "LineString", "coordinates": [[1.1310442190184495, 53.00115280380491], [1.1310414963805955, 53.0013113834434], [1.1311007608824402, 53.001423448891764], [1.1311007608824402, 53.001266827807186], [1.1310442190184495, 53.00115280380491]]}}, {"type": "Feature", "properties": {"depth": -15.0}, "geometry": {"type": "LineString", "coordinates": [[1.0505749316173052, 53.000859048531474], [1.050698230287636, 53.000910821669265], [1.0508113140156174, 53.00095720248904], [1.0507547721516268, 53.000972133848784], [1.0506416884236454, 53.00102970583235], [1.050528604695664, 53.00099706102711], [1.0504600247994376, 53.000915590395465], [1.050528604695664, 53.00084982675784]]}}, {"type": "Feature", "properties": {"depth": -15.0}, "geometry": {"type": "LineString", "coordinates": [[1.0509809396075898, 53.00088732856928], [1.0509809396075898, 53.00098944311515], [1.0510811011326777, 53.00102867412345], [1.050995084513942, 53.000915590395465]]}}, {"type": "Feature", "properties": {"depth": -15.0}, "geometry": {"type": "LineString", "coordinates": [[1.085320829998603, 53.00074596480349], [1.0853934394738263, 53.000859048531474], [1.0854714766419291, 53.00081857833434], [1.0854714766419291, 53.00095655164154], [1.0853994632705068, 53.00102867412345], [1.0852453091859662, 53.00105111475083], [1.085075683593994, 53.00105982292548], [1.0850191173449963, 53.00102867412345], [1.0848495161380312, 53.0010645562324], [1.0846846684593008, 53.00102867412345], [1.0847364324100497, 53.00090865978946], [1.0849060580020218, 53.000903219886574], [1.0850191417300032, 53.00096454457006], [1.085112141070699, 53.000859048531474], [1.0851887673219753, 53.000786425814674], [1.0853018510499568, 53.000733940157865]]}}, {"type": "Feature", "properties": {"depth": -15.0}, "geometry": {"type": "LineString", "coordinates": [[1.1312138446104216, 53.000908390772025], [1.1311007608824402, 53.000952887541125], [1.131129934798689, 53.00102867412345], [1.1312138446104216, 53.001018255886535], [1.1312703864744125, 53.000936663345044]]}}, {"type": "Feature", "properties": {"depth": -15.0}, "geometry": {"type": "LineString", "coordinates": [[1.0503168222230634, 53.00080250666748], [1.0503744982140142, 53.000915590395465], [1.0502713726685322, 53.000915590395465], [1.050302437239701, 53.0007919337516]]}}, {"type": "Feature", "properties": {"depth": -15.0}, "geometry": {"type": "LineString", "coordinates": [[1.052438557252408, 53.00051979734753], [1.0525498191344913, 53.00057633921152], [1.0525109248953435, 53.00074596480349], [1.0524080699930576, 53.00074596480349], [1.052337944343367, 53.00077430416768], [1.0522248606153854, 53.00081606412994], [1.0521117768874042, 53.000758599320044], [1.0519695492665615, 53.00080250666748], [1.051942151295432, 53.000769329391964], [1.0519994020198382, 53.0006894229395], [1.0519986931594227, 53.000629939282085], [1.0520669171065415, 53.00051979734753], [1.0522248606153854, 53.00050117048186], [1.0523944862073578, 53.00048729633766]]}}, {"type": "Feature", "properties": {"depth": -15.0}, "geometry": {"type": "LineString", "coordinates": [[1.1175527415946644, 53.00051979734753], [1.1175905016349679, 53.00063288107551], [1.1175356814926947, 53.00074596480349], [1.117587255388658, 53.00085813225842], [1.1174741716606766, 53.000782016478], [1.117417629796686, 53.00071392373535], [1.1175033213933345, 53.00063288107551], [1.1174658153720756, 53.00051979734753], [1.1175527415946644, 53.00051979734753]]}}, {"type": "Feature", "properties": {"depth": -15.0}, "geometry": {"type": "LineString", "coordinates": [[1.052654597993579, 53.00051979734753], [1.052733737391302, 53.00061704740484], [1.052733737391302, 53.00070668121114], [1.052630233796813, 53.00063288107551], [1.0525926020801657, 53.00051979734753]]}}, {"type": "Feature", "properties": {"depth": -15.0}, "geometry": {"type": "LineString", "coordinates": [[1.0994667073154796, 52.99803195533194], [1.0996069426396091, 52.99804055320519], [1.0997765682315812, 52.99807652918854], [1.0998730464651791, 52.99808849719593], [1.0999461938235533, 52.99808852847837], [1.1000592775515348, 52.99807689063413], [1.1001723612795162, 52.99814097074065], [1.1002819544117313, 52.99820158092391], [1.1003985287354792, 52.998208990629216], [1.1005116124634606, 52.99815352378465], [1.1005696057655774, 52.99814503905992], [1.1007377799194236, 52.998197588644636], [1.1008089705319533, 52.9982581227879], [1.1009056553793803, 52.998371206515884], [1.1010204892393771, 52.99841922015044], [1.1011335729673586, 52.99844526830986], [1.1012645766853706, 52.998484290243866], [1.1013132159837145, 52.99859737397185], [1.1014162822873121, 52.99865688791179], [1.1014973529091368, 52.99876699956382], [1.1015293660152936, 52.998927792127446], [1.1015585888817583, 52.999049708883774], [1.1015859078792842, 52.99916480283656], [1.1016886216021162, 52.99927587633973], [1.1016989916072657, 52.99934668908279], [1.10164571800134, 52.999502043795694], [1.101539100944824, 52.999558585659685], [1.1014162822873121, 52.999593213512995], [1.1013031985593307, 52.99963537291221], [1.1011596760616855, 52.999671669387666], [1.1010694323081849, 52.99972821125166], [1.1010204892393771, 52.99984730870974], [1.1009074055113957, 52.99993036753911], [1.1008150728702706, 53.00001092057161], [1.1007377799194236, 53.00008349988153], [1.1006838455218464, 53.000237088027575], [1.1006180986937915, 53.000293629891566], [1.1004895576245872, 53.000293629891566], [1.1003514652802577, 53.000293629891566], [1.1002854450074977, 53.00035199393929], [1.1003124176035879, 53.000293629891566], [1.100194715104954, 53.000237088027575], [1.1000907315531552, 53.000180546163584], [1.0999860441956728, 53.000180546163584], [1.0998896519595627, 53.00025036686013], [1.0997765682315812, 53.000206208024316], [1.099641106514139, 53.000237088027575], [1.0995504007756183, 53.00018689790758], [1.0994938589116277, 53.000116195968005], [1.0993807751836462, 53.00005283445706], [1.0992948461300713, 53.0000674624356], [1.0991845999917946, 53.0000674624356], [1.0990980658636926, 53.00015189025514], [1.0989849821357112, 53.00022145679748], [1.0989284402717203, 53.00031868708096], [1.098815356543739, 53.00036366497643], [1.0987434668096994, 53.00035017175556], [1.0986457309517668, 53.0004226410454], [1.0985891890877761, 53.00052809264688], [1.0984206570197108, 53.00057633921152], [1.0983064797678226, 53.00062032728224], [1.0981933960398411, 53.000664457482216], [1.098023770447869, 53.000646215177774], [1.0979106867198876, 53.000611220141884], [1.0978121728944301, 53.0006894229395], [1.0976845192639246, 53.000726000083965], [1.0975714355359432, 53.000651970788944], [1.0974583518079617, 53.000587917144486], [1.0974583518079617, 53.00047015963772], [1.0974583518079617, 53.0004016987414], [1.0974583518079617, 53.00027216344568], [1.0975148936719523, 53.00040281753415], [1.0976016604745937, 53.00035017175556], [1.0976319568620976, 53.000293629891566], [1.0975659817399985, 53.000237088027575], [1.097401809943971, 53.00023170578652], [1.0973852946073839, 53.00035017175556], [1.0972887262159896, 53.00033994603593], [1.0972887262159896, 53.00041536789284], [1.0972887262159896, 53.000547118117616], [1.0972125687093355, 53.00051979734753], [1.0971191006240173, 53.000482609725914], [1.097006016896036, 53.00044453856216], [1.0968929331680546, 53.00038773375831], [1.0968079062474974, 53.00040671361955], [1.0967233075760823, 53.00032808696844], [1.096574772966806, 53.00035017175556], [1.0965755569685374, 53.00051979734753], [1.0964971401201196, 53.00057694332065], [1.0964271865496231, 53.00057633921152], [1.0963275145281473, 53.0005314806094], [1.0961946234133124, 53.00057633921152], [1.0961013470721843, 53.00064671998027], [1.0959317214802122, 53.00064417157598], [1.095848209595622, 53.0006894229395], [1.0957620958882401, 53.000736234594804], [1.0956490121602587, 53.0006454688597], [1.0955442646466351, 53.00057633921152], [1.0954793865682866, 53.000598503857866], [1.0953663028403051, 53.00056488490065], [1.0954130422614206, 53.00063288107551], [1.0953097609763143, 53.0006930949911], [1.095260048674227, 53.00057633921152], [1.0952217597895846, 53.00063288107551], [1.0951319606570182, 53.00063288107551], [1.0950270516563607, 53.00054994459103], [1.0948574260643886, 53.000526981914994], [1.0948008842003978, 53.00045248551111], [1.0946878004724163, 53.00036251728049], [1.0946245434633606, 53.000293629891566], [1.0946878004724163, 53.00019920102898], [1.0947823130052232, 53.00012400429959], [1.0946878004724163, 53.000057312210764], [1.0946301493552595, 53.0000674624356], [1.0945181748804442, 52.99995729572974], [1.0944616330164536, 52.999896064946775], [1.0944616330164536, 52.999769301009295], [1.094574716744435, 52.99968749191599], [1.0946878004724163, 52.99973133200128], [1.0946878004724163, 52.99963330074181], [1.094574716744435, 52.99959651662935], [1.0944875702257117, 52.999502043795694], [1.0945049614776932, 52.99933241820372], [1.0945226315476053, 52.99927587633973], [1.0946300292594724, 52.99921933447575], [1.0947443423364072, 52.99921922539634], [1.0948574260643886, 52.99914459016331], [1.0950270516563607, 52.999131243495285], [1.0951540658130714, 52.999106250747765], [1.0952726073832577, 52.999049708883774], [1.0953663028403051, 52.998993165827294], [1.0954793865682866, 52.99891813429025], [1.0955829493070632, 52.99893662515579], [1.0957055540242493, 52.99890725530812], [1.0957620958882401, 52.99879905420107], [1.0958751796162216, 52.998758168090454], [1.0960233795381826, 52.99871045769983], [1.0961013470721843, 52.9987145234794], [1.096180871965143, 52.99865391583584], [1.0963275145281473, 52.99860154758108], [1.096421565275594, 52.99859737397185], [1.0964971401201196, 52.99855981304196], [1.096610223848101, 52.99853962912684], [1.0967798494400731, 52.99850061900967], [1.0968929331680546, 52.99844465926031], [1.097006016896036, 52.998374152247116], [1.0971191006240173, 52.99835472221857], [1.0972887262159896, 52.998323984777], [1.0973477571855013, 52.99831466465189], [1.0974583518079617, 52.998302955156404], [1.0975461276158411, 52.998371206515884], [1.0976279773999338, 52.998362130245326], [1.0977410611279153, 52.99838250945335], [1.0978541448558967, 52.99835197070318], [1.0980109351535046, 52.99831466465189], [1.0980803123118597, 52.99832741776556], [1.0981933960398411, 52.99830808303966], [1.0983630216318132, 52.99827051269703], [1.0984761053597947, 52.998234816752394], [1.0986457309517668, 52.99821781591763], [1.0987588146797482, 52.99818783821133], [1.0989116122512654, 52.99814503905992], [1.099041523999702, 52.99812584639725], [1.09915500024546, 52.99808849719593], [1.0992676914556647, 52.99808994463111], [1.0993807751836462, 52.998045832799875], [1.0994667073154796, 52.99803195533194]]}}, {"type": "Feature", "properties": {"depth": -15.0}, "geometry": {"type": "LineString", "coordinates": [[1.1376745408567932, 53.000237088027575], [1.1377596191271828, 53.00035017175556], [1.137829242697336, 53.00043917682661], [1.137872213373012, 53.00057633921152], [1.1379026757552297, 53.0006894229395], [1.1378280138613492, 53.0006894229395], [1.1377519222151768, 53.00057633921152], [1.1376829408277118, 53.00046325548354], [1.1376438645733105, 53.00035017175556], [1.137659617105364, 53.00021494569694]]}}, {"type": "Feature", "properties": {"depth": -15.0}, "geometry": {"type": "LineString", "coordinates": [[1.1391862474331131, 52.99945692138632], [1.1390984235069586, 52.999558585659685], [1.1391297055691225, 52.99971405994302], [1.1391862474331131, 52.999829665292054], [1.1392993311610948, 52.99984362178295], [1.139412414889076, 52.99995307122111], [1.139468956753067, 53.00003583627425], [1.1395820404810482, 53.00010805716786], [1.139638582345039, 53.00018884243527], [1.1396951242090299, 53.00033233534313], [1.1396951242090299, 53.00041447068093], [1.1396951242090299, 53.00052901097889], [1.1398057168087996, 53.00063288107551], [1.139864749801002, 53.00069519239005], [1.1399212916649926, 53.00066169978583], [1.1399778335289834, 53.00060054852957], [1.1400891763036958, 53.00051979734753], [1.1400909172569649, 53.00040679437604], [1.140034375392974, 53.000310792132254], [1.1399778335289834, 53.00022680598916], [1.1399341032556485, 53.0000674624356], [1.1399212916649926, 52.999984646894774], [1.139864749801002, 52.99990616094525], [1.139808207937011, 52.99981104573413], [1.1396951242090299, 52.999730110601455], [1.1395820404810482, 52.999698670060404], [1.139468956753067, 52.99965283765131], [1.1393558730250855, 52.99956112579659], [1.139242789297104, 52.99951678470207]]}}, {"type": "Feature", "properties": {"depth": -15.0}, "geometry": {"type": "LineString", "coordinates": [[1.124485362795526, 53.00028767575354], [1.1243722790675446, 53.00032401079174], [1.1244288209315352, 53.00038955621283], [1.1245157017035403, 53.00040671361955], [1.1245419046595166, 53.00034700185924]]}}, {"type": "Feature", "properties": {"depth": -15.0}, "geometry": {"type": "LineString", "coordinates": [[1.0728547029507303, 52.99989783684363], [1.0728060991080077, 53.00005952601063], [1.0727495572440169, 53.000006010263554], [1.0727335111416754, 52.99989783684363], [1.0728547029507303, 52.99989783684363]]}}, {"type": "Feature", "properties": {"depth": -15.0}, "geometry": {"type": "LineString", "coordinates": [[1.065059863741279, 52.999523423988435], [1.0649278441476646, 52.999558585659685], [1.0649732910178715, 52.999671669387666], [1.065059863741279, 52.99974068744011], [1.0651805891614359, 52.99972821125166], [1.0651164056052698, 52.999638318763566], [1.065059863741279, 52.999523423988435]]}}, {"type": "Feature", "properties": {"depth": -15.0}, "geometry": {"type": "LineString", "coordinates": [[1.1254465744833682, 52.99961105253057], [1.1252823098682347, 52.999615127523676], [1.1253900326193775, 52.99972348528315], [1.1254510965686733, 52.999615127523676]]}}, {"type": "Feature", "properties": {"depth": -15.0}, "geometry": {"type": "LineString", "coordinates": [[1.125148314520087, 52.99938896006771], [1.1252204070274054, 52.99948135291966], [1.1251701101247975, 52.999558585659685], [1.1251199862845414, 52.999502043795694], [1.1250881667396522, 52.99938896006771]]}}, {"type": "Feature", "properties": {"depth": -15.0}, "geometry": {"type": "LineString", "coordinates": [[1.105624326394103, 52.99876699956382], [1.1057481466597894, 52.99882354142781], [1.105785022888928, 52.99893662515579], [1.1057559793409237, 52.99899316701978], [1.1057004613429509, 52.999049708883774], [1.1055438383586347, 52.999094594648405], [1.1054307546306532, 52.99912772843549], [1.1053176709026717, 52.999170454155845], [1.1052594153166113, 52.99921933447575], [1.1052611290386811, 52.99914865678549], [1.105091503446709, 52.99916234785701], [1.1049784197187276, 52.99909485637342], [1.104865335990746, 52.99901603076736], [1.1049195293051657, 52.99899316701978], [1.1049286817944048, 52.99893662515579], [1.1049218778547367, 52.99886989483166], [1.1050349615827182, 52.99889083279638], [1.105091503446709, 52.998803072933505], [1.1052045871746903, 52.99875122138391], [1.1053742127666626, 52.99875401217758], [1.105460415101509, 52.99876699956382], [1.1055438383586347, 52.998795713605865], [1.105624326394103, 52.99876699956382]]}}, {"type": "Feature", "properties": {"depth": -15.0}, "geometry": {"type": "LineString", "coordinates": [[1.0893366700376894, 52.995317945860386], [1.0894859489852702, 52.995333499398896], [1.0896555745772423, 52.995358459534934], [1.0897686583052237, 52.995377462958466], [1.089938283897196, 52.995430333242865], [1.0900513676251773, 52.9954618591639], [1.0901644513531588, 52.99553746270824], [1.0902209932171496, 52.995610593261226], [1.0902930997305114, 52.99571373890832], [1.0903906188091217, 52.995795462537004], [1.0904471606731123, 52.99590851045556], [1.0904514386470203, 52.99605299009226], [1.0904174010539507, 52.99616607382024], [1.0904604697462645, 52.99627915754822], [1.090540890145615, 52.996392241276205], [1.0905268115403162, 52.99656186686818], [1.090418774197631, 52.99656186686818], [1.090334076945131, 52.99649120077774], [1.0902209932171496, 52.99652355393685], [1.090153583317676, 52.99661840873217], [1.090063854561427, 52.99667495059616], [1.0899948257611867, 52.99672441312852], [1.089938283897196, 52.99679007078263], [1.0898508589831877, 52.99678803432414], [1.0897686583052237, 52.996848230004154], [1.0896866888691006, 52.99684457618813], [1.0895486819926454, 52.99690111805212], [1.0894294071212793, 52.99693975927441], [1.089316323393298, 52.99695986238329], [1.0891466978013258, 52.99700918647179], [1.0890336140733443, 52.99705977754198], [1.088920530345363, 52.99708985516862], [1.0887509047533908, 52.99711474467136], [1.0885812791614187, 52.99712331074262], [1.0884329037359033, 52.997127285508085], [1.0883551117054557, 52.99712560690466], [1.0882420279774743, 52.99718118340441], [1.0881289442494928, 52.99722532024439], [1.0880244941084236, 52.99729691110006], [1.0879593186575207, 52.99737071722122], [1.0878570756628607, 52.99746653669203], [1.0877714623957162, 52.99752307855602], [1.0877093051013849, 52.99757962042001], [1.0876631817239124, 52.997636162284], [1.0875635256095857, 52.99774371784302], [1.0874648716460664, 52.997805787875976], [1.0873688472431255, 52.99786232973997], [1.0872558160175367, 52.99791887160396], [1.0871589350863207, 52.99797541346795], [1.0870388156504363, 52.99803195533194], [1.0869981069696784, 52.99815823203143], [1.0868933761542428, 52.9982581227879], [1.0867719395137156, 52.998282593750744], [1.0866588557857342, 52.99834535889773], [1.0865457720577527, 52.998390166242956], [1.0863761464657806, 52.99838013586741], [1.0862630627377992, 52.99836579037408], [1.086133975242343, 52.99831466465189], [1.086093437145827, 52.99824659352362], [1.086093437145827, 52.99812427673375], [1.0859551737504498, 52.99814503905992], [1.0858672696898641, 52.99814176653355], [1.0857674859910276, 52.99814503905992], [1.0856976440978918, 52.998152840481296], [1.0855845603699104, 52.99814136135005], [1.0854714766419291, 52.998185104935985], [1.0853583929139476, 52.998118560868875], [1.0852816485798669, 52.99814503905992], [1.0851887673219753, 52.998064492326215], [1.085075683593994, 52.99809318194726], [1.0850191417300032, 52.99799059339252], [1.084989105234592, 52.99786232973997], [1.085075683593994, 52.997776051797004], [1.0851523035599009, 52.997692704147994], [1.085075683593994, 52.997596003690724], [1.0850235639471666, 52.99746653669203], [1.0849901278138547, 52.99735345296405], [1.085075683593994, 52.99726868881669], [1.0851515949801627, 52.99724036923607], [1.085213173444107, 52.99729691110006], [1.0852453091859662, 52.997168885438505], [1.0853848120311016, 52.997127285508085], [1.0855059157071452, 52.997070743644095], [1.0855845603699104, 52.99699679228216], [1.0855316773115185, 52.99690111805212], [1.085485506652441, 52.99678803432414], [1.0854714766419291, 52.99666589888312], [1.08549256844803, 52.99656186686818], [1.0855845603699104, 52.99657559869524], [1.0856976440978918, 52.9965156128748], [1.0857541859618827, 52.99641918818828], [1.0858672696898641, 52.996341675452754], [1.0859916037373933, 52.996335699412214], [1.0861499790098177, 52.99631447957685], [1.086233346515029, 52.99622261568423], [1.0863204570034026, 52.99622261568423], [1.0864015732083558, 52.99627915754822], [1.0864918675666053, 52.99622261568423], [1.0865457720577527, 52.996148080602616], [1.0865791005868544, 52.99605299009226], [1.0867153976497248, 52.99600818911336], [1.0868850232416971, 52.99600926488362], [1.0869981069696784, 52.99609778639807], [1.0871111906976598, 52.99612179610937], [1.0872808162896321, 52.99613922051913], [1.0874504418816042, 52.99613636869405], [1.0875936739228358, 52.99610953195625], [1.0877331512015578, 52.996087622063925], [1.0878487695006755, 52.99605299009226], [1.0880158605215113, 52.996013304815015], [1.0881854861134836, 52.99601034853562], [1.0882463704957153, 52.995939906364285], [1.0882420279774743, 52.99588273972125], [1.0883541961984102, 52.99577028077231], [1.0884443658117395, 52.99571373890832], [1.0885184702981272, 52.99560065518034], [1.0885953330323934, 52.99554411331635], [1.0886943628894001, 52.995484241914376], [1.0888074466173816, 52.995502450260354], [1.0888673964447741, 52.99543102958837], [1.0889800498522462, 52.995374487724376], [1.0890901559373352, 52.99529516128195], [1.0892597815293072, 52.99531604267415]]}}, {"type": "Feature", "properties": {"depth": -15.0}, "geometry": {"type": "LineString", "coordinates": [[1.12505189029531, 52.99803195533194], [1.1251105409314344, 52.99814503905992], [1.1250746535980012, 52.99808849719593], [1.1249942395714425, 52.99810593592552], [1.1250401004502342, 52.99803195533194]]}}, {"type": "Feature", "properties": {"depth": -15.0}, "geometry": {"type": "LineString", "coordinates": [[1.084804608447729, 52.99735345296405], [1.0849060580020218, 52.99744007006607], [1.0849060580020218, 52.997566105582436], [1.0847929742740403, 52.997599421905164], [1.084679890546059, 52.99752631629319], [1.0846664386701752, 52.99740999482804], [1.0846941824751877, 52.99735345296405], [1.0847929742740403, 52.99734446240365]]}}, {"type": "Feature", "properties": {"depth": -15.0}, "geometry": {"type": "LineString", "coordinates": [[1.084114290868547, 52.997014201780104], [1.0841825850931088, 52.997070743644095], [1.0840585842333048, 52.997070743644095], [1.084057930042161, 52.996969643219664]]}}, {"type": "Feature", "properties": {"depth": -15.0}, "geometry": {"type": "LineString", "coordinates": [[1.0076139681723622, 52.99678803432414], [1.0077041410192484, 52.99690111805212], [1.0076133299267072, 52.99686292621463], [1.0075498190961902, 52.99678803432414], [1.0076139681723622, 52.99678803432414]]}}, {"type": "Feature", "properties": {"depth": -15.0}, "geometry": {"type": "LineString", "coordinates": [[1.1558985242584492, 52.99684457618813], [1.155979181038357, 52.99677385399086], [1.1560922647663385, 52.9967117813394], [1.1562510904756826, 52.99667495059616], [1.156374974086292, 52.996651482186934]]}}]}