{"type": "FeatureCollection", "name": "stbrides_bathymetry_contours", "features": [{"type": "Feature", "properties": {"depth": -5.0}, "geometry": {"type": "LineString", "coordinates": [[-5.200813334160465, 51.859663942093874], [-5.200599217804964, 51.85975081193518], [-5.2003885982548805, 51.85980013530053], [-5.200102992814704, 51.85976925186891], [-5.200072668929755, 51.859630371696014]]}}, {"type": "Feature", "properties": {"depth": -5.0}, "geometry": {"type": "LineString", "coordinates": [[-5.205796702213842, 51.8579789856932], [-5.205654087006976, 51.858139863785084], [-5.205443467456892, 51.85820335135518], [-5.205127538131766, 51.858200886408795]]}}, {"type": "Feature", "properties": {"depth": -5.0}, "geometry": {"type": "LineString", "coordinates": [[-5.209161379115755, 51.856504648842616], [-5.209339929133442, 51.85656166290436], [-5.209550548683526, 51.85663019778959], [-5.209550548683526, 51.85685442271064], [-5.209314842670148, 51.85692588794278], [-5.209023999808316, 51.857000809077164], [-5.2088142077787625, 51.85713650749287]]}}, {"type": "Feature", "properties": {"depth": -5.0}, "geometry": {"type": "LineString", "coordinates": [[-5.21418417878537, 51.85479621308659], [-5.214394798335453, 51.85484767034417], [-5.214520894755345, 51.85481969244194], [-5.214625718994076, 51.85503031199203], [-5.214505236723197, 51.85524093154211], [-5.214332526297433, 51.85524093154211], [-5.214156169742118, 51.85513562176707], [-5.2142738759524025, 51.85492500221699], [-5.21418417878537, 51.85479621308659]]}}, {"type": "Feature", "properties": {"depth": -5.0}, "geometry": {"type": "LineString", "coordinates": [[-5.214921347210663, 51.85437220784022], [-5.215042117590614, 51.85450376311682], [-5.215019308669133, 51.854714382666906], [-5.214816037435621, 51.85482155500607], [-5.214647752403829, 51.854714382666906], [-5.21449523635897, 51.85460907289186], [-5.214646924218219, 51.85450376311682], [-5.214844091861353, 51.85439845334178]]}}, {"type": "Feature", "properties": {"depth": -10.0}, "geometry": {"type": "LineString", "coordinates": [[-5.2041797501563885, 51.85918513041862], [-5.203969130606305, 51.8592542218341], [-5.203823251011057, 51.859242702993704], [-5.203653201281179, 51.85943782387649], [-5.2034817581797785, 51.85955863231883], [-5.203251021308659, 51.859663942093874]]}}, {"type": "Feature", "properties": {"depth": -10.0}, "geometry": {"type": "LineString", "coordinates": [[-5.20481160880664, 51.85873655064698], [-5.204495679481514, 51.85879845939314], [-5.204285059931431, 51.85890232487229], [-5.204154995562463, 51.85903208344362]]}}, {"type": "Feature", "properties": {"depth": -10.0}, "geometry": {"type": "LineString", "coordinates": [[-5.208181521607981, 51.85759210107941], [-5.207865592282856, 51.85764207471408], [-5.2076549727327714, 51.85773210254285], [-5.207444353182688, 51.857821410743284], [-5.207233733632604, 51.85796394728252], [-5.20702311408252, 51.85806692855049], [-5.2068124945324366, 51.858113091844096], [-5.206496565207311, 51.85816834633504], [-5.206285945657227, 51.8582448811465], [-5.206075326107143, 51.85830707264958], [-5.2057593967820175, 51.85839919574188], [-5.205548777231933, 51.85847714537295]]}}, {"type": "Feature", "properties": {"depth": -10.0}, "geometry": {"type": "LineString", "coordinates": [[-5.208397754997351, 51.85660995861765], [-5.208602760708149, 51.85647972092457], [-5.208813380258232, 51.85639830885366], [-5.209023999808316, 51.856402905992816], [-5.209129309583358, 51.85635825586393], [-5.2092346193584005, 51.85622950794388], [-5.209550548683526, 51.85618904997093], [-5.209866478008651, 51.85622964745903], [-5.210182407333777, 51.856273724040186], [-5.210144625994997, 51.85639933906757], [-5.210047259164521, 51.85660995861765], [-5.210077097558735, 51.856720978490095], [-5.209968296403656, 51.85692588794278], [-5.20976116823361, 51.85707896332174], [-5.209550548683526, 51.857159219995864], [-5.2092346193584005, 51.85721125310374], [-5.208918690033275, 51.85721846590848]]}}, {"type": "Feature", "properties": {"depth": -10.0}, "geometry": {"type": "LineString", "coordinates": [[-5.207317045397927, 51.85639933906757], [-5.20754966295773, 51.85631465952974], [-5.207760282507814, 51.8562885817544], [-5.208023786953878, 51.85629402929253], [-5.208181521607981, 51.85644522230773], [-5.208388168746728, 51.85660995861765]]}}, {"type": "Feature", "properties": {"depth": -10.0}, "geometry": {"type": "LineString", "coordinates": [[-5.210708956208987, 51.85553810306064], [-5.211024885534113, 51.85555316853117], [-5.211235505084196, 51.855572128759704], [-5.211551434409322, 51.85560950275154], [-5.211762053959406, 51.85566375333136], [-5.211998984989516, 51.85576748041732], [-5.211862939371656, 51.855872790192365], [-5.211551434409322, 51.85594503266053], [-5.211235505084196, 51.85593118111016], [-5.21091957575907, 51.855883588932656], [-5.210762593343234, 51.85576748041732], [-5.210685128750115, 51.85555686086724]]}}, {"type": "Feature", "properties": {"depth": -10.0}, "geometry": {"type": "LineString", "coordinates": [[-5.2151319667607465, 51.85395505198671], [-5.215386304658504, 51.85397721424161], [-5.215342586310831, 51.854111277432274], [-5.215553205860914, 51.85420224256344], [-5.215705651531271, 51.85439845334178], [-5.215553205860914, 51.85455979026269], [-5.215435818061567, 51.854714382666906], [-5.215342586310831, 51.85494461712885], [-5.215093543863331, 51.85503031199203], [-5.214905269380325, 51.85513562176707], [-5.21475414475309, 51.85534624131715], [-5.214500108110495, 51.85540534860513], [-5.21418417878537, 51.855384273148104], [-5.213973559235286, 51.85534149080131], [-5.213762939685202, 51.855376136851895], [-5.213552320135118, 51.85527678719636], [-5.213552320135118, 51.85511985155451], [-5.21366259795098, 51.85492500221699], [-5.21365762991016, 51.854772535017524], [-5.213930352686979, 51.854714382666906], [-5.2140788690103275, 51.85453415522032], [-5.214267862194967, 51.85439845334178], [-5.2144224717985805, 51.854293143566736], [-5.214605417885537, 51.85409928118738], [-5.214816037435621, 51.85404042714495], [-5.21510083762687, 51.854082524016654], [-5.2151319667607465, 51.85402615052201]]}}, {"type": "Feature", "properties": {"depth": -10.0}, "geometry": {"type": "LineString", "coordinates": [[-5.216290374286208, 51.85418293458218], [-5.21644085364057, 51.854293143566736], [-5.216606303611333, 51.854497305229565], [-5.2166100562647015, 51.854714382666906], [-5.216500993836291, 51.854837865363955], [-5.216185064511166, 51.854917381616076], [-5.215974444961082, 51.85498291205162], [-5.2156585156359565, 51.85497255299524], [-5.215553205860914, 51.85490848904384], [-5.2156585156359565, 51.85461935468932], [-5.215763825410998, 51.85445766857688], [-5.215974444961082, 51.85430834895354], [-5.216185064511166, 51.854237121290616]]}}, {"type": "Feature", "properties": {"depth": -10.0}, "geometry": {"type": "LineString", "coordinates": [[-5.279686858861433, 51.85449538181479], [-5.279897478411517, 51.85431123875555], [-5.280108097961601, 51.85443228717342], [-5.280002788186559, 51.85451133547927], [-5.279686858861433, 51.85450588509755]]}}, {"type": "Feature", "properties": {"depth": -10.0}, "geometry": {"type": "LineString", "coordinates": [[-5.218185950236962, 51.85408927414099], [-5.218397240828955, 51.85418783379169], [-5.218373983566052, 51.85439845334178], [-5.218185950236962, 51.85432002146685], [-5.218067361941903, 51.85439845334178], [-5.218154315526282, 51.85418783379169]]}}, {"type": "Feature", "properties": {"depth": -10.0}, "geometry": {"type": "LineString", "coordinates": [[-5.218817808887214, 51.85352139259613], [-5.21907999080388, 51.85355597514144], [-5.219133738212339, 51.85369429149733], [-5.218923118662255, 51.85379332098396], [-5.218809735366012, 51.853661284916484]]}}, {"type": "Feature", "properties": {"depth": -10.0}, "geometry": {"type": "LineString", "coordinates": [[-5.220713384837968, 51.85258805807795], [-5.220917570592103, 51.85260818716606], [-5.221134623938135, 51.85252602538146], [-5.221134623938135, 51.8527962781725], [-5.220924004388052, 51.8528736806329], [-5.220713384837968, 51.85293124208271], [-5.2205027652878835, 51.85288444318717], [-5.220576060233423, 51.85271349694111], [-5.220713384837968, 51.85258805807795]]}}, {"type": "Feature", "properties": {"depth": -10.0}, "geometry": {"type": "LineString", "coordinates": [[-5.22197710213847, 51.85218172929741], [-5.222293031463596, 51.852141110264206], [-5.222608960788722, 51.852180560875766], [-5.222558271736997, 51.852292257840936], [-5.222293031463596, 51.852322263215726], [-5.2220824119135125, 51.852459067836854], [-5.221828698851648, 51.852502877391025], [-5.221661172813345, 51.852657164536396], [-5.221450553263261, 51.85271968769878], [-5.221268463184545, 51.85260818716606], [-5.221239933713177, 51.85247776466691], [-5.221450553263261, 51.85233539493561], [-5.221661172813345, 51.85223854170544], [-5.221961802529974, 51.8521869480659]]}}, {"type": "Feature", "properties": {"depth": -10.0}, "geometry": {"type": "LineString", "coordinates": [[-5.221661172813345, 51.85171515533669], [-5.22197710213847, 51.851745766188856], [-5.2220824119135125, 51.851769038658986], [-5.221784294241241, 51.85187101874077], [-5.221765422365466, 51.85197632851581], [-5.221468218198719, 51.85187101874077], [-5.221661172813345, 51.85171515533669]]}}, {"type": "Feature", "properties": {"depth": -10.0}, "geometry": {"type": "LineString", "coordinates": [[-5.290323146140666, 51.850890813805336], [-5.290533765690749, 51.85097342826044], [-5.290744385240833, 51.85103384036419], [-5.290849695015875, 51.85116399599105], [-5.290639075465791, 51.85132096398543], [-5.290447691069182, 51.85123916009052], [-5.290409285408643, 51.85134446986556], [-5.290323146140666, 51.851199694628384], [-5.290320578722409, 51.85102854054043]]}}, {"type": "Feature", "properties": {"depth": -15.0}, "geometry": {"type": "LineString", "coordinates": [[-5.208078450636611, 51.855872790192365], [-5.207865592282856, 51.855923278293474], [-5.207956797292805, 51.856083409742446], [-5.208181521607981, 51.85612054376861], [-5.208392141158065, 51.85606573443888], [-5.208602760708149, 51.85616595511746], [-5.208813380258232, 51.85621118026304], [-5.208971781117048, 51.856083409742446], [-5.2092346193584005, 51.85599704356055], [-5.209445238908484, 51.855968181511756], [-5.209503746601777, 51.855662170642276], [-5.209655858458568, 51.85566752894692], [-5.20976116823361, 51.855612599528065], [-5.209866478008651, 51.855502760782905], [-5.210077097558735, 51.855603510679764], [-5.210302341917434, 51.85555686086724], [-5.210258138277455, 51.85534624131715], [-5.210419818830495, 51.85524093154211], [-5.210603646433945, 51.85509569279598], [-5.210716690839685, 51.85492500221699], [-5.211024885534113, 51.85485508584221], [-5.2112887968862935, 51.85492500221699], [-5.211390045258591, 51.85481969244194], [-5.2116567441843635, 51.85477987260786], [-5.211972673509489, 51.854769972521204], [-5.2121832930595735, 51.85466919223359], [-5.212499222384699, 51.85469925379205], [-5.212668816696715, 51.85481969244194], [-5.212920461484867, 51.854862732090005], [-5.213131081034951, 51.85475089969068], [-5.213194335108387, 51.85450376311682], [-5.213385643541758, 51.85439845334178], [-5.213552320135118, 51.854264834734664], [-5.213728482135229, 51.854082524016654], [-5.213767684598687, 51.853871904466565], [-5.213762939685202, 51.85375967227813], [-5.213973835013503, 51.853661284916484], [-5.21418417878537, 51.853472955588686], [-5.2141244754082265, 51.85334535559136], [-5.21438528065276, 51.853240045816314], [-5.214605417885537, 51.85318850980884], [-5.2145483297729065, 51.85302942626623], [-5.214761011171981, 51.85292411649119], [-5.214816037435621, 51.85275999066777], [-5.214710727660579, 51.852537093554325], [-5.214816037435621, 51.85246422710897], [-5.2151319667607465, 51.852457676791715], [-5.215342586310831, 51.85257783181355], [-5.2156585156359565, 51.85251279010015], [-5.215796452849036, 51.852502877391025], [-5.215974444961082, 51.85269317478796], [-5.216185064511166, 51.852768220375836], [-5.216120586297786, 51.85292411649119], [-5.21639568406125, 51.85300887343689], [-5.216520415377571, 51.85313473604128], [-5.216500993836291, 51.85338557104879], [-5.216606303611333, 51.853531451086155], [-5.216816923161417, 51.85359326946902], [-5.216758998995237, 51.8534506653664], [-5.216889410523834, 51.85334535559136], [-5.217027542711501, 51.85332275881273], [-5.217221370086115, 51.85313473604128], [-5.217343472036626, 51.853015103836654], [-5.2175540915867105, 51.852913033090694], [-5.2177504921653375, 51.85292411649119], [-5.2179182233122985, 51.85292411649119], [-5.2180491033217065, 51.85281880671615], [-5.218104044561195, 51.85260818716606], [-5.218291260012004, 51.85245084136506], [-5.218436711114625, 51.852292257840936], [-5.218611383594024, 51.8521869480659], [-5.218817808887214, 51.85206380406609], [-5.218923118662255, 51.85218885341188], [-5.219239047987381, 51.852200946249006], [-5.219449667537464, 51.8521858683165], [-5.21976559686259, 51.85213120036388], [-5.219976216412674, 51.852198012624655], [-5.220109164258641, 51.852081638290855], [-5.220327904235102, 51.85197632851581], [-5.220424720909508, 51.85176570896573], [-5.220608075062926, 51.851780988899584], [-5.220921079387981, 51.85187101874077], [-5.2210293141630935, 51.85184237433898], [-5.2212519701527835, 51.85176570896573], [-5.221450553263261, 51.851633115956865], [-5.221661172813345, 51.85145315999275], [-5.221871792363428, 51.85137377856408], [-5.222187721688554, 51.851345469835316], [-5.222398341238638, 51.85131490931538], [-5.22250365101368, 51.85152384762175], [-5.222777781747764, 51.8514497796406], [-5.222926652830432, 51.8514497796406], [-5.223060914140061, 51.851660399190685], [-5.223206590038676, 51.85187101874077], [-5.223301557591985, 51.85176570896573], [-5.223240819438973, 51.85157066481526], [-5.223195422148032, 51.8514497796406], [-5.22332630900554, 51.85123916009052], [-5.223556748764099, 51.85118176579537], [-5.223767368314183, 51.851093003181134], [-5.223942168548552, 51.85102854054043], [-5.224083297639308, 51.85116209979499], [-5.2239779878642665, 51.85132701592848], [-5.223872678089225, 51.85145733194068], [-5.223662058539141, 51.85162227330224], [-5.223556748764099, 51.851676643866995], [-5.223767368314183, 51.85182792389679], [-5.223718459631023, 51.85197632851581], [-5.223451438989057, 51.85205889627605], [-5.223264833753973, 51.8521869480659], [-5.223228998704122, 51.85239756761598], [-5.2230735917674584, 51.852502877391025], [-5.222964462486712, 51.85260818716606], [-5.223008904063776, 51.85292411649119], [-5.223030199888889, 51.85306154529215], [-5.222819580338806, 51.853178387321044], [-5.222528955413109, 51.853240045816314], [-5.2223598705938015, 51.85334535559136], [-5.2220824119135125, 51.85340728986148], [-5.221871792363428, 51.85354662753473], [-5.221615009302607, 51.85355597514144], [-5.221402605134284, 51.853661284916484], [-5.221134623938135, 51.85368067136543], [-5.221005731880222, 51.853661284916484], [-5.220733452185057, 51.85376659469153], [-5.220587342214215, 51.853871904466565], [-5.2202921457378, 51.85392427334401], [-5.22009388512554, 51.854082524016654], [-5.21993694438765, 51.85418783379169], [-5.219703784111397, 51.854293143566736], [-5.219449667537464, 51.85434072390232], [-5.219262156804804, 51.85450376311682], [-5.219028428437297, 51.854602267229055], [-5.218818756241507, 51.854714382666906], [-5.218655983906479, 51.85481969244194], [-5.218501879562088, 51.85496122986852], [-5.218290723681681, 51.85503031199203], [-5.21808064046192, 51.85515098348942], [-5.217851509909432, 51.85524093154211], [-5.217581711640307, 51.85534624131715], [-5.217343472036626, 51.85538637767948], [-5.217132852486543, 51.85545298468415], [-5.216872558806171, 51.855451551092195], [-5.216639693298139, 51.85534624131715], [-5.21639568406125, 51.855305873135734], [-5.216185064511166, 51.85537927436582], [-5.215966114755941, 51.855451551092195], [-5.2156585156359565, 51.855507810996095], [-5.215342586310831, 51.85554545175654], [-5.2151319667607465, 51.8555721004091], [-5.214816037435621, 51.85566099107152], [-5.214605417885537, 51.8557290636592], [-5.214394798335453, 51.855837494542534], [-5.21418417878537, 51.8559233126561], [-5.213868249460244, 51.85597795561911], [-5.21365762991016, 51.8560128343821], [-5.213341700585034, 51.85606980766153], [-5.213131081034951, 51.8561048664964], [-5.212815151709825, 51.85613331658731], [-5.212499222384699, 51.85618610238861], [-5.212288602834615, 51.85620113916576], [-5.211972673509489, 51.85622614103113], [-5.2116567441843635, 51.856269856695576], [-5.21144612463428, 51.85631108125106], [-5.211140719310448, 51.85639933906757], [-5.210948939727133, 51.856504648842616], [-5.210812391451685, 51.85660995861765], [-5.210708956208987, 51.85682091594844], [-5.210498336658903, 51.856966457398904], [-5.2102877171088195, 51.857104370924894], [-5.210182407333777, 51.857243246387824], [-5.209971787783694, 51.85737851455358], [-5.209667824522283, 51.857452436817994]]}}, {"type": "Feature", "properties": {"depth": -15.0}, "geometry": {"type": "LineString", "coordinates": [[-5.2014735996827985, 51.85660995861765], [-5.201411746463744, 51.85639933906757], [-5.201547005780341, 51.856199704276484], [-5.201717459047526, 51.856083409742446], [-5.201862935105467, 51.855936796322226], [-5.202073554655551, 51.85579890280615], [-5.2022841742056345, 51.855702081924996], [-5.202494793755719, 51.8557837793863], [-5.202696702588693, 51.855662170642276], [-5.202909735281422, 51.85555686086724], [-5.203021342630928, 51.855575868816004], [-5.20312665240597, 51.855428800325214], [-5.2033372719560536, 51.855310787658944], [-5.203653201281179, 51.85524450430117], [-5.203896108366722, 51.85534624131715], [-5.203720696934493, 51.855451551092195], [-5.203758511056221, 51.85556217367668], [-5.203803178372099, 51.85576748041732], [-5.203653201281179, 51.855970968618614], [-5.2037106621006215, 51.8559780999674], [-5.203767997811883, 51.856083409742446], [-5.204019219912297, 51.85618871951749]]}}, {"type": "Feature", "properties": {"depth": -15.0}, "geometry": {"type": "LineString", "coordinates": [[-5.206485777794107, 51.85639933906757], [-5.206707184757395, 51.856338003762836], [-5.206917804307478, 51.85624373057607], [-5.207128423857562, 51.8561520986671], [-5.20735511915132, 51.856083409742446], [-5.207128423857562, 51.85599079424883], [-5.207233733632604, 51.85596760422414], [-5.20754966295773, 51.85590591569507], [-5.207760282507814, 51.85583857167868]]}}, {"type": "Feature", "properties": {"depth": -15.0}, "geometry": {"type": "LineString", "coordinates": [[-5.201652315555383, 51.85522680271554], [-5.201968244880509, 51.85516104675351], [-5.20214826184272, 51.85534624131715], [-5.202041223584861, 51.85555686086724], [-5.201862935105467, 51.85566694478172], [-5.201666244639285, 51.85555686086724], [-5.201589289922199, 51.85534624131715]]}}, {"type": "Feature", "properties": {"depth": -15.0}, "geometry": {"type": "LineString", "coordinates": [[-5.265996588105986, 51.85476934995789], [-5.266180809037918, 51.85492500221699], [-5.26620720765607, 51.85513424714895], [-5.265996588105986, 51.8551771309918], [-5.265785968555902, 51.85508992501313], [-5.26568065878086, 51.854946016839065], [-5.265891278330944, 51.854867270689425]]}}, {"type": "Feature", "properties": {"depth": -15.0}, "geometry": {"type": "LineString", "coordinates": [[-5.28063464683681, 51.85453221762897], [-5.280527952223992, 51.85450376311682], [-5.280318717511684, 51.854650127141646], [-5.280002788186559, 51.85464394337669], [-5.279686858861433, 51.85463662373061]]}}, {"type": "Feature", "properties": {"depth": -15.0}, "geometry": {"type": "LineString", "coordinates": [[-5.280424027286727, 51.85361842543349], [-5.280550898293341, 51.85376659469153], [-5.28063464683681, 51.8540315993428], [-5.280838487217799, 51.85397721424161], [-5.28063464683681, 51.85415054731782], [-5.280371560124785, 51.85418783379169], [-5.280529337061768, 51.85436351161108], [-5.280845266386894, 51.854386085071994], [-5.2807399566118525, 51.85440831502038]]}}, {"type": "Feature", "properties": {"depth": -15.0}, "geometry": {"type": "LineString", "coordinates": [[-5.279166727354613, 51.854293143566736], [-5.2794006617096825, 51.85418783379169], [-5.279178536747699, 51.85418783379169], [-5.279148683941297, 51.854082524016654], [-5.27894969043614, 51.85391719701072], [-5.278824344828224, 51.85376659469153], [-5.2790522306991, 51.85376659469153], [-5.279237629739768, 51.85376659469153], [-5.279370929536308, 51.853791744961406], [-5.279370929536308, 51.85363057396547], [-5.279204944989717, 51.8534506653664], [-5.279160309986223, 51.853321622437974], [-5.279370929536308, 51.85323257241906]]}}, {"type": "Feature", "properties": {"depth": -15.0}, "geometry": {"type": "LineString", "coordinates": [[-5.293271819841839, 51.85344552930456], [-5.2930612002917545, 51.853531547419855], [-5.2930612002917545, 51.85373292174311], [-5.293197663313138, 51.853871904466565]]}}, {"type": "Feature", "properties": {"depth": -15.0}, "geometry": {"type": "LineString", "coordinates": [[-5.291687091157622, 51.853240045816314], [-5.291481553666126, 51.85306840649988], [-5.291490633960489, 51.85292411649119], [-5.291332989505433, 51.85281880671615], [-5.291270934116042, 51.85261500900238], [-5.2913601889263076, 51.85239756761598], [-5.291471701950878, 51.8521869480659], [-5.29169217321621, 51.85215768129581], [-5.291995492898681, 51.852081638290855], [-5.291797482991252, 51.851963538840884], [-5.291586863441168, 51.851809766068456], [-5.291376243891085, 51.85171317745446], [-5.291165624341001, 51.85160523559792], [-5.290849695015875, 51.851571197925175], [-5.290639075465791, 51.85150423337458], [-5.290323146140666, 51.851495406449914], [-5.2901125265905815, 51.85136264177364], [-5.290141766931789, 51.85123916009052], [-5.289992281802589, 51.85123916009052], [-5.289796597265456, 51.85117433501985], [-5.2897841651935025, 51.850923230765396], [-5.289796597265456, 51.85067115455071], [-5.289901907040497, 51.850484883659384], [-5.2901125265905815, 51.850303292449816], [-5.2902358428369025, 51.8501860623401], [-5.290440134777399, 51.8501860623401], [-5.290428455915707, 51.85032172729157], [-5.290639075465791, 51.85027032326265], [-5.290744385240833, 51.850402650521005], [-5.290849695015875, 51.85025437502095], [-5.291060314565959, 51.85032592974048], [-5.291270934116042, 51.85025520263586], [-5.291395850531827, 51.85039668189018], [-5.291270934116042, 51.85056044070442], [-5.291270934116042, 51.8508163136438], [-5.291481553666126, 51.8508446409582], [-5.29169217321621, 51.851022771126736], [-5.29185305284703, 51.85102854054043], [-5.2920081025413355, 51.851030436321004], [-5.29221872209142, 51.85118473783686], [-5.292429341641504, 51.851293896722076], [-5.292353418570488, 51.8514497796406], [-5.292188288494521, 51.85155508941565], [-5.292429341641504, 51.85159115682354], [-5.292429341641504, 51.85177411390228], [-5.292228760129997, 51.85187101874077], [-5.29221872209142, 51.85187663595432], [-5.292138557015574, 51.852081638290855], [-5.292429341641504, 51.85212879715086], [-5.292530554621726, 51.85187101874077], [-5.292639961191587, 51.85175763215932], [-5.292850580741671, 51.851828497283826], [-5.2929920122468825, 51.851660399190685], [-5.293271819841839, 51.85159839975334], [-5.293482439391922, 51.85168365499922], [-5.2935877491669645, 51.851634069226016], [-5.293693058942006, 51.85149358123763], [-5.293849361526654, 51.851660399190685], [-5.293798368717048, 51.851825411588436], [-5.293834390515177, 51.852081638290855], [-5.293751855855007, 51.852292257840936], [-5.293868739042162, 51.852502877391025]]}}, {"type": "Feature", "properties": {"depth": -15.0}, "geometry": {"type": "LineString", "coordinates": [[-5.296211474075784, 51.852081638290855], [-5.29594465731056, 51.8521869480659], [-5.295799254442844, 51.852186729698516], [-5.295571413160957, 51.8521869480659], [-5.295753075793725, 51.852292257840936], [-5.295693944667803, 51.852533220946825], [-5.295449528281549, 51.852502877391025], [-5.295272705567634, 51.8525377593839], [-5.294956776242509, 51.85254682744157], [-5.294746156692425, 51.85247635058607], [-5.294430227367299, 51.85241973798705], [-5.294430227367299, 51.85226364833212], [-5.294535537142341, 51.85215424806825], [-5.294566749330061, 51.85197632851581], [-5.294535537142341, 51.85174899096225], [-5.29454426081146, 51.85155508941565], [-5.294490434909109, 51.85134446986556], [-5.294640846917384, 51.85114871010948], [-5.294549134053488, 51.85102854054043], [-5.294382118125729, 51.850923230765396], [-5.2943100896396755, 51.85071261121531], [-5.294535537142341, 51.85066911927249], [-5.294746156692425, 51.85073910030574], [-5.295062086017551, 51.85073318045336], [-5.295313151374895, 51.85081792099035], [-5.29543461730151, 51.850923230765396]]}}, {"type": "Feature", "properties": {"depth": -15.0}, "geometry": {"type": "LineString", "coordinates": [[-5.215026656985705, 51.85186736250086], [-5.215237276535789, 51.85195092461381], [-5.215294186650655, 51.8521869480659], [-5.215026656985705, 51.852275842869034], [-5.214816037435621, 51.85234686917355], [-5.214710727660579, 51.85222784463837], [-5.214904263649042, 51.852081638290855], [-5.214816037435621, 51.85194569593934], [-5.215026656985705, 51.85186736250086]]}}, {"type": "Feature", "properties": {"depth": -15.0}, "geometry": {"type": "LineString", "coordinates": [[-5.218501879562088, 51.851612814724476], [-5.218817808887214, 51.85161619448914], [-5.219114548673793, 51.851660399190685], [-5.218984935077249, 51.85187101874077], [-5.218712499112171, 51.851941317707976], [-5.218501879562088, 51.85186063622829], [-5.218396569787045, 51.851690748192375]]}}, {"type": "Feature", "properties": {"depth": -15.0}, "geometry": {"type": "LineString", "coordinates": [[-5.289796597265456, 51.850158868356615], [-5.2901125265905815, 51.850113875526056], [-5.290075550018013, 51.850291372115144], [-5.289796597265456, 51.850305250002414], [-5.289796597265456, 51.850158868356615]]}}, {"type": "Feature", "properties": {"depth": -15.0}, "geometry": {"type": "LineString", "coordinates": [[-5.289901907040497, 51.84906861322383], [-5.290217836365623, 51.849112929377824], [-5.290323146140666, 51.84918076159158], [-5.2901125265905815, 51.849279346897], [-5.289796597265456, 51.849254105642466], [-5.289844664907082, 51.84913296458968]]}}, {"type": "Feature", "properties": {"depth": -20.0}, "geometry": {"type": "LineString", "coordinates": [[-5.201231076455215, 51.85639015097178], [-5.201344709039214, 51.85618871951749], [-5.201231076455215, 51.85602156098223], [-5.20091514713009, 51.85598815271275], [-5.200608473838495, 51.8559780999674], [-5.200493908029922, 51.85598426447729], [-5.200177978704796, 51.85607590242673], [-5.199989881352647, 51.85618871951749], [-5.199844369909531, 51.85629402929253]]}}, {"type": "Feature", "properties": {"depth": -20.0}, "geometry": {"type": "LineString", "coordinates": [[-5.208286831383023, 51.85561570722112], [-5.208532478939543, 51.855662170642276], [-5.2087080704831905, 51.85564693412354], [-5.209023999808316, 51.85562132489687], [-5.2092346193584005, 51.85546713868953], [-5.209445238908484, 51.8553662654441], [-5.20960899548503, 51.85524093154211], [-5.20976116823361, 51.855078416857786], [-5.209866478008651, 51.8549637552576], [-5.209866478008651, 51.85481778395992], [-5.210108497799897, 51.854714382666906], [-5.2102877171088195, 51.85471475915761], [-5.210455850363489, 51.85481969244194], [-5.210603646433945, 51.8547082698305], [-5.210864921518892, 51.85460907289186], [-5.211024885534113, 51.854612944026655], [-5.211247613543036, 51.85460907289186], [-5.211235505084196, 51.8544442890618], [-5.211551434409322, 51.85440419093086], [-5.211762053959406, 51.854298530173445], [-5.211972673509489, 51.85425341714316], [-5.2122515871360715, 51.85418783379169], [-5.212499222384699, 51.854161795046465], [-5.212709841934783, 51.854190088148535], [-5.21286047909363, 51.85418783379169], [-5.212934803691756, 51.854082524016654], [-5.213131081034951, 51.853968806578656], [-5.213282388016907, 51.85376659469153], [-5.213063001776412, 51.853661284916484], [-5.212912515138014, 51.853661284916484], [-5.212604532159741, 51.853737659178044], [-5.212393912609658, 51.853842700974226], [-5.2121832930595735, 51.85391344112097], [-5.211972673509489, 51.853990778749996], [-5.211762053959406, 51.85409017632904], [-5.211551434409322, 51.85420901263689], [-5.211235505084196, 51.85420623109584], [-5.211024885534113, 51.85415178199672], [-5.210748532939422, 51.854082524016654], [-5.210498336658903, 51.854001964598794], [-5.2102877171088195, 51.85396930336972], [-5.209971787783694, 51.85387214713827], [-5.209866478008651, 51.85374137344288], [-5.209550548683526, 51.853729799895845], [-5.2092412074039585, 51.85376659469153], [-5.209139805018552, 51.853661284916484], [-5.208918690033275, 51.85365197946588], [-5.20868447917103, 51.853661284916484], [-5.208392141158065, 51.853704244378676], [-5.208076211832939, 51.853739371611844], [-5.20785662395743, 51.85376659469153], [-5.2076817133113975, 51.85397721424161], [-5.20754966295773, 51.85413381277495], [-5.207339043407646, 51.854253459228374], [-5.207184869252478, 51.85439845334178], [-5.20702311408252, 51.85455062179964], [-5.206850787056735, 51.854714382666906], [-5.20673064728895, 51.85492500221699], [-5.206848085213398, 51.85513562176707], [-5.20702311408252, 51.85530087940509], [-5.207188704999492, 51.855451551092195]]}}, {"type": "Feature", "properties": {"depth": -20.0}, "geometry": {"type": "LineString", "coordinates": [[-5.202437521388123, 51.85492500221699], [-5.202659576526101, 51.85503031199203], [-5.20260010353076, 51.855144102751694], [-5.2028107230808445, 51.855042861602314], [-5.203047470469328, 51.85513562176707], [-5.203231962181012, 51.85524094058471], [-5.203370415341889, 51.85513562176707], [-5.20315936632853, 51.85503031199203], [-5.202938195638678, 51.85492500221699], [-5.2028107230808445, 51.85493183534587], [-5.20260010353076, 51.854891277876426]]}}, {"type": "Feature", "properties": {"depth": -20.0}, "geometry": {"type": "LineString", "coordinates": [[-5.201439602399619, 51.85492500221699], [-5.2014416960053, 51.855144393599204], [-5.201547005780341, 51.85494398342347], [-5.201806926773577, 51.85503031199203], [-5.201968244880509, 51.85493540017091], [-5.2022841742056345, 51.854930346882995], [-5.202178864430593, 51.85487151056128], [-5.201862935105467, 51.85485035517719], [-5.201547005780341, 51.85488254407028]]}}, {"type": "Feature", "properties": {"depth": -20.0}, "geometry": {"type": "LineString", "coordinates": [[-5.2802134077366425, 51.853443208369875], [-5.280509615086793, 51.8534506653664], [-5.28063464683681, 51.85359845494687], [-5.280845266386894, 51.85374610816821], [-5.281055885936978, 51.85384895339129], [-5.281266505487062, 51.85388926411383], [-5.2814459102538285, 51.853871904466565], [-5.281582434812187, 51.85380737204388], [-5.281710471918292, 51.85397721424161], [-5.28200043194289, 51.854082524016654], [-5.282214293462439, 51.85416392647464], [-5.282530222787565, 51.85408655103543], [-5.282740842337648, 51.85405033841256], [-5.283056771662774, 51.85402849710642], [-5.282951461887732, 51.85415148667939], [-5.282846152112691, 51.85426208657784], [-5.28300206821333, 51.854293143566736], [-5.2831620814378155, 51.85430521802546], [-5.283441939581028, 51.854293143566736], [-5.283583320537984, 51.85431447953565], [-5.283793940088067, 51.854285770267275]]}}, {"type": "Feature", "properties": {"depth": -20.0}, "geometry": {"type": "LineString", "coordinates": [[-5.166689470241471, 51.83114582766619], [-5.166900089791556, 51.8312659256836], [-5.167072051459717, 51.83144092238264], [-5.167275643694694, 51.831546232157685], [-5.167426638666765, 51.83165804448334], [-5.167592092745291, 51.831756851707766], [-5.167647101878769, 51.83186216148281], [-5.167821222872006, 51.83207278103289], [-5.167953187541975, 51.83225082756383], [-5.1680484063430985, 51.83249402013306], [-5.168164624088793, 51.8325993299081], [-5.168370154303738, 51.83280994945819], [-5.168374426642142, 51.83280195901198], [-5.168290894736734, 51.83249402013306], [-5.168446622375127, 51.83238871035802], [-5.16851116912301, 51.8325993299081], [-5.168690355967268, 51.83272935071483], [-5.168900975517351, 51.83281016384741], [-5.169111595067435, 51.83276790477919], [-5.169352306502938, 51.83280994945819], [-5.169474565932732, 51.83302056900827], [-5.169638143942644, 51.833136701335114], [-5.169848763492729, 51.83330336857291], [-5.170048864737964, 51.83344180810844], [-5.170164692817854, 51.83358418461643], [-5.170310265140441, 51.833757737433565], [-5.17048062214298, 51.83392763858191], [-5.170645451225486, 51.83407366675869], [-5.170796551468106, 51.83418789547319], [-5.170950281661439, 51.83417897653373], [-5.171007171018189, 51.83441792316607], [-5.171132891459943, 51.8346002156339], [-5.171323100343315, 51.83479937234885], [-5.171428410118357, 51.834974338290756], [-5.171533719893399, 51.83516681515824], [-5.171654271047437, 51.83523207428415], [-5.171849649218525, 51.83527907302083], [-5.171954958993567, 51.83550819572766], [-5.172060268768608, 51.83567866003945], [-5.172108331832361, 51.83544269383423], [-5.1722708883186925, 51.83552000018081], [-5.172351062230557, 51.83575862315936], [-5.1724017287167205, 51.835969242709446], [-5.17267144918368, 51.83607455248448], [-5.172902746968944, 51.83615849545952], [-5.1728716293668935, 51.83628517203457], [-5.173008056743986, 51.83644979443856], [-5.173105835962682, 51.836706411134735], [-5.173218676294069, 51.836653843180606], [-5.173364146101706, 51.83681172090978], [-5.173597480133581, 51.83691703068482], [-5.173745225169279, 51.83687928658518], [-5.173850534944321, 51.83704163078014], [-5.174006901642126, 51.837127650234905], [-5.174200057902711, 51.837127650234905], [-5.174355260201122, 51.837338269784986], [-5.174482393594572, 51.83728670203055], [-5.174587703369614, 51.83744719169279], [-5.174707295445292, 51.83744357956003], [-5.174821595279474, 51.83765419911011], [-5.174964566235719, 51.837759508885156], [-5.175114252244824, 51.83783494612149], [-5.175169408038812, 51.83807543821028], [-5.175324871794907, 51.838256135794765], [-5.175535491344991, 51.83836553894822], [-5.175640801120033, 51.8385094022416], [-5.175785815731155, 51.838707296860534], [-5.175956730445159, 51.838685180014295], [-5.176074297900673, 51.83881260663558], [-5.1762630561430365, 51.83902322618566], [-5.176377969545326, 51.83898679026222], [-5.176541519689181, 51.839128535960704], [-5.176647829446423, 51.83923384573574], [-5.176739870187078, 51.839339155510785], [-5.176904518420536, 51.839526560432176], [-5.177086330720602, 51.83954977506087], [-5.177285627861564, 51.83954977506087], [-5.177372642568265, 51.839760394610956], [-5.1776416868458295, 51.83981821881027], [-5.1775851416308445, 51.83997101416104], [-5.177746996620871, 51.840104530296614], [-5.177865001315896, 51.84028694348616], [-5.178024422600962, 51.840497563036244], [-5.178168235721039, 51.84043292116003], [-5.178378855271123, 51.84049902737936], [-5.178571081724547, 51.840708182586326], [-5.1786947845962485, 51.84085619086205], [-5.178868146922245, 51.84102411191145], [-5.179010713921374, 51.841188644072865], [-5.179148335367139, 51.84102411191145], [-5.1793266432465, 51.84111762719426], [-5.179308668657047, 51.84123473146154], [-5.1794578323386, 51.84134004123658], [-5.179642572571625, 51.84145514697505], [-5.179747882346668, 51.84132285050103], [-5.179842459559663, 51.841550660786666], [-5.180009100344581, 51.8416559705617], [-5.180169121446835, 51.841603330860174], [-5.180337915551987, 51.84176128033675], [-5.180485050771961, 51.841907726645516], [-5.180695670322044, 51.84207695880486], [-5.180847871426496, 51.84218251943692], [-5.181068839819245, 51.842287829211955], [-5.18101159964717, 51.842396781114424], [-5.181302854982717, 51.84249844876204], [-5.181432838747338, 51.8426345418867], [-5.18153814852238, 51.84249111083349], [-5.181643458297422, 51.842660995770146], [-5.181759412215744, 51.84281437808717], [-5.181959387622547, 51.84293281093508], [-5.1821700071726315, 51.8428554678132], [-5.182380626722715, 51.84293242455676], [-5.182529933836449, 51.84291968786221], [-5.182676528276312, 51.84302499763725], [-5.182801865822882, 51.84309398213033], [-5.182995352129265, 51.84323561718733], [-5.183117795148008, 51.84336298130249], [-5.183328414698092, 51.84332441316448], [-5.183318790899766, 51.84344623673742], [-5.18350406377708, 51.84355154651246], [-5.183586292863939, 51.84344623673742], [-5.1837032557905225, 51.84355154651246], [-5.1838898892434955, 51.8436568562875], [-5.183854963573301, 51.843765856480786], [-5.1840655831233855, 51.843728996551796], [-5.184170892898427, 51.84389216773852], [-5.184281894485707, 51.84397278561263], [-5.184381512448511, 51.8436640592082], [-5.184592131998595, 51.843832693713146], [-5.18457333298743, 51.8436568562875], [-5.184613967292255, 51.84355154651246], [-5.184700566712382, 51.84376216606255], [-5.18490806132372, 51.84396874505695], [-5.185049418364985, 51.84397278561263], [-5.184982190279675, 51.84376216606255], [-5.185118680873805, 51.843806490772586], [-5.185223990648846, 51.843992545635686], [-5.185369591457698, 51.84407809538767], [-5.185439655832936, 51.84397278561263], [-5.185635600326814, 51.84418340516271], [-5.185855849299098, 51.8442254336941], [-5.186088118407752, 51.844288714937754], [-5.1859400637363695, 51.8443940247128], [-5.186171778624224, 51.844444784755375], [-5.186382398174307, 51.84452741709452], [-5.186517732702163, 51.844499334487836], [-5.186652789468377, 51.844709954037924], [-5.186803637274475, 51.84481862498777], [-5.1870142568245585, 51.844725163196664], [-5.187119566599601, 51.84453893981598], [-5.187330186149684, 51.84469485052043], [-5.1875408056997685, 51.8447925341264], [-5.187690697309866, 51.844920573588006], [-5.187856735024894, 51.84483054592167], [-5.188067354574978, 51.84479998939516], [-5.188206041718825, 51.844920573588006], [-5.188383283900103, 51.84508839777696], [-5.188488593675145, 51.84487566862607], [-5.188593903450188, 51.845052096228954], [-5.188796088933056, 51.84513119313809], [-5.188909832775313, 51.84515631228039], [-5.188882826776651, 51.84502588336305], [-5.189010873623623, 51.844920573588006], [-5.189120452325397, 51.84504261729061], [-5.189225762100438, 51.84491257991964], [-5.18937889715172, 51.84502588336305], [-5.189539281109669, 51.84513119313809], [-5.189647001200607, 51.84515073582671], [-5.189791645336552, 51.845341812688176], [-5.189962930525732, 51.84549759614397], [-5.190068240300774, 51.845337694728556], [-5.190241880265215, 51.84544712246321], [-5.190286696344009, 51.84555243223826], [-5.190396722390513, 51.84544712246321], [-5.190594789175983, 51.84563592223412], [-5.190805408726067, 51.84575224283961], [-5.1909502843192366, 51.84576305178834], [-5.190852481988408, 51.84555243223826], [-5.191034493909506, 51.84555243223826], [-5.191226647826235, 51.84572568452674], [-5.191437267376319, 51.84560109926408], [-5.191542577151361, 51.84583622667561], [-5.191753196701445, 51.845951536272665], [-5.191858506476486, 51.84610984958893], [-5.192064208818035, 51.84628960066355], [-5.19210908654051, 51.846500220213635], [-5.192212225559504, 51.84639491043859], [-5.192174435801612, 51.846271528673576], [-5.192135610867982, 51.846078981113465], [-5.192174435801612, 51.84582714903081], [-5.19235578536361, 51.84597367133843], [-5.192423748062075, 51.84586836156338], [-5.1924947111838184, 51.84576305178834], [-5.19259567490178, 51.845945904173384], [-5.192700984676821, 51.8460709329599], [-5.192745365523965, 51.84628960066355], [-5.192877316200837, 51.846500220213635], [-5.192996155154036, 51.846710839763716], [-5.19305627116945, 51.84660552998868], [-5.193191517254388, 51.84639491043859], [-5.193332843327073, 51.84626439026721], [-5.193543462877157, 51.84631256195704], [-5.19375408242724, 51.84621362358388], [-5.1939508172268765, 51.84639491043859], [-5.194070011752366, 51.84657948553675], [-5.194214601493102, 51.84639491043859], [-5.1943216364071, 51.846500220213635], [-5.194515915673936, 51.84660552998868], [-5.194807180177659, 51.846645277682796], [-5.195017799727744, 51.84655925788301], [-5.195162487423339, 51.84639491043859], [-5.1952351083352, 51.84628960066355], [-5.195437117571864, 51.846500220213635], [-5.195520720758858, 51.84639491043859], [-5.195649658377994, 51.846248747701964], [-5.195754968153037, 51.84644511538503], [-5.1958602779280785, 51.84662764558084], [-5.196176207253204, 51.84667262595918], [-5.196261999499529, 51.84639491043859], [-5.1963868268032885, 51.84648314746978], [-5.196532269393831, 51.846500220213635], [-5.196597446353372, 51.84620148833491], [-5.196660809017911, 51.846500220213635], [-5.196808065903456, 51.84662204496358], [-5.196972910446191, 51.846500220213635], [-5.196816446076174, 51.84628960066355], [-5.196976448781659, 51.84618429088851], [-5.197070332180435, 51.84639491043859], [-5.197229305003623, 51.84660365301469], [-5.197229305003623, 51.84633862566962], [-5.197229305003623, 51.84613621868781], [-5.197393369912437, 51.84628960066355], [-5.1974399245537075, 51.846508953883564], [-5.197557064229338, 51.846710839763716], [-5.1976890835462415, 51.84660552998868], [-5.1977747688605875, 51.846500220213635], [-5.197920345384994, 51.84660552998868], [-5.1979464545182195, 51.84628960066355], [-5.198071783203958, 51.846298728383665], [-5.1982893260771785, 51.84628960066355], [-5.198251787658773, 51.846078981113465], [-5.198282402754042, 51.84586628286304], [-5.19831684877918, 51.846078981113465], [-5.198480261618603, 51.84628960066355], [-5.198598332079168, 51.84643836444526], [-5.198804423646714, 51.84639491043859], [-5.198914261404294, 51.84634767649941], [-5.199101147199447, 51.84628960066355], [-5.19923019072942, 51.84644603511701], [-5.1993355005044615, 51.846228352555485], [-5.199546120054545, 51.8463342713539], [-5.199771572483466, 51.84628960066355], [-5.1997365552310795, 51.846078981113465], [-5.199651429829587, 51.84583738351781], [-5.199651429829587, 51.84559222432455], [-5.199806896973769, 51.84576305178834], [-5.199969116563808, 51.84576305178834], [-5.199869710175399, 51.84555243223826], [-5.199983562053243, 51.84544712246321], [-5.200081479631062, 51.8456577420133], [-5.200224343672601, 51.84586836156338], [-5.2003885982548805, 51.845979896335315], [-5.2005700570570985, 51.846078981113465], [-5.200679360391429, 51.84618429088851], [-5.200809837355048, 51.84630319647975], [-5.200767172277943, 51.84618429088851], [-5.200704527580006, 51.84595137953062], [-5.200704527580006, 51.84567612605056], [-5.2008828147115596, 51.84586836156338], [-5.201012623741794, 51.846078981113465], [-5.201020456905132, 51.8460625340514], [-5.200928149039369, 51.84576305178834], [-5.201068910171239, 51.8456577420133], [-5.201188911996542, 51.84586836156338], [-5.2013123301446615, 51.846078981113465], [-5.2014416960053, 51.84620178755228], [-5.201475725443629, 51.84597367133843], [-5.201755730335199, 51.84597367133843], [-5.2017587758378, 51.84586836156338], [-5.201719558733461, 51.8456577420133], [-5.201757625330425, 51.84542283535888], [-5.201862935105467, 51.84563746266116], [-5.201926180583314, 51.84586836156338], [-5.202073554655551, 51.846009943156155], [-5.2022841742056345, 51.84616504738939], [-5.2022841742056345, 51.84592052681161], [-5.202184160707741, 51.8456577420133], [-5.202178864430593, 51.845435141684746], [-5.202189969245418, 51.84523650291313], [-5.202320400252025, 51.845341812688176], [-5.202431175533846, 51.84544712246321], [-5.20240627732422, 51.84513119313809], [-5.202494793755719, 51.844857489707415], [-5.20260010353076, 51.845070262942095], [-5.202654865151815, 51.845341812688176], [-5.202766641818119, 51.84555243223826], [-5.202916032855886, 51.84566166913148], [-5.202916032855886, 51.845502211625], [-5.203021342630928, 51.84541467200419], [-5.20312665240597, 51.845170916133604], [-5.203231962181012, 51.84539331091814], [-5.203339674742156, 51.84544712246321], [-5.203321844686318, 51.84523650291313], [-5.203485642572083, 51.84523650291313], [-5.203653201281179, 51.845371224500404], [-5.2038638208312635, 51.845461480416155], [-5.203758511056221, 51.84535555358328], [-5.2038638208312635, 51.84533670675969], [-5.203885428241093, 51.84502588336305], [-5.203806898410691, 51.84481526381296], [-5.203901479942533, 51.844709954037924], [-5.204074440381347, 51.84488394718462], [-5.2041797501563885, 51.844653307658405], [-5.204285059931431, 51.84485335334835], [-5.204455826373846, 51.84502588336305], [-5.204706299031598, 51.84504719803491], [-5.20481160880664, 51.84492427980408], [-5.20481160880664, 51.84474479771822], [-5.2049973769952045, 51.844920573588006], [-5.205079093758943, 51.84481526381296], [-5.2052328479068075, 51.8448674522717], [-5.205425323623439, 51.84502588336305], [-5.205548777231933, 51.84519043052489], [-5.205654087006976, 51.8449694454639], [-5.205654087006976, 51.84474969719824], [-5.205594315263565, 51.844499334487836], [-5.205740175996095, 51.8443940247128], [-5.205840278691342, 51.84460464426288], [-5.205905709236132, 51.844499334487836], [-5.206055894916514, 51.8443940247128], [-5.2062532938143296, 51.844499334487836], [-5.206391255432269, 51.84470641598701], [-5.206324489631548, 51.844499334487836], [-5.206346600596719, 51.84418340516271], [-5.206285945657227, 51.84407772479165], [-5.206579743766346, 51.84407809538767], [-5.20662994240644, 51.84418340516271], [-5.206591693478102, 51.84397278561263], [-5.206601874982352, 51.84374024279265], [-5.206711393410694, 51.843867475837584], [-5.2068124945324366, 51.84409098055401], [-5.20698253844399, 51.844288714937754], [-5.207128423857562, 51.84446072880757], [-5.207274326114917, 51.844288714937754], [-5.20731642038882, 51.84397278561263], [-5.207444353182688, 51.84405557575998], [-5.20754966295773, 51.844212994011684], [-5.207628786772732, 51.84397278561263], [-5.207702090555945, 51.843867475837584], [-5.207760282507814, 51.84410344633745], [-5.207865592282856, 51.84429566951454], [-5.208076211832939, 51.84443702370562], [-5.208338414241803, 51.844499334487836], [-5.208392141158065, 51.8447480563134], [-5.208497450933107, 51.844939100168986], [-5.208497450933107, 51.84475920468687], [-5.208469808398731, 51.844499334487836], [-5.208588805880081, 51.84460464426288], [-5.208629710669812, 51.84481526381296], [-5.208732716043893, 51.844709954037924], [-5.2087080704831905, 51.844517282196215], [-5.208813380258232, 51.8443880911883], [-5.209023999808316, 51.844463203940926], [-5.209098189899494, 51.84418340516271], [-5.209129309583358, 51.84407404909181], [-5.209023999808316, 51.84383278476703], [-5.208989037810566, 51.84355154651246], [-5.209023999808316, 51.84327668496036], [-5.209168940551494, 51.84344623673742], [-5.2092753009052295, 51.84355154651246], [-5.2092511080235475, 51.84323561718733], [-5.209038068021317, 51.843130307412295], [-5.2092346193584005, 51.84294850831691], [-5.209440750969806, 51.84302499763725], [-5.209550548683526, 51.84302849962502], [-5.209676472973159, 51.84291968786221], [-5.209571071736818, 51.842709068312125], [-5.209429048940592, 51.84260375853708], [-5.209464237613467, 51.842393138987], [-5.2093735833194525, 51.84218251943692], [-5.209282702628541, 51.84197189988683], [-5.209205974171483, 51.84176128033675], [-5.209339929133442, 51.841768161467726], [-5.209535793785322, 51.84197189988683], [-5.20955094660373, 51.84186659011179], [-5.2094541028793415, 51.8416559705617], [-5.209378597424001, 51.84144535101162], [-5.20951265338275, 51.84134004123658], [-5.209655858458568, 51.84148567803717], [-5.209769662200342, 51.8416559705617], [-5.20974522138123, 51.84186659011179], [-5.209853959839231, 51.84207720966187], [-5.210077097558735, 51.84218091259763], [-5.210213405584175, 51.84218251943692], [-5.210182407333777, 51.84199441994023], [-5.2102877171088195, 51.84196959155529], [-5.210130753974627, 51.84176128033675], [-5.210077097558735, 51.841520711227275], [-5.209960449445953, 51.84134004123658], [-5.209971787783694, 51.841234267398086], [-5.209866478008651, 51.84101912512096], [-5.209655858458568, 51.84086400927123], [-5.209680495291573, 51.840708182586326], [-5.209598209326272, 51.840497563036244], [-5.209590848482755, 51.84018163371112], [-5.209746981650863, 51.84028694348616], [-5.209866478008651, 51.84042018356543], [-5.209882059084906, 51.84018163371112], [-5.210077097558735, 51.84022768272449], [-5.2102877171088195, 51.840177382469825], [-5.210395851705636, 51.84007632393608], [-5.210582464975023, 51.84028694348616], [-5.210603646433945, 51.84051849044284], [-5.210708956208987, 51.84071370525834], [-5.210708956208987, 51.84055023137329], [-5.210629473299426, 51.84028694348616], [-5.210714610688269, 51.84018163371112], [-5.210860115053149, 51.84028694348616], [-5.210870315240675, 51.83997101416104], [-5.210768618145874, 51.839760394610956], [-5.21087848049608, 51.83965508483591], [-5.210989683128456, 51.83986570438599], [-5.211024885534113, 51.84014157254224], [-5.211235505084196, 51.84018961529625], [-5.21144612463428, 51.84013915804574], [-5.211551434409322, 51.840378372865885], [-5.211594363911495, 51.84060287281129], [-5.2116567441843635, 51.84080268478775], [-5.211744832023339, 51.840918802136414], [-5.211867363734448, 51.841111729028896], [-5.211867363734448, 51.840843538370635], [-5.211765511829324, 51.84060287281129], [-5.211737625998567, 51.8403922532612], [-5.211704594570987, 51.84007632393608], [-5.211864175840418, 51.84018163371112], [-5.211900933698946, 51.84007632393608], [-5.211829047149039, 51.83986570438599], [-5.211867363734448, 51.83958567205385], [-5.212005327156586, 51.839760394610956], [-5.212077983284532, 51.83990309991195], [-5.2121832930595735, 51.840042117103586], [-5.212164910864882, 51.84018163371112], [-5.212282849568996, 51.8403922532612], [-5.212393912609658, 51.840319368447126], [-5.212412640934543, 51.84007632393608], [-5.212393912609658, 51.83984325159802], [-5.212288602834615, 51.839624836283505], [-5.2121832930595735, 51.839520690087824], [-5.212142079633418, 51.839339155510785], [-5.212096119406979, 51.83902322618566], [-5.212005056876661, 51.83881260663558], [-5.212287528900203, 51.838707296860534], [-5.212367134606834, 51.83860198708549], [-5.212495164889324, 51.83881260663558], [-5.212709841934783, 51.83884500331166], [-5.212848746569031, 51.83881260663558], [-5.212923938098088, 51.838707296860534], [-5.2128488073626205, 51.83849667731045], [-5.212920461484867, 51.838228041456794], [-5.213025771259908, 51.83841495126492], [-5.213048181709258, 51.83818074798533], [-5.213020474918683, 51.83797012843524], [-5.213066519163188, 51.8378648186602], [-5.21321853102907, 51.83807543821028], [-5.213250476096491, 51.83818074798533], [-5.213417836030056, 51.83807543821028], [-5.213552320135118, 51.838205991283424], [-5.21351625498099, 51.83807543821028], [-5.213447010360077, 51.837890964584474], [-5.213528877024738, 51.83765419911011], [-5.213376750320662, 51.83744357956003], [-5.213226740585382, 51.837338269784986], [-5.213310638788481, 51.837127650234905], [-5.213159326134587, 51.83691703068482], [-5.213055867842174, 51.836706411134735], [-5.212920461484867, 51.83655550494381], [-5.212941099439016, 51.83639048180961], [-5.212920461484867, 51.83626680342419], [-5.212874907836783, 51.83607455248448], [-5.212989386006522, 51.835969242709446], [-5.2131405388345256, 51.835969242709446], [-5.213097499418515, 51.83575862315936], [-5.213141240372487, 51.83565331338432], [-5.213238550389796, 51.8358639329344], [-5.213394231240237, 51.83607455248448], [-5.213447010360077, 51.83620875696051], [-5.213552320135118, 51.8363449188388], [-5.21365762991016, 51.83645186992762], [-5.2135337518238964, 51.8366011013597], [-5.213633625562962, 51.83681172090978], [-5.213723522654601, 51.83702234045986], [-5.213762939685202, 51.83731717024545], [-5.213868249460244, 51.83751997453676], [-5.213973559235286, 51.83759798480129], [-5.213994793024426, 51.837759508885156], [-5.214190691251182, 51.837759508885156], [-5.21418417878537, 51.83764800075305], [-5.21409596211293, 51.83744357956003], [-5.214084017391961, 51.837127650234905], [-5.214024713025467, 51.83691703068482], [-5.213954894862846, 51.836706411134735], [-5.213762939685202, 51.836499084456676], [-5.21377313915453, 51.83639048180961], [-5.213868249460244, 51.83610663751875], [-5.213973559235286, 51.836293117888395], [-5.214077326456449, 51.8366011013597], [-5.214153463434315, 51.83681172090978], [-5.214234024334755, 51.83681172090978], [-5.21418417878537, 51.83657255292779], [-5.2141149423148425, 51.83628517203457], [-5.214207448262323, 51.83617986225953], [-5.214394798335453, 51.83634854964853], [-5.214375554969016, 51.83649579158465], [-5.214394798335453, 51.836706606521126], [-5.214605417885537, 51.83682545696739], [-5.214570342863077, 51.83702234045986], [-5.214710727660579, 51.836936085107546], [-5.214710727660579, 51.83723296000995], [-5.214921347210663, 51.83723834418935], [-5.215046739918024, 51.837127650234905], [-5.215005152059505, 51.83691703068482], [-5.214891702268724, 51.836706411134735], [-5.214816037435621, 51.836488916857135], [-5.214605417885537, 51.83652579907954], [-5.214500108110495, 51.83643328810769], [-5.214696291561199, 51.83628517203457], [-5.214739260733276, 51.83607455248448], [-5.2149572069391, 51.835969242709446], [-5.2148595329431, 51.83575862315936], [-5.214921347210663, 51.835489371142124], [-5.215026656985705, 51.83573116058679], [-5.215144427492208, 51.8358639329344], [-5.215250469430303, 51.83607455248448], [-5.215489790301738, 51.83607455248448], [-5.2154370797791465, 51.8358639329344], [-5.215342586310831, 51.835570184463045], [-5.215272409252165, 51.835337384059194], [-5.215236614390104, 51.835126764509106], [-5.215257524912829, 51.83502145473407], [-5.215400004020575, 51.83523207428415], [-5.215500054839673, 51.835126764509106], [-5.215436898924347, 51.834916144959024], [-5.215447896085872, 51.83465055684512], [-5.215623177612463, 51.83481083518398], [-5.215698581290208, 51.83502145473407], [-5.2156585156359565, 51.8351555640649], [-5.215847666489039, 51.835126764509106], [-5.21586913518604, 51.835296023036584], [-5.21586913518604, 51.83546629756854], [-5.216079754736124, 51.835551534553765], [-5.216070820248951, 51.83544269383423], [-5.216079754736124, 51.83526240925006], [-5.215998350913978, 51.83502145473407], [-5.215863482053944, 51.834916144959024], [-5.2159793960322185, 51.83481083518398], [-5.215949365825639, 51.8346002156339], [-5.216000288367107, 51.834494905858854], [-5.2161653791415405, 51.83470552540894], [-5.216192362723483, 51.8346002156339], [-5.216137502161755, 51.83438959608382], [-5.216290374286208, 51.83439465431894], [-5.21639568406125, 51.834625660095696], [-5.216555748809972, 51.83470552540894], [-5.216711613386376, 51.83458446216019], [-5.21687377500505, 51.8346002156339], [-5.216930554018545, 51.834494905858854], [-5.217061899222243, 51.83470552540894], [-5.217223972470128, 51.83481083518398], [-5.21707133615126, 51.8346002156339], [-5.217161714209071, 51.834494905858854], [-5.217343472036626, 51.83465594162422], [-5.217355269809768, 51.83438959608382], [-5.217516393218035, 51.83428428630877], [-5.217663735005895, 51.83428428630877], [-5.217844994540266, 51.83438959608382], [-5.217951116337095, 51.83428428630877], [-5.21808064046192, 51.83433274046447], [-5.218160157709246, 51.83407366675869], [-5.217931158508069, 51.83396835698365], [-5.218081331975108, 51.8338630472086], [-5.218235655932243, 51.833757737433565], [-5.218364067755651, 51.83365242765852], [-5.218519323260306, 51.83365242765852], [-5.2186071893371295, 51.83388540775315], [-5.218745591907455, 51.83407366675869], [-5.218839831425757, 51.83396835698365], [-5.218923118662255, 51.83368082886386], [-5.219030164561287, 51.833757737433565], [-5.218990965345489, 51.83354711788348], [-5.219133738212339, 51.833552755284074], [-5.219344357762423, 51.83351438282104], [-5.219449667537464, 51.83323394263538], [-5.219642253571019, 51.83323118855835], [-5.2196778672675626, 51.833125878783314], [-5.21988307292907, 51.833125878783314], [-5.219937591848075, 51.83344180810844], [-5.220122108269535, 51.83344180810844], [-5.220397455512842, 51.83340500265674], [-5.2202921457378, 51.83349715382858], [-5.220292393746308, 51.83365242765852], [-5.2202921457378, 51.83377693490339], [-5.220587458983535, 51.8338630472086], [-5.2205027652878835, 51.83402510595701], [-5.220623945412407, 51.8338630472086], [-5.220543726781694, 51.83365242765852], [-5.2206236266853, 51.83354711788348], [-5.220818694613009, 51.83350389830139], [-5.220975073647717, 51.83354711788348], [-5.221032372740835, 51.83344180810844], [-5.221290470972604, 51.83344180810844], [-5.221380464635818, 51.83323118855835], [-5.2215558630383025, 51.83312112450272], [-5.221661172813345, 51.833234387642335], [-5.221871792363428, 51.83334109059288], [-5.221990406357492, 51.83344180810844], [-5.22197710213847, 51.83328407114733], [-5.222187721688554, 51.83319482987339], [-5.22250365101368, 51.833230806751196], [-5.222670157156662, 51.833336498333395], [-5.222760830853129, 51.83354711788348], [-5.222863568885167, 51.83344180810844], [-5.223096784085306, 51.833336498333395], [-5.223346129214015, 51.833234451888984], [-5.223496804940337, 51.83323118855835], [-5.223649333554024, 51.83344180810844], [-5.223767368314183, 51.83357296999481], [-5.223926178454193, 51.83344180810844], [-5.224083297639308, 51.83344449031501], [-5.224215665646437, 51.83344180810844], [-5.224399226964434, 51.83341284003783], [-5.2245045367394765, 51.833568348377625], [-5.224638824327019, 51.83365242765852], [-5.22456146839244, 51.83344180810844], [-5.224820466064601, 51.83334188964863], [-5.224932422641744, 51.83323118855835], [-5.225034433455727, 51.833125878783314], [-5.22524170516477, 51.833036398761394], [-5.22537106769729, 51.833125878783314], [-5.225347014939811, 51.832926174903974], [-5.225343206993355, 51.83280994945819], [-5.225452324714853, 51.83264495234454], [-5.225523645003995, 51.83238871035802], [-5.225715669092536, 51.83238871035802], [-5.225963050515497, 51.83249402013306], [-5.226084183365105, 51.83260231905019], [-5.22640011269023, 51.832635252094924], [-5.226535497883354, 51.83270463968314], [-5.226763029799128, 51.8325993299081], [-5.2269266615654395, 51.83265637577353], [-5.227137281115524, 51.832743537786996], [-5.2274532104406495, 51.832786685312016], [-5.227598677765608, 51.832915259233225], [-5.227769139765775, 51.83289968418924], [-5.2279133125056205, 51.83302056900827], [-5.228085069090901, 51.833158481932394], [-5.228204523913588, 51.83302056900827], [-5.228400998416027, 51.83287783761073], [-5.22861161796611, 51.83296531333518], [-5.228746775485218, 51.832915259233225], [-5.228927547291236, 51.83310015440197], [-5.229103193329209, 51.832915259233225], [-5.229243476616362, 51.832720628862674], [-5.229454096166446, 51.83283381352352], [-5.229608213823333, 51.83270463968314], [-5.229875335266613, 51.832608748913266], [-5.229944381070939, 51.83238871035802], [-5.230085954816697, 51.83244045179962], [-5.2304018841418225, 51.83249010490555], [-5.230507193916864, 51.832604208883346], [-5.2307984933289315, 51.8325993299081], [-5.230833132791784, 51.83270463968314], [-5.230973751692097, 51.832915259233225], [-5.231093489497701, 51.83302056900827], [-5.231346355105387, 51.83302056900827], [-5.231560291667283, 51.83312367406264], [-5.231770911217367, 51.83319602394761], [-5.231819247339027, 51.832915259233225], [-5.231894741096348, 51.83302056900827], [-5.232150386254537, 51.833125878783314], [-5.2322974600925765, 51.833117813018795], [-5.232508079642661, 51.83322435878033], [-5.232704866409074, 51.83323118855835], [-5.232762863106647, 51.83302056900827], [-5.233027893765982, 51.83302056900827], [-5.233139938292912, 51.833173807025695], [-5.2333505578429955, 51.8332705199718], [-5.233593406197732, 51.833336498333395], [-5.23375417389932, 51.83354711788348], [-5.233878459704719, 51.83354711788348], [-5.233838384965509, 51.833336498333395], [-5.23408772626829, 51.8333243188004], [-5.2343234014966455, 51.833336498333395], [-5.23442901394036, 51.83354711788348], [-5.234681442856879, 51.83365242765852], [-5.234824894693583, 51.83376649609266], [-5.234999964165802, 51.833757737433565], [-5.235035514243666, 51.83369186869821], [-5.235035514243666, 51.8335425466975], [-5.235171673883586, 51.83365242765852], [-5.2353221994145995, 51.8338630472086], [-5.235475493268239, 51.8338630472086], [-5.235667372893918, 51.8337174196361], [-5.235786831182621, 51.83365242765852], [-5.235983302219044, 51.83383195852627], [-5.236193921769127, 51.83393260127832], [-5.236347849320299, 51.833757737433565], [-5.236419826160552, 51.83365242765852], [-5.2366945951738595, 51.83365242765852], [-5.23675309607089, 51.833757737433565], [-5.236931090194421, 51.83388221314452], [-5.237151420558018, 51.8338630472086], [-5.237103988114366, 51.83365242765852], [-5.237277208408475, 51.83365242765852], [-5.23745763906963, 51.8336240181661], [-5.237573471053668, 51.833757737433565], [-5.237779382350482, 51.8338630472086], [-5.238089497719882, 51.83393056403076], [-5.238074057000932, 51.83407366675869], [-5.238195661411636, 51.83407366675869], [-5.238346064906277, 51.8338630472086], [-5.238300117269965, 51.83374190427796], [-5.238616046595091, 51.833686929750215], [-5.23881235259086, 51.8338630472086], [-5.239037285695258, 51.83393004401022], [-5.239242516700887, 51.83396835698365], [-5.239348539160504, 51.83407366675869], [-5.239458524795427, 51.83418216248097], [-5.239563834570468, 51.834048302260186], [-5.239704669320119, 51.83417897653373], [-5.239879763895594, 51.83428611100686], [-5.240002234913797, 51.83417897653373], [-5.239985073670636, 51.83404414123203], [-5.24019569322072, 51.8339215348514], [-5.240326574235405, 51.833757737433565], [-5.2403010029957615, 51.83361571753547], [-5.240511622545846, 51.83370449881188], [-5.240641255036408, 51.83354711788348], [-5.240932861646013, 51.83346004529347], [-5.241085063955796, 51.83344180810844], [-5.241248790971139, 51.83357812140832], [-5.241540482901702, 51.83365242765852], [-5.241775339846348, 51.83372347027813], [-5.241985959396432, 51.83364912005667], [-5.242099052557526, 51.83354711788348], [-5.242301888721558, 51.833729529605215], [-5.242450973079805, 51.83365242765852], [-5.242617818046684, 51.833797519449384], [-5.242728182970797, 51.83365242765852], [-5.243003778415361, 51.83354711788348], [-5.243144366921893, 51.83361929487708], [-5.243354986471977, 51.833674655170334], [-5.24356560602206, 51.83360525895393], [-5.243881535347186, 51.83355636080454], [-5.24397361186022, 51.833336498333395], [-5.24409215489727, 51.83340593318856], [-5.244267614920903, 51.83354711788348], [-5.244360503935038, 51.83344180810844], [-5.244408084222396, 51.83323090515267], [-5.244582740368067, 51.833336498333395], [-5.244697458402306, 51.83323118855835], [-5.244794174886278, 51.833336498333395], [-5.244934633097605, 51.83347842772046], [-5.245166926279724, 51.83354711788348], [-5.245461181972814, 51.83356740732087], [-5.2456718015228985, 51.83368163167831], [-5.245882421072983, 51.833589947689106], [-5.2460546008173905, 51.83344180810844], [-5.24630366017315, 51.83341661272648], [-5.246468134227382, 51.83344180810844], [-5.246547498342823, 51.833336498333395], [-5.2467248992733175, 51.83328887566539], [-5.246830209048359, 51.83342011884584], [-5.246935518823402, 51.83345932487421], [-5.247095786381292, 51.83344180810844], [-5.247305684704772, 51.83344180810844], [-5.247541803415155, 51.833336498333395], [-5.2475769382204716, 51.83323118855835], [-5.247777997023737, 51.83335132076138], [-5.24800084793575, 51.833336498333395], [-5.247988616573821, 51.83316046374418], [-5.248236277701307, 51.833125878783314], [-5.248435314996584, 51.833125878783314], [-5.2486204752240715, 51.83309000617266], [-5.2487564469567785, 51.833125878783314], [-5.248936404549197, 51.83312683660883], [-5.249252333874323, 51.83314019334555], [-5.249357643649365, 51.832991462842784], [-5.249568263199449, 51.833077309514664], [-5.2496735729744906, 51.83324503025037], [-5.249828566630672, 51.833125878783314], [-5.250094812074659, 51.83305586521971], [-5.250410741399784, 51.83306577187014], [-5.250569036394138, 51.833125878783314], [-5.250737032677653, 51.833125878783314], [-5.251042600050035, 51.8331448491141], [-5.251339254078653, 51.833125878783314], [-5.251463839150203, 51.83318785153463], [-5.251606357221116, 51.83302056900827], [-5.251569148925245, 51.83291373244442], [-5.251885078250371, 51.83288048311676], [-5.252201007575496, 51.83281464167985], [-5.25241162712558, 51.83279123259175], [-5.252582607868459, 51.83280994945819], [-5.252832866225748, 51.832738116739144], [-5.252949494578542, 51.83270463968314], [-5.253254105325915, 51.83275168471963], [-5.253464724875999, 51.83286599939452], [-5.2536753444260835, 51.83275422427486], [-5.253818945468244, 51.83280994945819], [-5.254096583526251, 51.832805412511085], [-5.254257951800743, 51.832915259233225], [-5.254517822626418, 51.832952320236984], [-5.254833751951544, 51.83294239971255], [-5.254939061726586, 51.832754428998555], [-5.255074755531203, 51.83280994945819], [-5.255360300826753, 51.83279982086519], [-5.255542209645635, 51.8325993299081], [-5.255676230151879, 51.83260053162801], [-5.255781539926922, 51.83242783611229], [-5.256097469252047, 51.8324365011763], [-5.256304105259893, 51.8325993299081], [-5.256518708352215, 51.83260869440243], [-5.256659296795586, 51.8325993299081], [-5.256737655880453, 51.83270463968314], [-5.25695121112867, 51.83270463968314], [-5.257150567002466, 51.83289793791228], [-5.25736118655255, 51.8329162838322], [-5.2574821473412126, 51.832915259233225], [-5.257649133254071, 51.833125878783314], [-5.257777028355884, 51.833336498333395], [-5.257887735427759, 51.833249011884575], [-5.258072617891246, 51.83344180810844], [-5.258203664752885, 51.833647795712764], [-5.258414284302969, 51.833443143403024], [-5.2585195940780105, 51.83343096123558], [-5.25833702735347, 51.83323118855835], [-5.2585195940780105, 51.83325310414677], [-5.258684498441332, 51.83344180810844], [-5.258940833178178, 51.83350482927556], [-5.259151452728262, 51.83360917111304], [-5.259343634363119, 51.833757737433565], [-5.259467382053388, 51.83374290234916], [-5.25963882303281, 51.8338630472086], [-5.259783311378514, 51.833842216843486], [-5.259888621153555, 51.8336348041318], [-5.260038786418777, 51.833757737433565], [-5.260204550478681, 51.83387907671551], [-5.260520479803807, 51.833954825277026], [-5.26073109935389, 51.83399821353095], [-5.260934759315065, 51.83396835698365], [-5.261024639893237, 51.8338630472086], [-5.261152338454059, 51.83392016765023], [-5.261362958004142, 51.83400936517614], [-5.261678887329268, 51.83407366675869], [-5.2619948166543935, 51.834007060576184], [-5.262268511895439, 51.83396835698365], [-5.262416055754561, 51.83399270437523], [-5.262731985079687, 51.83397090664583], [-5.262942604629771, 51.833893692763596], [-5.26325552210502, 51.8338630472086], [-5.26346915350498, 51.83375779108093], [-5.263679773055064, 51.83371889263345], [-5.263990436891437, 51.83365242765852], [-5.2641969509069, 51.83365242765852], [-5.264311631705315, 51.83364035416478], [-5.264627561030441, 51.83356882401056], [-5.264838180580525, 51.83354626816175], [-5.265048800130609, 51.833390069546866], [-5.265162119697573, 51.83344180810844], [-5.265447313999225, 51.83344180810844], [-5.265575349005818, 51.83343195659607], [-5.265891278330944, 51.833418998441765], [-5.26620720765607, 51.833362809155126], [-5.266417827206153, 51.83331277219577], [-5.266628446756237, 51.83322778179532], [-5.266839066306321, 51.8331163431985], [-5.266965767660385, 51.833125878783314], [-5.267260305406489, 51.833123106758265], [-5.267470924956572, 51.83321896270028], [-5.267777948333316, 51.83323118855835], [-5.26789216405674, 51.83320162807752], [-5.268208093381865, 51.83321252054336], [-5.268402906874639, 51.833336498333395], [-5.268301117810318, 51.83354711788348], [-5.268337261072251, 51.833757737433565], [-5.268208093381865, 51.83391708176228], [-5.268102783606824, 51.83410648240783], [-5.267997473831782, 51.83430119857869], [-5.267786854281698, 51.8344867027312], [-5.267681544506656, 51.83461680885322], [-5.267576234731615, 51.83474740966909], [-5.267786854281698, 51.834826041895724], [-5.267786854281698, 51.83504282998841], [-5.267676586189569, 51.83523207428415], [-5.267526268112518, 51.83544269383423], [-5.267387631580225, 51.83565331338432], [-5.267249090900192, 51.83575862315936], [-5.267088588261902, 51.835969242709446], [-5.267015268036258, 51.83617986225953], [-5.266904521362925, 51.83639048180961], [-5.266766500764012, 51.8366011013597], [-5.266683140130533, 51.83681172090978], [-5.266601269495459, 51.83702234045986], [-5.26657432267939, 51.837338269784986], [-5.266389779207784, 51.83744357956003], [-5.266312517431111, 51.837693275119086], [-5.26620720765607, 51.8379151443962], [-5.266131335679043, 51.83818074798533], [-5.266093076263651, 51.83839136753541], [-5.266067034730468, 51.838707296860534], [-5.266101897881028, 51.838862954645364], [-5.26610846871074, 51.83902322618566], [-5.266125019982964, 51.839339155510785], [-5.266101897881028, 51.83945884461565], [-5.266187199916698, 51.839760394610956], [-5.266273228394657, 51.83997101416104], [-5.2663514406171865, 51.84018163371112], [-5.26645569754819, 51.8403922532612], [-5.266543324758498, 51.84060287281129], [-5.266727129037873, 51.84081349236137], [-5.266839066306321, 51.84100219644389], [-5.266775179638101, 51.841129421686496], [-5.266733756531279, 51.84123945960707], [-5.2669884372833895, 51.84134004123658], [-5.266982061090086, 51.8416559705617], [-5.267083591683041, 51.84186659011179], [-5.267272618787701, 51.84197189988683], [-5.267260305406489, 51.84211375947141], [-5.267346143772336, 51.842393138987], [-5.267454293424823, 51.84260375853708], [-5.267576234731615, 51.842788033166514], [-5.267738382836464, 51.84291968786221], [-5.267868588141192, 51.843130307412295], [-5.267881316918573, 51.84344623673742], [-5.268101590627237, 51.84355154651246], [-5.268162830276846, 51.84376216606255], [-5.268275385826325, 51.84397278561263], [-5.268332090700218, 51.84418340516271], [-5.268426102466737, 51.8443940247128], [-5.268524022706991, 51.84460738131024], [-5.268839952032117, 51.844679819302215], [-5.269026571910209, 51.84481526381296], [-5.269155881357243, 51.84496910087346], [-5.269366500907327, 51.84512789843132], [-5.269486811045339, 51.84523650291313], [-5.269682430232453, 51.84540759646267], [-5.2698082178387615, 51.84555243223826], [-5.269973348589017, 51.84576305178834], [-5.270111239162155, 51.84586836156338], [-5.27026774684226, 51.846078981113465], [-5.270419598657746, 51.846209742241655], [-5.270524908432788, 51.84639743370641], [-5.270735012858442, 51.84660552998868], [-5.2708408377579135, 51.8467407888972], [-5.27101774671554, 51.846921459313805], [-5.271166640682436, 51.84702676908884], [-5.2713673866331225, 51.84717403329775], [-5.271578006183207, 51.847263521804386], [-5.27178862573329, 51.847397090249224], [-5.271999245283374, 51.84753689494653], [-5.272209864833458, 51.847582273319546], [-5.272459991231799, 51.847658627739094], [-5.272631103933626, 51.847807381262896], [-5.272794212809662, 51.84797455706422], [-5.272947033258752, 51.84808090761711], [-5.273262962583877, 51.84817077104088], [-5.273420886615927, 51.848290486389345], [-5.273578891909003, 51.84843463045535], [-5.2737895114590865, 51.848554106646716], [-5.274000131009171, 51.8486333328086], [-5.274236890871674, 51.848711725489515], [-5.274421370109338, 51.84889319670298], [-5.274607354810135, 51.84902765481464], [-5.274743825811444, 51.84913296458968], [-5.27505322875959, 51.84923583744431], [-5.275263848309673, 51.8493249720092], [-5.275474467859757, 51.84937901231686], [-5.27568508740984, 51.84948044073971], [-5.275895706959925, 51.84963368870754], [-5.276106326510009, 51.84971087475872], [-5.27635691944313, 51.84976482323993], [-5.276632875385218, 51.84985583181828], [-5.276843494935302, 51.84996969658446], [-5.277054114485385, 51.850042439906076], [-5.2772647340354695, 51.850171422734725], [-5.277429249017737, 51.850291372115144], [-5.277580663360595, 51.850407583991014], [-5.277791282910679, 51.85055082450259], [-5.277989978273156, 51.85071261121531], [-5.278107212235804, 51.85082742632723], [-5.278260385232351, 51.85102854054043], [-5.2783583973254045, 51.85123916009052], [-5.2783178317858885, 51.85154349831248], [-5.278212522010847, 51.85176129610022], [-5.2781865125862515, 51.85197632851581], [-5.278107212235804, 51.85219262039441], [-5.277982376025148, 51.85239756761598], [-5.277896592685721, 51.85265720480915], [-5.277795059279784, 51.85292411649119], [-5.277775146151098, 51.85313473604128], [-5.27779357052385, 51.85334535559136], [-5.277896592685721, 51.85358168906981], [-5.278068173147291, 51.85376659469153], [-5.2783178317858885, 51.8538156646281]]}}, {"type": "Feature", "properties": {"depth": -20.0}, "geometry": {"type": "LineString", "coordinates": [[-5.284425798738319, 51.853655529759855], [-5.2847417280634446, 51.85360514278498], [-5.284636418288403, 51.85370391016334], [-5.284406048269126, 51.853661284916484]]}}, {"type": "Feature", "properties": {"depth": -20.0}, "geometry": {"type": "LineString", "coordinates": [[-5.278652886781597, 51.853661284916484], [-5.27894969043614, 51.85356751074875], [-5.278919550038989, 51.8534506653664], [-5.278995750351138, 51.853240045816314], [-5.279167945422793, 51.85313473604128], [-5.279370929536308, 51.85314689528278]]}}, {"type": "Feature", "properties": {"depth": -20.0}, "geometry": {"type": "LineString", "coordinates": [[-5.287167426969388, 51.85334535559136], [-5.287403520152833, 51.853240045816314], [-5.287520626051056, 51.85302942626623], [-5.287479782214534, 51.852879083532834], [-5.287795711539659, 51.85284207052452], [-5.28805761404464, 51.85292411649119], [-5.288322260414869, 51.85296147664613], [-5.288474015472984, 51.85292411649119], [-5.288581672046282, 51.85281880671615], [-5.28880790820378, 51.85271349694111], [-5.288944531856164, 51.852502877391025], [-5.289164738615204, 51.852422110590844], [-5.289418670496957, 51.85239756761598], [-5.289691287490414, 51.85229234865711], [-5.289901907040497, 51.852190529102046], [-5.290100931472751, 51.852081638290855], [-5.2901125265905815, 51.851916573537075], [-5.290133382636355, 51.85176570896573], [-5.290045066764234, 51.85155508941565], [-5.2899002950477225, 51.8514497796406], [-5.289706210981142, 51.85123916009052], [-5.289588838004253, 51.85102854054043], [-5.28948066794033, 51.85091788911167], [-5.289270048390247, 51.850803578875315], [-5.289173127231734, 51.850501991665226], [-5.289164738615204, 51.850318380642214], [-5.289270048390247, 51.85012152834493], [-5.289389449860898, 51.84997544279002], [-5.289375358165288, 51.84981293054729], [-5.289375358165288, 51.84961340409096], [-5.289195704649569, 51.849448893914804], [-5.288954119065121, 51.84936059116855], [-5.288803307491135, 51.84923827436472], [-5.288743499515037, 51.849130204927626], [-5.289026695651937, 51.84902765481464], [-5.289270048390247, 51.84897102477934], [-5.289375358165288, 51.84888788816052], [-5.289268464913531, 51.848711725489515], [-5.28948066794033, 51.84867762844113], [-5.289796597265456, 51.848649337209515], [-5.2901125265905815, 51.84866753587504], [-5.290323146140666, 51.84855720920321], [-5.290498101096222, 51.848711725489515], [-5.290639884002249, 51.84881703526455], [-5.290428455915707, 51.8488973683822], [-5.290533765690749, 51.848959738151756], [-5.290849695015875, 51.84895878887124], [-5.291140189879392, 51.84902765481464], [-5.291203589173907, 51.84923827436472], [-5.291376243891085, 51.84936198457987], [-5.29169217321621, 51.84936193858019], [-5.291902792766294, 51.84934322362626], [-5.291902792766294, 51.84952589159584], [-5.2917406523411215, 51.84965951346489], [-5.291960934221115, 51.84976482323993], [-5.2920081025413355, 51.84991720542942], [-5.292113412316378, 51.85005661957426], [-5.292324031866461, 51.84995425611153], [-5.292429341641504, 51.85012233555942], [-5.292639961191587, 51.85020558448508], [-5.292955890516713, 51.850260487759556], [-5.293166510066797, 51.85031906047996], [-5.293482439391922, 51.85037600178943], [-5.293491243198274, 51.850080752565056], [-5.293386629489653, 51.849870133014974], [-5.2933439374731055, 51.84965951346489], [-5.29337712961688, 51.849413109695575], [-5.293510736703459, 51.84923827436472], [-5.293798368717048, 51.8492054966747], [-5.293945812477173, 51.84913296458968], [-5.294219607817216, 51.84917282140664], [-5.294324917592258, 51.84910969196795], [-5.294180826019046, 51.8489223450396], [-5.294393850018423, 51.8489223450396], [-5.294535537142341, 51.84888524332223], [-5.294746156692425, 51.84900438685952], [-5.294945883558908, 51.8489223450396], [-5.29503933307678, 51.84902765481464], [-5.295167395792593, 51.84905468871766]]}}, {"type": "Feature", "properties": {"depth": -20.0}, "geometry": {"type": "LineString", "coordinates": [[-5.202073554655551, 51.84484510868848], [-5.202213085767711, 51.84502588336305], [-5.202083920012212, 51.84513119313809], [-5.202067488797554, 51.844920573588006]]}}, {"type": "Feature", "properties": {"depth": -20.0}, "geometry": {"type": "LineString", "coordinates": [[-5.208602760708149, 51.844053198916946], [-5.2087248970490965, 51.84418340516271], [-5.208689693105677, 51.844288714937754], [-5.208584504528338, 51.84407809538767]]}}, {"type": "Feature", "properties": {"depth": -20.0}, "geometry": {"type": "LineString", "coordinates": [[-5.20964979793794, 51.84376216606255], [-5.209737662851193, 51.84397278561263], [-5.20976116823361, 51.84396839880603], [-5.209655858458568, 51.84375996824692]]}}, {"type": "Feature", "properties": {"depth": -20.0}, "geometry": {"type": "LineString", "coordinates": [[-5.210675447752286, 51.84134004123658], [-5.210603646433945, 51.84145169361243], [-5.210794392621875, 51.84144535101162], [-5.210797037143438, 51.84176128033675], [-5.21091957575907, 51.841714674813595], [-5.210905308699405, 51.841550660786666], [-5.210731283971405, 51.84134004123658]]}}, {"type": "Feature", "properties": {"depth": -20.0}, "geometry": {"type": "LineString", "coordinates": [[-5.209655858458568, 51.84094989319832], [-5.209772066100793, 51.841129421686496], [-5.209655858458568, 51.841284620333], [-5.209577870380223, 51.84102411191145]]}}, {"type": "Feature", "properties": {"depth": -20.0}, "geometry": {"type": "LineString", "coordinates": [[-5.212822073884042, 51.83902322618566], [-5.212945263829348, 51.83923384573574], [-5.212723524717449, 51.83923384573574], [-5.212692040163626, 51.839339155510785], [-5.21272562144455, 51.83954977506087], [-5.212897260114652, 51.839760394610956], [-5.213131081034951, 51.83984937277528], [-5.213074963801668, 51.83997101416104], [-5.213236390809993, 51.83987515826219], [-5.213236390809993, 51.83968917354922], [-5.213137729545564, 51.83944446528583], [-5.21304839484276, 51.83923384573574], [-5.213025771259908, 51.839023034471275]]}}, {"type": "Feature", "properties": {"depth": -20.0}, "geometry": {"type": "LineString", "coordinates": [[-5.212417561102328, 51.83954977506087], [-5.212539771179354, 51.839760394610956], [-5.212604546239529, 51.83986570438599], [-5.2125688653838225, 51.83965508483591], [-5.212417561102328, 51.83954977506087]]}}, {"type": "Feature", "properties": {"depth": -20.0}, "geometry": {"type": "LineString", "coordinates": [[-5.211024885534113, 51.8384588803889], [-5.211144327975183, 51.83860198708549], [-5.21126118452477, 51.83881260663558], [-5.211209848663181, 51.838917916410615], [-5.211056156376115, 51.838707296860534], [-5.211011691238427, 51.83849667731045]]}}, {"type": "Feature", "properties": {"depth": -20.0}, "geometry": {"type": "LineString", "coordinates": [[-5.211340814859239, 51.83839255363052], [-5.2115029275756415, 51.83860198708549], [-5.21144612463428, 51.838883865203705], [-5.211340814859239, 51.83863399780497], [-5.211340814859239, 51.83839255363052]]}}, {"type": "Feature", "properties": {"depth": -20.0}, "geometry": {"type": "LineString", "coordinates": [[-5.211972673509489, 51.837420470475266], [-5.212077983284532, 51.83760340120449], [-5.212288602834615, 51.837501794519575], [-5.212499222384699, 51.83759890973441], [-5.212667301272475, 51.837548889335075], [-5.212593353465699, 51.837759508885156], [-5.212390502304673, 51.8378648186602], [-5.212160345857362, 51.83797012843524], [-5.211972673509489, 51.83789519540805], [-5.211821923763733, 51.8378648186602], [-5.211895579174825, 51.83807543821028], [-5.211762053959406, 51.83800317995794], [-5.2116567441843635, 51.83780990044008], [-5.211634823818771, 51.837548889335075], [-5.211762053959406, 51.83760260899853], [-5.211889231651751, 51.83765419911011], [-5.211972673509489, 51.837420470475266]]}}, {"type": "Feature", "properties": {"depth": -20.0}, "geometry": {"type": "LineString", "coordinates": [[-5.21338169550226, 51.83702234045986], [-5.213447010360077, 51.83723967619458], [-5.213552320135118, 51.837523242428375], [-5.21365762991016, 51.83770520920694], [-5.213662383708109, 51.83744357956003], [-5.213571709762643, 51.83723296000995], [-5.213491537710927, 51.83702234045986]]}}, {"type": "Feature", "properties": {"depth": -20.0}, "geometry": {"type": "LineString", "coordinates": [[-5.217238162261585, 51.83396138529834], [-5.217448781811669, 51.83405809952908], [-5.217659401361752, 51.83395353300927], [-5.217676630182287, 51.83417897653373], [-5.2175540915867105, 51.83410037746871], [-5.217343472036626, 51.83424264536305], [-5.217238162261585, 51.83397921037627]]}}, {"type": "Feature", "properties": {"depth": -20.0}, "geometry": {"type": "LineString", "coordinates": [[-5.221046865792267, 51.83365242765852], [-5.220885749687022, 51.833757737433565], [-5.220818694613009, 51.83386622608601], [-5.220927523771122, 51.8338630472086], [-5.221041376869969, 51.833757737433565], [-5.221312444810976, 51.83365242765852], [-5.221046865792267, 51.83365242765852]]}}, {"type": "Feature", "properties": {"depth": -20.0}, "geometry": {"type": "LineString", "coordinates": [[-5.166162921366262, 51.830371478336005], [-5.166211270429202, 51.83059844418231], [-5.166373540916346, 51.830742007439305], [-5.1666196525715264, 51.83080906373239]]}}, {"type": "Feature", "properties": {"depth": -25.0}, "geometry": {"type": "LineString", "coordinates": [[-5.2833727009879, 51.821706850715316], [-5.2831620814378155, 51.82184979965973], [-5.2829993550589505, 51.82196304262887], [-5.282806835095755, 51.82206835240391], [-5.282628423112413, 51.822173662178955], [-5.282424913012522, 51.82229465681108], [-5.282214293462439, 51.822429457761665], [-5.282003673912355, 51.822589155915665], [-5.281842956910618, 51.82270021105416], [-5.281682620383429, 51.822805520829206], [-5.281477125037146, 51.82295599176138], [-5.281266505487062, 51.82310887073383], [-5.281114213443833, 51.823226759929376], [-5.280950576161936, 51.823357473598925], [-5.2807399566118525, 51.82351205491291], [-5.280575046703624, 51.82364799902954], [-5.280424027286727, 51.82379412642302], [-5.2802134077366425, 51.823943958268046], [-5.280055488979184, 51.82406923812971], [-5.279897478411517, 51.82417798988347], [-5.279686858861433, 51.82434938006142], [-5.279518827375907, 51.82449047722988], [-5.279370929536308, 51.82463773480478], [-5.279210732850695, 51.824806406555005], [-5.279055000211182, 51.824997475812474], [-5.27894969043614, 51.82513765709677], [-5.278815779654516, 51.82533295543021], [-5.278658182628411, 51.825543574980294], [-5.278528451335972, 51.825716496828946], [-5.27842314156093, 51.82586410453081], [-5.278270113996429, 51.8260701238555], [-5.278180588578104, 51.82628074340559], [-5.278068632342002, 51.82649136295567], [-5.277937782616787, 51.82670198250575], [-5.277850851786473, 51.82691260205584], [-5.277788709196446, 51.82712322160592], [-5.277672239415734, 51.827333841156005], [-5.277577321916302, 51.82754446070609], [-5.277475353585553, 51.82781800730656], [-5.277380253050197, 51.8280710095813], [-5.277275411455578, 51.82828162913138], [-5.277184639851991, 51.82849224868147], [-5.2770682871060375, 51.82870286823155], [-5.276948804710344, 51.82889093464418], [-5.276843494935302, 51.82904967035876], [-5.276721754289247, 51.82922941710676], [-5.276584424152509, 51.82944003665685], [-5.276422255835135, 51.82963548456519], [-5.27629941557994, 51.829755965981974], [-5.276154052645253, 51.829966585532055], [-5.276039721553977, 51.83017720508214], [-5.275895706959925, 51.83038515856197], [-5.275790397184883, 51.83057012243373], [-5.275676337458003, 51.83070375395735], [-5.275531022458853, 51.83091437350743], [-5.2754068842553625, 51.831124993057514], [-5.275263848309673, 51.831315223809796], [-5.275158538534631, 51.83151683916896], [-5.27505322875959, 51.831699772065406], [-5.274919895617779, 51.83186216148281], [-5.27480951211978, 51.83207278103289], [-5.274631989659421, 51.832268619242505], [-5.274520110307741, 51.83238871035802], [-5.27452667988438, 51.83256757613323], [-5.274358268600591, 51.83270463968314], [-5.274348013586943, 51.83302056900827], [-5.274214965941952, 51.83323118855835], [-5.274144884848306, 51.83344180810844], [-5.2740954213522455, 51.83365242765852], [-5.274000131009171, 51.83387196574344], [-5.273910994417857, 51.83417897653373], [-5.2738534172949, 51.83438959608382], [-5.2737895114590865, 51.83460403431398], [-5.273684201684045, 51.834858112594006], [-5.273618279326994, 51.835126764509106], [-5.2735621051444035, 51.835337384059194], [-5.273482050178914, 51.83565331338432], [-5.273451982038208, 51.8358639329344], [-5.273473582133961, 51.836164217021405], [-5.273473582133961, 51.83632293019584], [-5.273368272358919, 51.836558882470804], [-5.273262962583877, 51.836801928977465], [-5.273157652808835, 51.83696865869243], [-5.273052343033793, 51.837220277688054], [-5.273011551680928, 51.83744357956003], [-5.272929381962246, 51.83765419911011], [-5.272903110214668, 51.83797012843524], [-5.272841625840718, 51.83818074798533], [-5.272753278405106, 51.83849667731045], [-5.272719587226068, 51.838707296860534], [-5.27264726942274, 51.83902322618566], [-5.272585832130399, 51.83923384573574], [-5.272545424513529, 51.83954977506087], [-5.272510996308268, 51.839760394610956], [-5.272468617541172, 51.84007632393608], [-5.272478164472292, 51.8403922532612], [-5.27250235672249, 51.840708182586326], [-5.272530616239123, 51.840918802136414], [-5.272610325673069, 51.84123473146154], [-5.272663154796539, 51.84144535101162], [-5.272741099997551, 51.8416559705617], [-5.272841723483709, 51.84192290993252], [-5.272947033258752, 51.842135088142435], [-5.273052343033793, 51.84237124815883], [-5.273157652808835, 51.842600311260504], [-5.273262962583877, 51.84280736691203], [-5.273335623345596, 51.84302499763725], [-5.273441357105332, 51.84323561718733], [-5.27356147394327, 51.84344623673742], [-5.273684201684045, 51.843638414413384], [-5.2737895114590865, 51.8437982616029], [-5.2739204762558325, 51.84397278561263], [-5.274086165412388, 51.84418340516271], [-5.274210750559254, 51.844316687593555], [-5.274399321296528, 51.844499334487836], [-5.27452667988438, 51.84462042032825], [-5.274732695596736, 51.84481526381296], [-5.27487202682208, 51.844920573588006], [-5.27505322875959, 51.845064232270815], [-5.275263848309673, 51.84523208319877], [-5.275422174624775, 51.845341812688176], [-5.2755981884633565, 51.84544712246321], [-5.275790397184883, 51.84559875165394], [-5.276001016734966, 51.845723119631984], [-5.276170042441275, 51.84586836156338], [-5.2763684732703, 51.84597367133843], [-5.276563290578049, 51.846078981113465], [-5.2767755287843245, 51.84618429088851], [-5.27703526825475, 51.84628960066355], [-5.2772647340354695, 51.84635884406982], [-5.277442024089971, 51.846500220213635], [-5.27760287659821, 51.84660552998868], [-5.2778673959564895, 51.846710839763716], [-5.2780968318845645, 51.84681614953876], [-5.2783178317858885, 51.84691939614763], [-5.278528451335972, 51.846995141131615], [-5.278739070886056, 51.847074552621216], [-5.27894969043614, 51.84716825088542], [-5.279160309986223, 51.847249161745026], [-5.279401468603825, 51.84734269841397], [-5.279686858861433, 51.847439532717694], [-5.279897478411517, 51.84749007435101], [-5.280108097961601, 51.847578429969325], [-5.2803870544835245, 51.847658627739094], [-5.28063464683681, 51.847713405680956], [-5.280832951072553, 51.84776393751414], [-5.280945270573909, 51.847869247289175], [-5.28116119571202, 51.847920147389445], [-5.281396883093965, 51.84797455706422], [-5.281687744587229, 51.84804097653087], [-5.281898364137313, 51.84809276127818], [-5.282214293462439, 51.848121330362716], [-5.282530222787565, 51.84816232679642], [-5.282740842337648, 51.84818872271598], [-5.283056771662774, 51.84824838683375], [-5.283267391212858, 51.84829800399567], [-5.283583320537984, 51.84836299550556], [-5.283793940088067, 51.84841799861826], [-5.284109869413193, 51.848452164864284], [-5.284425798738319, 51.84848546689734], [-5.284636418288403, 51.848513405624416], [-5.284952347613528, 51.84856093254596], [-5.285268276938654, 51.84859952402915], [-5.285478896488738, 51.84861726546974], [-5.285794825813864, 51.84864391677808], [-5.286110755138989, 51.848669082908664], [-5.286426684464115, 51.84870288185486], [-5.2866373040141985, 51.84872379070604], [-5.286953233339324, 51.848743570374666], [-5.287262333378691, 51.84881703526455], [-5.287479782214534, 51.84884136506947], [-5.287795711539659, 51.84884291480682], [-5.2880146297683215, 51.84881703526455], [-5.2882169506398276, 51.848659542025594], [-5.288427570189911, 51.84855585088616], [-5.288743499515037, 51.848580901811346], [-5.2890594288401624, 51.84853174370494], [-5.289270048390247, 51.84849521483487], [-5.289580279692153, 51.84839579616439], [-5.289796597265456, 51.84836723243651], [-5.29000721681554, 51.84827929553888], [-5.290323146140666, 51.848273380611595], [-5.290533765690749, 51.848298794292226], [-5.2907893165825115, 51.848290486389345], [-5.291058868519284, 51.848290486389345], [-5.291171188154749, 51.84839579616439], [-5.291165624341001, 51.848509078602376], [-5.291376243891085, 51.84848424940243], [-5.29169217321621, 51.84848664802122], [-5.291932569894412, 51.84850110593943], [-5.292113412316378, 51.84864213949485], [-5.29221872209142, 51.84892231115459], [-5.292429341641504, 51.84896702180806], [-5.292623150322814, 51.84881703526455], [-5.292780016431166, 51.848711725489515], [-5.292745270966629, 51.848521990402205], [-5.292978708739311, 51.84860641571447], [-5.2930730569701225, 51.848711725489515], [-5.293271819841839, 51.84857895974409], [-5.2935877491669645, 51.84852770615277], [-5.293798368717048, 51.848429664182284], [-5.294008988267132, 51.84831224982928], [-5.294324917592258, 51.848330620740356], [-5.294535537142341, 51.84824880697645], [-5.294746156692425, 51.84814334763524]]}}, {"type": "Feature", "properties": {"depth": -25.0}, "geometry": {"type": "LineString", "coordinates": [[-5.274880749230424, 51.82638605318063], [-5.274631989659421, 51.82649104352745], [-5.274444833447014, 51.826596672730716], [-5.2743160603342965, 51.82677072585747], [-5.274334251370817, 51.82691260205584], [-5.27452667988438, 51.82705544324582], [-5.2748426092095055, 51.827021104621956], [-5.27505322875959, 51.82697192513705], [-5.275263848309673, 51.82689020607233], [-5.275474467859757, 51.826801905854644], [-5.275653423741592, 51.826596672730716], [-5.275474467859757, 51.82638949555754], [-5.275263848309673, 51.826305631612435], [-5.274947918984547, 51.82634258301482]]}}, {"type": "Feature", "properties": {"depth": -25.0}, "geometry": {"type": "LineString", "coordinates": [[-5.177182860757074, 51.8066931252478], [-5.177323817033762, 51.80690374479788], [-5.177536377070788, 51.8069826295367], [-5.177697992072181, 51.80711436434796], [-5.177852306395913, 51.8072543535352], [-5.178062925945997, 51.80719066478707], [-5.178168235721039, 51.80732795500304], [-5.178378855271123, 51.80746591980249], [-5.178531117023695, 51.807640913223175], [-5.178665190323831, 51.807851532773256], [-5.17880009437129, 51.80800252795508], [-5.179010713921374, 51.80814603285968], [-5.179183420077531, 51.808272771873426], [-5.179391065776773, 51.80837808164846], [-5.179537262796583, 51.80849505429793], [-5.179660359005203, 51.80858870119855], [-5.179853192121709, 51.808652169231415], [-5.180036830627476, 51.80879932074863], [-5.180169121446835, 51.80890789128672], [-5.180353270364063, 51.80911525007376], [-5.1805903605470025, 51.809220559848804], [-5.180800980097087, 51.80924814253741], [-5.18101159964717, 51.80932870644571], [-5.181222219197254, 51.80945644336498], [-5.181432838747338, 51.80958942501973], [-5.181643458297422, 51.80964994675864], [-5.1818571112215945, 51.80974710872401], [-5.182133843788735, 51.809852418499055], [-5.182275316947673, 51.809964751514634], [-5.182551589571016, 51.80995772827409], [-5.182647910951354, 51.81006303804914], [-5.18278849657374, 51.81027365759922], [-5.182907175597925, 51.81026129589494], [-5.183117795148008, 51.81028155690562], [-5.183362140730063, 51.81037896737426], [-5.1835390342481755, 51.81036622810959], [-5.1837255689105515, 51.8104842771493], [-5.183854963573301, 51.81066662063675], [-5.183960273348344, 51.81083743218314], [-5.184170892898427, 51.810765054822824], [-5.184345581132069, 51.810800206474426], [-5.184486822223553, 51.81082710317238], [-5.184697441773637, 51.81100279355307], [-5.18490806132372, 51.810880743898245], [-5.185118680873805, 51.81096604498916], [-5.185329300423888, 51.811011626058786], [-5.185632220578233, 51.81111613579955], [-5.185753276089899, 51.811221445574596], [-5.1859611590741395, 51.81122112875317], [-5.186171778624224, 51.81130109185787], [-5.186382398174307, 51.81139076329142], [-5.186568335745866, 51.81143206512468], [-5.186698327499433, 51.81146090869117], [-5.186803637274475, 51.81130120398103], [-5.1870142568245585, 51.81136047137792], [-5.187224764935727, 51.81132675534964], [-5.187435495924726, 51.81139793302466], [-5.187549220677914, 51.81132675534964], [-5.187751425249852, 51.81153653519169], [-5.187962044799936, 51.81156782609685], [-5.188172664350019, 51.8114908965624], [-5.188277974125062, 51.81165085719097], [-5.188488593675145, 51.81160534244175], [-5.188699213225229, 51.81166740028313], [-5.188804523000271, 51.81185330422485], [-5.189120452325397, 51.811871823970314], [-5.1892362930779425, 51.81185330422485], [-5.189440935944612, 51.81185330422485], [-5.189647001200607, 51.81174486023031], [-5.18975394907255, 51.8117479944498], [-5.190068240300774, 51.81173260115502], [-5.190197943910657, 51.811642684674766], [-5.19040942726344, 51.8117479944498], [-5.190700098951026, 51.81181871761594], [-5.190805408726067, 51.812012864323925], [-5.190910718501109, 51.812173706541344], [-5.191121338051193, 51.812165513608385], [-5.191331957601276, 51.81221143589781], [-5.191566129298277, 51.81227454332502], [-5.191753196701445, 51.81221297219753], [-5.191963816251528, 51.812288612707555], [-5.192174435801612, 51.81220466110378], [-5.1923850553516955, 51.81216921738495], [-5.19259567490178, 51.8122687349843], [-5.192806294451863, 51.81235133615286], [-5.193087969324784, 51.81227454332502], [-5.193227533552031, 51.81232082429821], [-5.193543462877157, 51.812344749841714], [-5.19375408242724, 51.812411595662226], [-5.1939647019773245, 51.812361518295454], [-5.194175321527408, 51.81238261611405], [-5.194385941077492, 51.8123437694091], [-5.194501097126305, 51.81227454332502], [-5.194807180177659, 51.81228158299724], [-5.194943499536606, 51.81227454332502], [-5.195123109502785, 51.81227151909129], [-5.195333729052869, 51.812313727465074], [-5.195544348602953, 51.81238709796219], [-5.195663102179064, 51.812379853100055], [-5.1958602779280785, 51.81249674285202], [-5.196050762308967, 51.8124851628751], [-5.196281517028246, 51.81250227150788], [-5.196597446353372, 51.81253761107517], [-5.196825503708834, 51.8124851628751], [-5.197018685453539, 51.81250206417146], [-5.197229305003623, 51.81240657587962], [-5.1973728905107475, 51.8124851628751], [-5.197650544103791, 51.812411876112954], [-5.197966473428917, 51.81241795096422], [-5.198177092979001, 51.8123439515744], [-5.198387712529084, 51.812422796698534], [-5.198663365263636, 51.812379853100055], [-5.198843938120004, 51.812379853100055], [-5.199019571179336, 51.81234684851367], [-5.19923019072942, 51.8124247117657], [-5.199344977986669, 51.81227454332502], [-5.199328368100846, 51.81206392377493], [-5.199481707717295, 51.81195861399989], [-5.199651429829587, 51.81183983417338], [-5.199852377700679, 51.81185330422485], [-5.200072668929755, 51.81177316131483], [-5.200283288479839, 51.81189078948576], [-5.200493908029922, 51.81200110717471], [-5.200599217804964, 51.81217564864365], [-5.2007184985889605, 51.81216923354997], [-5.201020456905132, 51.81222684036773], [-5.20123560551622, 51.81227454332502], [-5.201547005780341, 51.81229008290263], [-5.201813646708459, 51.812379853100055], [-5.201941487747506, 51.81227454332502], [-5.202073554655551, 51.81233541861252], [-5.2023208857647, 51.812379853100055], [-5.202494793755719, 51.81249377203016], [-5.202705413305802, 51.81242157502026], [-5.202916032855886, 51.81248653638755], [-5.203049897396451, 51.812379853100055], [-5.203231962181012, 51.81226726811132], [-5.203442581731095, 51.81216202818341], [-5.203653201281179, 51.81219543359394], [-5.2038638208312635, 51.81213400805295], [-5.2041797501563885, 51.8121465737541], [-5.204334007368988, 51.81216923354997], [-5.204600989256557, 51.812076356210696], [-5.204783562551828, 51.81206392377493], [-5.205022228356724, 51.812125404144254], [-5.205193847792366, 51.81195861399989], [-5.20533815768185, 51.8120056146713], [-5.20545195977723, 51.81206392377493], [-5.205654087006976, 51.81192446925728], [-5.20591714127297, 51.81185330422485], [-5.206180635882185, 51.81179626554732], [-5.206496565207311, 51.811791973819645], [-5.2068124945324366, 51.811826699270114], [-5.20702311408252, 51.81185557681186], [-5.207233733632604, 51.811812404507016], [-5.207444353182688, 51.811737182190384], [-5.2076549727327714, 51.81182552997388], [-5.2078886738773855, 51.8117479944498], [-5.208076211832939, 51.81177093154546], [-5.208286831383023, 51.81170006312663], [-5.208439764867276, 51.8117479944498], [-5.208602760708149, 51.81164246865019], [-5.208813380258232, 51.81167154865879], [-5.209023999808316, 51.81162602173568], [-5.209269899691296, 51.81153737489972], [-5.209550548683526, 51.811521169696896], [-5.209724114346176, 51.81143206512468], [-5.209971787783694, 51.811458879984244], [-5.210229937018894, 51.81143206512468], [-5.2104899719063, 51.81132675534964], [-5.210603646433945, 51.81135127912244], [-5.210857636174936, 51.81132675534964], [-5.2111301953091544, 51.811274567192434], [-5.211247746374564, 51.811221445574596], [-5.211551434409322, 51.81127000901544], [-5.211762053959406, 51.81113704644741], [-5.211972673509489, 51.81110528531534], [-5.2121832930595735, 51.81119215748046], [-5.212499222384699, 51.81116182928141], [-5.212709841934783, 51.811032314557494], [-5.212920461484867, 51.81101039284195], [-5.213131081034951, 51.81101146337143], [-5.213357028057882, 51.811010826024514], [-5.213582777095089, 51.81090551624947], [-5.213868249460244, 51.81090370164913], [-5.214060471519507, 51.81090551624947], [-5.214289488560412, 51.81087863449443], [-5.214500108110495, 51.81079749273047], [-5.214710727660579, 51.810676721408264], [-5.214921347210663, 51.810577567535475], [-5.215099919933051, 51.81037896737426], [-5.2151419799534375, 51.81027365759922], [-5.215401992389745, 51.81027365759922], [-5.215553205860914, 51.8103026892184], [-5.21586913518604, 51.810307456076075], [-5.2160734881792905, 51.81037896737426], [-5.216290374286208, 51.81034011499131], [-5.216560252055122, 51.81027365759922], [-5.216717282893761, 51.810168347824174], [-5.217027542711501, 51.81012640192011], [-5.217275028142223, 51.810168347824174], [-5.217452230563483, 51.810168347824174], [-5.217764711136795, 51.81010343152999], [-5.217975330686878, 51.810037553776226], [-5.218185950236962, 51.81009427778327], [-5.218396569787045, 51.81018384084321], [-5.218581724758262, 51.81006303804914], [-5.218712499112171, 51.810118718431625], [-5.218923118662255, 51.810046290291844], [-5.21911556993185, 51.81006303804914], [-5.219344357762423, 51.80996365176101], [-5.219449667537464, 51.80981776427503], [-5.219660287087549, 51.80985491676638], [-5.219870906637633, 51.80978707878996], [-5.220081526187716, 51.80964763098529], [-5.2202921457378, 51.80954654951021], [-5.2205027652878835, 51.809520100161905], [-5.220713384837968, 51.809573390218766], [-5.220924004388052, 51.80943510882627], [-5.221239933713177, 51.80943629833985], [-5.221492220024836, 51.809431179398885], [-5.221719721782849, 51.80932586962384], [-5.221871792363428, 51.809205747045276], [-5.2220824119135125, 51.80926318708419], [-5.222288888615566, 51.809220559848804], [-5.222398341238638, 51.80934062935774], [-5.222635045524364, 51.80932586962384], [-5.222819580338806, 51.80939828462852], [-5.223030199888889, 51.80929680256707], [-5.223240819438973, 51.80943074958887], [-5.223451438989057, 51.80928353267394], [-5.223766018695286, 51.809220559848804], [-5.223872678089225, 51.809289626875824], [-5.224003104527191, 51.809431179398885], [-5.224233699787825, 51.809431179398885], [-5.224353627897783, 51.80953648917393], [-5.224609846514518, 51.80961990269323], [-5.224925775839644, 51.80961035127842], [-5.225136395389727, 51.80949136995438], [-5.225347014939811, 51.809380172565305], [-5.225662944264937, 51.80934981713545], [-5.22587356381502, 51.80949379321326], [-5.226084183365105, 51.80940749270176], [-5.226294802915189, 51.80944399347534], [-5.226505422465272, 51.80942295254998], [-5.226716042015356, 51.80947047671388], [-5.2269266615654395, 51.80936824326444], [-5.227242590890565, 51.80941220324744], [-5.2274532104406495, 51.80946570505815], [-5.227575608061358, 51.80953648917393], [-5.22772854952337, 51.809431179398885], [-5.227874449540817, 51.80939362986246], [-5.228085069090901, 51.80930575691469], [-5.228220434455352, 51.809431179398885], [-5.2285063081910685, 51.8094815845158], [-5.2287034792226175, 51.80932586962384], [-5.228817737922559, 51.809431179398885], [-5.229032857066278, 51.809457505734635], [-5.229189173894212, 51.809431179398885], [-5.229437836037437, 51.809431179398885], [-5.229559405941488, 51.80932361228077], [-5.229770025491571, 51.809431179398885], [-5.230084482642873, 51.809431179398885], [-5.230296574366781, 51.809503513127936], [-5.2305060732619, 51.809431179398885], [-5.230717813466948, 51.80944938965099], [-5.23082312324199, 51.809267871687176], [-5.231033742792074, 51.80917936367776], [-5.231244362342158, 51.809095170325584], [-5.231454981892242, 51.808973310937574], [-5.231613611356645, 51.80911525007376], [-5.231876220992409, 51.80918201453531], [-5.232192150317535, 51.80918547298758], [-5.232402769867619, 51.809088991133706], [-5.232580696174841, 51.809220559848804], [-5.232756483804124, 51.809220559848804], [-5.232929318742828, 51.80909962416381], [-5.233139938292912, 51.80900740606495], [-5.2333505578429955, 51.809039390442955], [-5.23356117739308, 51.80897552965929], [-5.233771796943164, 51.80908015267083], [-5.23400559670325, 51.80911525007376], [-5.234180445467886, 51.80932586962384], [-5.234298345818373, 51.80929791110126], [-5.234478981357564, 51.809431179398885], [-5.234614275143499, 51.80935985336892], [-5.234856693500548, 51.80932586962384], [-5.235035514243666, 51.809201826829266], [-5.234990294313322, 51.80932586962384], [-5.235140824018708, 51.80929363916579], [-5.2353049200546105, 51.80932586962384], [-5.235477340524886, 51.80932586962384], [-5.235667372893918, 51.80949540582967], [-5.235944604334353, 51.80953648917393], [-5.236088611994085, 51.809648405780415], [-5.236317842518513, 51.80964179894897], [-5.236509851094253, 51.80953572395156], [-5.236720470644337, 51.809563243116635], [-5.236919087639274, 51.809431179398885], [-5.237036399969463, 51.80949954580725], [-5.2373523292945885, 51.80953217015213], [-5.237515741467666, 51.80964179894897], [-5.237725642608043, 51.80964179894897], [-5.237878878169798, 51.80972431275263], [-5.238053009251147, 51.80974710872401], [-5.238300117269965, 51.80971755977869], [-5.238411815321802, 51.80964179894897], [-5.238721356370133, 51.80972316254786], [-5.238931975920217, 51.80976242331458], [-5.239144483376632, 51.809852418499055], [-5.239458524795427, 51.80992320104939], [-5.239742525284311, 51.80995772827409], [-5.239985073670636, 51.81002187883361], [-5.2403010029957615, 51.80998848974484], [-5.240502940697576, 51.810168347824174], [-5.240617484403587, 51.810168347824174], [-5.240932861646013, 51.81013009692355], [-5.241207252438484, 51.810168347824174], [-5.241331453293147, 51.81006303804914], [-5.241382135053133, 51.810168347824174], [-5.241670030071306, 51.81021328963296], [-5.241985959396432, 51.81020616238806], [-5.242183015543874, 51.81037896737426], [-5.2423867806545354, 51.8104842771493], [-5.2425855170105455, 51.810589586924344], [-5.2427231278217254, 51.810558044565425], [-5.242961727855216, 51.8104842771493], [-5.243144366921893, 51.81054352439687], [-5.243460296247019, 51.81058803361123], [-5.2436006153693135, 51.81069489669939], [-5.2437762255721445, 51.810834031659034], [-5.24409215489727, 51.810824473273776], [-5.244282829685471, 51.810800206474426], [-5.244448414109173, 51.81090551624947], [-5.244724013547521, 51.810994880745234], [-5.244922640737919, 51.81111613579955], [-5.245145252647689, 51.8111784127725], [-5.245402847112004, 51.811221445574596], [-5.245588192078264, 51.81132675534964], [-5.24577711129794, 51.81144133345947], [-5.245987730848024, 51.811548119710174], [-5.2461983503981084, 51.81165975404339], [-5.246514279723233, 51.81171276650725], [-5.246814129682426, 51.8117479944498], [-5.246935518823402, 51.811742335130475], [-5.247146138373485, 51.81184097909391], [-5.247256561956533, 51.81185330422485], [-5.24753632492275, 51.81185330422485], [-5.247661508119554, 51.81195861399989], [-5.247777997023737, 51.81199734653646], [-5.248021499477968, 51.81206392377493], [-5.248199236123904, 51.81224667419095], [-5.248409855673988, 51.81237615761654], [-5.24852209455129, 51.8124851628751], [-5.248725784999114, 51.8126038250472], [-5.248936404549197, 51.81269873350793], [-5.249070129921852, 51.81269578242518], [-5.249252333874323, 51.81281820935495], [-5.249358125039281, 51.812801092200225], [-5.2496735729744906, 51.81289567066434], [-5.249884192524575, 51.81295905686279], [-5.250094812074659, 51.81309851798761], [-5.250303797284349, 51.813222331300395], [-5.250516051174826, 51.81331213673133], [-5.250647866020852, 51.813432950850476], [-5.250937290274994, 51.81348129167216], [-5.251091318430972, 51.813432950850476], [-5.251331620926373, 51.81353826062552], [-5.251519293690016, 51.81364357040056], [-5.251775704111397, 51.8137488801756], [-5.25195234410156, 51.813854189950646], [-5.252201007575496, 51.81393039033266], [-5.25241162712558, 51.81401937948131], [-5.2526222466756645, 51.814125953973665], [-5.252832866225748, 51.81417457840527], [-5.252939604048012, 51.81417011927577], [-5.2531487955508736, 51.81428899650423], [-5.253360594951454, 51.814380738825854], [-5.253584538426177, 51.8144860486009], [-5.253780654201125, 51.814608883502856], [-5.2539912737512084, 51.81472550685626], [-5.254307203076334, 51.81479254224245], [-5.254443854786498, 51.81490728770106], [-5.254728442176503, 51.81492412034784], [-5.254939061726586, 51.81504059165053], [-5.2551673156394365, 51.81511790725115], [-5.255401140669898, 51.81522321702619], [-5.2555879617152375, 51.81532852680123], [-5.255861670726889, 51.815433836576275], [-5.256064705726506, 51.81553914635131], [-5.256308088802131, 51.815628033744154], [-5.2566240181272565, 51.81562048627347], [-5.25683463767734, 51.81567375251628], [-5.257045257227424, 51.81578666377322], [-5.257255876777508, 51.81595535970251], [-5.257466496327591, 51.815982250756434], [-5.257782425652717, 51.81601685209995], [-5.258022155766491, 51.81606569522653], [-5.258260001490165, 51.816171005001564], [-5.2585195940780105, 51.81627284225644], [-5.258730213628095, 51.81636595801857], [-5.258940833178178, 51.81646423852074], [-5.259165728451041, 51.81648693432669], [-5.259362072278346, 51.8166013951772], [-5.259678001603471, 51.81667040714513], [-5.259861762304367, 51.816802863651816], [-5.2600992407036395, 51.81687174017914], [-5.260309860253723, 51.817005136499695], [-5.260520479803807, 51.81711590439731], [-5.26073109935389, 51.817219172735896], [-5.260941718903974, 51.81730554515331], [-5.261061896262653, 51.81743472230207], [-5.2612576482291, 51.817586500729576], [-5.261442970483049, 51.81754003207711], [-5.261573577554226, 51.81772517227003], [-5.261489840342335, 51.81785596140224], [-5.261678887329268, 51.81801687820906], [-5.261902585343965, 51.81806658095232], [-5.26214228359358, 51.81817189072736], [-5.2619219684820075, 51.8182772005024], [-5.261784197104309, 51.8184616120718], [-5.2618154527457275, 51.818593129827526], [-5.261678887329268, 51.818799404282714], [-5.26156907134364, 51.81890905915265], [-5.261678887329268, 51.81906504076014], [-5.261573577554226, 51.81912578758146], [-5.261571378510199, 51.81943560802787], [-5.261421240737945, 51.81964622757795], [-5.2612722636587055, 51.81985684712803], [-5.261127906396116, 51.819962156903074], [-5.261003241191536, 51.820172776453155], [-5.260901621380725, 51.820383396003244], [-5.260773483876177, 51.820594015553326], [-5.260571612563568, 51.82069932532837], [-5.260520479803807, 51.82099399504681], [-5.260415170028765, 51.82119313274883], [-5.260373703652527, 51.82143649375366], [-5.260568748835033, 51.8215418035287], [-5.260367948741382, 51.82164711330375], [-5.260433019963074, 51.82185773285383], [-5.260384213132558, 51.82206835240391], [-5.260589477916357, 51.822173662178955], [-5.260709546067446, 51.822384281729036], [-5.260836409128933, 51.82256857963947], [-5.261035664837195, 51.82270021105416], [-5.261047028679016, 51.822910854729095], [-5.2612576482291, 51.82305784361111], [-5.261410780529967, 51.823226759929376], [-5.261573577554226, 51.82342639744415], [-5.261784197104309, 51.82345945689452], [-5.2619845436241555, 51.82364799902954], [-5.262205436204478, 51.82374246561939], [-5.2623917534987825, 51.82385861857963], [-5.262521365529603, 51.824002368321494], [-5.262724117578983, 51.824174547904754], [-5.262942604629771, 51.82424376691405], [-5.263153224179854, 51.82437340722453], [-5.263363843729938, 51.82444549898177], [-5.263574463280022, 51.82457616209842], [-5.263785082830106, 51.82465447801128], [-5.2639727197216475, 51.824806406555005], [-5.264206321930273, 51.82484242756117], [-5.264416941480357, 51.82494459142304], [-5.264732870805483, 51.824957756233964], [-5.2649434903555665, 51.825029384909605], [-5.265228456197153, 51.825122335880124], [-5.265364729455734, 51.8252426604359], [-5.26555610954886, 51.82522764565517], [-5.265785968555902, 51.82523150344645], [-5.266101897881028, 51.82528082303856], [-5.266313389876614, 51.82533295543021], [-5.26660764915675, 51.82543826520525], [-5.266839066306321, 51.8255404698058], [-5.267049685856405, 51.82556725719416], [-5.267318417578634, 51.82564888475534], [-5.267470924956572, 51.82559748426366], [-5.267681544506656, 51.825675554374506], [-5.267997473831782, 51.82570701191686], [-5.268313403156908, 51.82573298419856], [-5.268524022706991, 51.82577018589946], [-5.268839952032117, 51.8257955857382], [-5.269050571582201, 51.825739931228505], [-5.269155881357243, 51.82587916003421], [-5.269471810682369, 51.82592420867589], [-5.269787740007494, 51.82590615120173], [-5.27010366933262, 51.82592331554719], [-5.270419598657746, 51.825905876121645], [-5.270735527982872, 51.82587498400451], [-5.271051457307997, 51.82593582811651], [-5.271262076858081, 51.82605505664061], [-5.271472696408165, 51.826085187388756], [-5.271683315958248, 51.826030342957715], [-5.271999245283374, 51.82602055566468], [-5.2723151746085, 51.826056025495404], [-5.272525794158584, 51.8260736703778], [-5.272756129598882, 51.8260701238555], [-5.272947033258752, 51.82611025455684], [-5.2731564798946415, 51.82628074340559], [-5.273287219272927, 51.82638605318063], [-5.273578891909003, 51.82646201405495], [-5.273894821234128, 51.82639067603182], [-5.274061944728051, 51.82628074340559], [-5.2743160603342965, 51.826196145629496], [-5.27452667988438, 51.82612725587695], [-5.274737299434464, 51.826044305025555], [-5.274947918984547, 51.825925330510586], [-5.275158538534631, 51.82578514567145], [-5.2753691580847155, 51.825654247565986], [-5.275528285264069, 51.825543574980294], [-5.275726407103117, 51.82543826520525], [-5.27593802861785, 51.82533295543021], [-5.276199282315649, 51.82522764565517], [-5.276384177264609, 51.825122335880124], [-5.276604893879256, 51.82501702610509], [-5.276801010289588, 51.82491171633004], [-5.276992147788307, 51.824806406555005], [-5.277163186027661, 51.82470109677996], [-5.277370043810511, 51.82457927003216], [-5.277580663360595, 51.824475501084926], [-5.277791282910679, 51.824375515087205], [-5.278001902460763, 51.82425923581259], [-5.278212522010847, 51.82414249769813], [-5.27842314156093, 51.82401561063486], [-5.278633761111014, 51.823913422660695], [-5.278844380661098, 51.82379774286431], [-5.279055000211182, 51.82370130227469], [-5.279265619761266, 51.82359056344888], [-5.279476239311349, 51.82347447229569], [-5.279686858861433, 51.82335549606244], [-5.279897478411517, 51.82325308587904], [-5.280108097961601, 51.82315207302323], [-5.280318717511684, 51.823052818677134], [-5.280529337061768, 51.82293801336382], [-5.2807399566118525, 51.82283431032593], [-5.280950576161936, 51.822719866817934], [-5.28116119571202, 51.82261589885612], [-5.281371815262103, 51.8225179941621], [-5.281581743656331, 51.822384281729036], [-5.2817930543622715, 51.82228171359031], [-5.282003673912355, 51.82220228896074], [-5.282214293462439, 51.82207020490625], [-5.282424913012522, 51.82199018559992], [-5.282635532562606, 51.82187115453858], [-5.282846152112691, 51.8218177518697], [-5.283056771662774, 51.82172278774236], [-5.283267391212858, 51.821641175131404]]}}, {"type": "Feature", "properties": {"depth": -30.0}, "geometry": {"type": "LineString", "coordinates": [[-5.284004559638151, 51.82265446535736], [-5.283807143592688, 51.822805520829206], [-5.2836886303130255, 51.82293036660833], [-5.283530938087714, 51.82312145015433], [-5.283384570585893, 51.82333206970441], [-5.283255447687516, 51.82343737947946], [-5.283069190487664, 51.82364799902954], [-5.28288087417998, 51.823753308804584], [-5.282740842337648, 51.823933987277286], [-5.282598077257864, 51.82406923812971], [-5.282427237343218, 51.82427985767979], [-5.282294115966317, 51.824385167454835], [-5.282114340206154, 51.82459578700492], [-5.282003673912355, 51.8247559198328], [-5.281898364137313, 51.82491614814314], [-5.281790794431478, 51.825122335880124], [-5.281635659370042, 51.82533295543021], [-5.2815411666877266, 51.825543574980294], [-5.28138268136446, 51.825754194530376], [-5.281266505487062, 51.825948901989165], [-5.281167965234532, 51.826175433630546], [-5.281055885936978, 51.82637491990882], [-5.280950576161936, 51.82658477122406], [-5.280845266386894, 51.82676468766216], [-5.280736687765724, 51.82691260205584], [-5.280617001241637, 51.82712322160592], [-5.280529337061768, 51.827368802007626], [-5.280424027286727, 51.82755432030537], [-5.280318717511684, 51.82783977308043], [-5.280225667658206, 51.8280710095813], [-5.280152287421494, 51.82828162913138], [-5.28005099581835, 51.82849224868147], [-5.279948275885804, 51.82870286823155], [-5.279882135027694, 51.828913487781634], [-5.279744465916649, 51.82912410733172], [-5.279640224432644, 51.829334726881804], [-5.279573527526265, 51.829545346431885], [-5.279476239311349, 51.82982114301732], [-5.2794018313498, 51.8300718953071], [-5.279265619761266, 51.83027606779424], [-5.279240639115285, 51.83049313440726], [-5.279169991013384, 51.83080906373239], [-5.279107309288127, 51.83101968328248], [-5.278996072296129, 51.83123030283256], [-5.278893016301496, 51.83144092238264], [-5.278844380661098, 51.83168642000615], [-5.278763657465307, 51.831967471257855], [-5.278719481566418, 51.832178090807936], [-5.278653951858444, 51.83249402013306], [-5.278597902243021, 51.83270463968314], [-5.278546008777541, 51.83302056900827], [-5.278496449949107, 51.83323118855835], [-5.278455379130898, 51.83354711788348], [-5.2783500207031935, 51.833757737433565], [-5.2783178317858885, 51.833989204268484], [-5.2782315137211775, 51.83428428630877], [-5.278140290016244, 51.834494905858854], [-5.278107212235804, 51.83476391148018], [-5.278043590452073, 51.83502145473407], [-5.278017608416979, 51.835337384059194], [-5.2779442205410785, 51.835548003609276], [-5.277905844302557, 51.8358639329344], [-5.277791282910679, 51.836008013358594], [-5.277692240166133, 51.83628517203457], [-5.277580663360595, 51.83649187757135], [-5.277488029111132, 51.836706411134735], [-5.277417082137426, 51.83691703068482], [-5.277310132855598, 51.837127650234905], [-5.2772647340354695, 51.837387468135056], [-5.277142557375268, 51.837548889335075], [-5.277054114485385, 51.837808422031365], [-5.276973513845333, 51.83807543821028], [-5.276896317737802, 51.838286057760364], [-5.276827207077858, 51.83849667731045], [-5.276720485067831, 51.838707296860534], [-5.276594272054552, 51.838917916410615], [-5.27648298821696, 51.839128535960704], [-5.27636383713185, 51.839339155510785], [-5.276243255482417, 51.83954977506087], [-5.276147715474101, 51.839760394610956], [-5.276038324950217, 51.83997101416104], [-5.275973974370103, 51.84018163371112], [-5.275891629125223, 51.8403922532612], [-5.275790397184883, 51.840604084590154], [-5.2757069817367075, 51.840918802136414], [-5.2756823076548445, 51.841129421686496], [-5.275646988631518, 51.84144535101162], [-5.275657473926963, 51.84176128033675], [-5.27568508740984, 51.841977498182715], [-5.275790397184883, 51.84219451214133], [-5.275941872070016, 51.842393138987], [-5.276106326510009, 51.8425184233721], [-5.276302608580726, 51.842709068312125], [-5.276422255835135, 51.842845610246364], [-5.276612106680033, 51.84302499763725], [-5.2767381851602595, 51.84321399025469], [-5.276843494935302, 51.84335204813627], [-5.277020023899161, 51.84355154651246], [-5.277159424260428, 51.84367835058797], [-5.277370043810511, 51.84383215798342], [-5.277580663360595, 51.843971905033065], [-5.277791282910679, 51.84407702452768], [-5.278001902460763, 51.84416631645388], [-5.278212522010847, 51.84424151232062], [-5.27842314156093, 51.84435651687418], [-5.278633761111014, 51.84444607033718], [-5.278844380661098, 51.844536156763525], [-5.279160309986223, 51.844567389840186], [-5.279406367971038, 51.84460464426288], [-5.279666339846283, 51.844709954037924], [-5.279897478411517, 51.84477801365799], [-5.280108097961601, 51.84489247769334], [-5.280318717511684, 51.844971345013015], [-5.280529337061768, 51.84507264311327], [-5.2807399566118525, 51.84514613559027], [-5.280950576161936, 51.845236547371], [-5.281257720791356, 51.845341812688176], [-5.281477125037146, 51.84541562341668], [-5.281687744587229, 51.84548011339652], [-5.281912053951872, 51.84555243223826], [-5.282180328752253, 51.8456577420133], [-5.282424913012522, 51.84574398597193], [-5.282635532562606, 51.84581211335983], [-5.282846152112691, 51.84587776643732], [-5.2831620814378155, 51.84595630785748], [-5.2833727009879, 51.846006598206294], [-5.283596618366986, 51.846078981113465], [-5.28389924986311, 51.84616536996659], [-5.284109869413193, 51.84623386744932], [-5.284320488963277, 51.846298219426714], [-5.284636418288403, 51.846371372177096], [-5.284847037838486, 51.84644024737217], [-5.285072252776064, 51.846500220213635], [-5.285373586713696, 51.84656738939156], [-5.2855842062637794, 51.84662474304258], [-5.285900135588905, 51.84669947106348], [-5.286110755138989, 51.84675016015689], [-5.286384774932563, 51.84681614953876], [-5.2866373040141985, 51.84687120659494], [-5.286847923564283, 51.84692304385275], [-5.2871638528894085, 51.84699468019948], [-5.287374472439492, 51.84704648441407], [-5.287690401764618, 51.8471123515031], [-5.287901021314702, 51.84716518559231], [-5.288208284924036, 51.84723738863893], [-5.288427570189911, 51.847283651649356], [-5.288712577902121, 51.84734269841397], [-5.288954119065121, 51.84739870038955], [-5.289164738615204, 51.84745078706425], [-5.28948066794033, 51.847518395648926], [-5.289691287490414, 51.847581639005035], [-5.289953579521579, 51.847658627739094], [-5.290217836365623, 51.84769679383692], [-5.290533765690749, 51.847744247669624], [-5.290684896551562, 51.84776393751414], [-5.290849695015875, 51.847771953010714], [-5.291130675050335, 51.847869247289175], [-5.291270934116042, 51.84798321096391], [-5.291376243891085, 51.848227609232765], [-5.29169217321621, 51.84822051127453], [-5.291902792766294, 51.84816488136758], [-5.292113412316378, 51.84824654999896], [-5.292324031866461, 51.8483299894729], [-5.292537535259791, 51.848290486389345], [-5.292745270966629, 51.84810441722445], [-5.2930612002917545, 51.848116968621426], [-5.29327318365102, 51.848079866839264], [-5.2934592505182945, 51.847869247289175], [-5.293693058942006, 51.84777915310851], [-5.293855746312254, 51.84776393751414], [-5.294008988267132, 51.847761102646636], [-5.294324917592258, 51.847677998299595], [-5.294535537142341, 51.84757911821722]]}}, {"type": "Feature", "properties": {"depth": -30.0}, "geometry": {"type": "LineString", "coordinates": [[-5.258688354591105, 51.805218788397205], [-5.258782700506402, 51.805429407947294], [-5.258940833178178, 51.805538518490806], [-5.2590624246556725, 51.80574533727242], [-5.2592517062131305, 51.8059559568225], [-5.259362072278346, 51.80608920844788], [-5.25957269182843, 51.80621633066608], [-5.259729896102623, 51.80637719592267], [-5.259859247255649, 51.80658781547275], [-5.259993930928597, 51.80670598424564], [-5.2601112861894554, 51.80690374479788], [-5.2602719742017445, 51.80711436434796], [-5.260391635103878, 51.80732498389805], [-5.260520479803807, 51.807495780038856], [-5.260682489083089, 51.807640913223175], [-5.260836409128933, 51.80781422446107], [-5.260968400835222, 51.8079568425483], [-5.2611305783756315, 51.80816746209838], [-5.26125989258978, 51.808272771873426], [-5.261377286710858, 51.80848339142351], [-5.261573577554226, 51.808682630716866], [-5.261678887329268, 51.80884194725846], [-5.261816205387053, 51.809009940298715], [-5.2619948166543935, 51.809215468075564], [-5.262134370725894, 51.80932586962384], [-5.262310745979519, 51.80948023670861], [-5.262521365529603, 51.809615331911125], [-5.262640916610785, 51.80974710872401], [-5.262837294854728, 51.80990041148839], [-5.263047914404813, 51.80997859692944], [-5.263166833802797, 51.810168347824174], [-5.2633006560210935, 51.81037896737426], [-5.26346915350498, 51.810565456390556], [-5.263605166840154, 51.81069489669939], [-5.263785082830106, 51.81082260441446], [-5.26399570238019, 51.8110021304332], [-5.264142775340786, 51.81111613579955], [-5.264311631705315, 51.81123833750923], [-5.264507506444236, 51.81143206512468], [-5.264634683391482, 51.81153737489972], [-5.264850303202528, 51.811642684674766], [-5.2649434903555665, 51.811820183470964], [-5.265048800130609, 51.81193532260412], [-5.265230378224935, 51.81206392377493], [-5.265364729455734, 51.81219542223176], [-5.265575349005818, 51.81231605741807], [-5.265785968555902, 51.81246929735396], [-5.265984799769797, 51.81259047265014], [-5.266116679309499, 51.81269578242518], [-5.266312517431111, 51.81286336785849], [-5.266445577964275, 51.813011711750306], [-5.266628446756237, 51.81315879429734], [-5.266839066306321, 51.81332013055451], [-5.267029181270049, 51.813432950850476], [-5.267186778425945, 51.81353826062552], [-5.2673656151815305, 51.81365920855528], [-5.267576234731615, 51.81380974092079], [-5.26777043993089, 51.813959499725684], [-5.267972848995565, 51.81406480950073], [-5.268145466805669, 51.81417011927577], [-5.268313403156908, 51.814276811784104], [-5.268524022706991, 51.81439703073679], [-5.268734642257075, 51.814522430595886], [-5.2689452618071595, 51.814672543749325], [-5.269140071432107, 51.814801977926024], [-5.269337992068943, 51.81490728770106], [-5.26957712045741, 51.81500375886381], [-5.269787740007494, 51.815093288702926], [-5.269998359557578, 51.81519834100786], [-5.270208979107662, 51.815302979553074], [-5.270419598657746, 51.815423255797135], [-5.270630218207829, 51.81551600245474], [-5.2708408377579135, 51.81561096873308], [-5.271051457307997, 51.81570763800162], [-5.271262076858081, 51.815770623534554], [-5.271472696408165, 51.815858782180165], [-5.271703092171965, 51.81596038545148], [-5.271994340501537, 51.81606569522653], [-5.2721934833763715, 51.816171005001564], [-5.272416104514549, 51.81627631477661], [-5.272596533671956, 51.81638162455165], [-5.272841723483709, 51.81648251477434], [-5.273052343033793, 51.816518595364194], [-5.273262962583877, 51.81659351653228], [-5.273523870388261, 51.81669755387678], [-5.273763797078805, 51.816802863651816], [-5.274000131009171, 51.816906652153016], [-5.274206394145974, 51.81690817342686], [-5.2743160603342965, 51.81695582767456], [-5.27452667988438, 51.81704821268221], [-5.274737299434464, 51.81717348466817], [-5.274947918984547, 51.8172479788456], [-5.275181339408965, 51.81732941252703], [-5.275474467859757, 51.81741480660419], [-5.27568508740984, 51.817505984675535], [-5.275895706959925, 51.81762858186876], [-5.276095237799319, 51.81775065162719], [-5.2762698021088275, 51.81785596140224], [-5.276425295668276, 51.817961271177275], [-5.276632875385218, 51.818155521752296], [-5.2767381851602595, 51.81828768127053], [-5.276902888720294, 51.81848782005249], [-5.277031355599438, 51.81869843960257], [-5.277152295142508, 51.81890905915265], [-5.277269417523534, 51.8190143689277], [-5.277440053870736, 51.81922498847778], [-5.277449641815245, 51.819540917802904], [-5.277475353585553, 51.81976229938861], [-5.277580663360595, 51.82003922400487], [-5.2776896099597, 51.820172776453155], [-5.27767689757457, 51.820383396003244], [-5.277745633033655, 51.820594015553326], [-5.2778510606672455, 51.82080463510341], [-5.278001902460763, 51.8209937117833], [-5.278125978690342, 51.82112056442853], [-5.2783178317858885, 51.821244979895035], [-5.278528451335972, 51.82134809413362], [-5.278844380661098, 51.82137035837263], [-5.279055000211182, 51.821485500535196], [-5.279265619761266, 51.82157359525471], [-5.2795205662022395, 51.82164711330375], [-5.279792168636475, 51.82170084791864], [-5.280108097961601, 51.82166421394375], [-5.280393518211182, 51.82164711330375], [-5.28063464683681, 51.82162851325578], [-5.280950576161936, 51.82157105510292], [-5.28116119571202, 51.821476493132636], [-5.281371815262103, 51.82141882042108], [-5.281582434812187, 51.82132691830615], [-5.281894184961516, 51.82122587420358], [-5.2821089836873965, 51.821155995986885], [-5.282319603237481, 51.8210891259809], [-5.282530222787565, 51.821011631572254], [-5.2827636476517, 51.82090994487845], [-5.282991389972076, 51.82080463510341]]}}, {"type": "Feature", "properties": {"depth": -35.0}, "geometry": {"type": "LineString", "coordinates": [[-5.2847417280634446, 51.82457936395426], [-5.284617061805284, 51.82470109677996], [-5.284513162147797, 51.82491171633004], [-5.284377416241922, 51.825122335880124], [-5.284236554982993, 51.82533295543021], [-5.2841359514883415, 51.825543574980294], [-5.284006192604188, 51.825754194530376], [-5.28389924986311, 51.82594347241512], [-5.283798206998894, 51.826175433630546], [-5.283713253819727, 51.82638605318063], [-5.283583320537984, 51.826561987048834], [-5.283478010762941, 51.82672889703174], [-5.2833727009879, 51.82691665631799], [-5.283267391212858, 51.82722615282809], [-5.2831620814378155, 51.827393447033856], [-5.283064007917391, 51.82764977048113], [-5.283011853785841, 51.82786039003122], [-5.282945398387662, 51.8280710095813], [-5.282846152112691, 51.82834976007616], [-5.282768114771356, 51.82859755845651], [-5.282736517179044, 51.8288081780066], [-5.282668389850106, 51.82912410733172], [-5.282658806275175, 51.82944003665685], [-5.282576104122075, 51.82965065620693], [-5.282510242376664, 51.82986127575701], [-5.282589233136793, 51.8300718953071], [-5.282460389039342, 51.83028251485718], [-5.282456196210402, 51.83059844418231], [-5.282424913012522, 51.830867912449186], [-5.282334884723264, 51.831124993057514], [-5.282424913012522, 51.83142548580639], [-5.2823489647675075, 51.831546232157685], [-5.28229947738895, 51.831756851707766], [-5.282263266035799, 51.83207278103289], [-5.282278226494745, 51.83238871035802], [-5.282319603237481, 51.832655486561585], [-5.282319095365667, 51.83280994945819], [-5.282325780588395, 51.83302056900827], [-5.282373129685919, 51.833336498333395], [-5.282313816957731, 51.83354711788348], [-5.282325282261557, 51.833757737433565], [-5.282286746003019, 51.83396835698365], [-5.2822081349823735, 51.83417897653373], [-5.282055929471255, 51.83438959608382], [-5.281898364137313, 51.834536811974935], [-5.281737546180885, 51.83470552540894], [-5.281582434812187, 51.834907262473635], [-5.281477125037146, 51.835065140486925], [-5.2813506545708595, 51.83523207428415], [-5.2814165189082205, 51.835337384059194], [-5.281582434812187, 51.83533769146888], [-5.2817930543622715, 51.835461702935156], [-5.282031003622488, 51.835548003609276], [-5.281898364137313, 51.83566701203779], [-5.281687744587229, 51.83582016346165], [-5.281477125037146, 51.835957279862676], [-5.281333719629135, 51.83607455248448], [-5.281266505487062, 51.83629553257286], [-5.281055885936978, 51.836490406319754], [-5.2811070208036295, 51.8366011013597], [-5.280950576161936, 51.83677147102981], [-5.280950576161936, 51.83692637819146], [-5.281073015881686, 51.837127650234905], [-5.280950576161936, 51.837295631990784], [-5.280826055134999, 51.83744357956003], [-5.28063464683681, 51.83764444163088], [-5.280454615782575, 51.837759508885156], [-5.280325121266514, 51.83797012843524], [-5.280529337061768, 51.8381559725075], [-5.280693599481044, 51.83818074798533], [-5.280851713542987, 51.83818074798533], [-5.2807399566118525, 51.8382980930269], [-5.280564252701113, 51.83849667731045], [-5.280424027286727, 51.83860809270694], [-5.2802134077366425, 51.83879057137624], [-5.280108097961601, 51.83893832854899], [-5.280002788186559, 51.839146159646276], [-5.27988376374583, 51.839339155510785], [-5.279687046366319, 51.83954977506087], [-5.279558307282896, 51.83965508483591], [-5.279370929536308, 51.83984012589207], [-5.279201573085413, 51.83997101416104], [-5.27905330093908, 51.84007632393608], [-5.278845425639965, 51.84028694348616], [-5.278739070886056, 51.84041273822767], [-5.2785459940549355, 51.84060287281129], [-5.2784085331921835, 51.840708182586326], [-5.278633761111014, 51.840724411353364], [-5.278743201979582, 51.840918802136414], [-5.278771979367716, 51.84123473146154], [-5.27894969043614, 51.84136121596119], [-5.279169589355014, 51.84144535101162], [-5.279370929536308, 51.841629976860354], [-5.279476239311349, 51.84177233771609], [-5.279686858861433, 51.841968732192115], [-5.279809919205504, 51.84207720966187], [-5.280065450097763, 51.84218251943692], [-5.280235304709979, 51.842287829211955], [-5.280424027286727, 51.84241690900224], [-5.28063464683681, 51.84254105437087], [-5.280845266386894, 51.84268735087428], [-5.281014973352857, 51.84281437808717], [-5.281161919827509, 51.84291968786221], [-5.281379821921812, 51.84302499763725], [-5.281582434812187, 51.84321064866132], [-5.2817930543622715, 51.843332726819], [-5.281947074295945, 51.84344623673742], [-5.282112021469369, 51.84355154651246], [-5.282319603237481, 51.843667828178326], [-5.282530222787565, 51.84378424608522], [-5.282740842337648, 51.84390804305846], [-5.282951461887732, 51.8440121307624], [-5.2831620814378155, 51.84412096053211], [-5.2833727009879, 51.84423043696609], [-5.283583320537984, 51.844301202291604], [-5.283798991638377, 51.8443940247128], [-5.284004559638151, 51.8445255735734], [-5.284215179188235, 51.844612075138905], [-5.284494936047578, 51.844709954037924], [-5.2847417280634446, 51.844811833532106], [-5.284952347613528, 51.84488795921347], [-5.285162967163612, 51.84496470383101], [-5.285373586713696, 51.8450420730418], [-5.285667019891385, 51.84513119313809], [-5.285900135588905, 51.845211619209856], [-5.286110755138989, 51.845278115439356], [-5.286321374689073, 51.84534477470269], [-5.28661348553903, 51.84544712246321], [-5.286847923564283, 51.84550036590692], [-5.287058543114366, 51.84556714340658], [-5.287326904710198, 51.8456577420133], [-5.287585091989576, 51.84575458830088], [-5.287795711539659, 51.84582468278313], [-5.288006331089743, 51.84589394156159], [-5.2882169506398276, 51.84598052037966], [-5.288532879964953, 51.84606050164083], [-5.288743499515037, 51.846126684896625], [-5.288954119065121, 51.84619239344774], [-5.289270048390247, 51.84627531597762], [-5.28948066794033, 51.846333628156955], [-5.289691287490414, 51.846395910685175], [-5.29000721681554, 51.846476535787886], [-5.290217836365623, 51.84653289566076], [-5.290467325674903, 51.84660552998868], [-5.290744385240833, 51.8466688907247], [-5.290955004790916, 51.846728172228744], [-5.291270934116042, 51.84677218797843], [-5.291586863441168, 51.84681518776266], [-5.291797482991252, 51.84684500669516], [-5.292113412316378, 51.846880096015525], [-5.292429341641504, 51.8469086264262], [-5.292745270966629, 51.8469196287675], [-5.292955890516713, 51.846921828821785], [-5.293271819841839, 51.84692939224487], [-5.293482439391922, 51.846894155158914], [-5.293798368717048, 51.84688507945949], [-5.294028971594126, 51.84681614953876]]}}, {"type": "Feature", "properties": {"depth": -35.0}, "geometry": {"type": "LineString", "coordinates": [[-5.265575349005818, 51.805016338807626], [-5.265706624002605, 51.805218788397205], [-5.265870102163182, 51.805429407947294], [-5.265996588105986, 51.80560836017385], [-5.266113879640333, 51.80574533727242], [-5.266280873344782, 51.8059559568225], [-5.266417827206153, 51.806108471884876], [-5.266557740078019, 51.80627188614763], [-5.266729382902459, 51.80648250569771], [-5.266839066306321, 51.80659890503966], [-5.266982078441568, 51.806798435022834], [-5.267151851868635, 51.80700905457292], [-5.267260305406489, 51.80712930305811], [-5.2674230470813574, 51.80732498389805], [-5.267576234731615, 51.80746069781444], [-5.267748937156049, 51.807640913223175], [-5.26789216405674, 51.80777560192978], [-5.268056116415612, 51.8079568425483], [-5.268208093381865, 51.8081067389209], [-5.268408745137562, 51.808272771873426], [-5.268529939663731, 51.80837808164846], [-5.268734642257075, 51.80857604562088], [-5.268842690991246, 51.80869401097359], [-5.269045147062191, 51.80890463052368], [-5.269155881357243, 51.80901959142924], [-5.269366500907327, 51.80919441901187], [-5.269507356739538, 51.80932586962384], [-5.269682430232453, 51.80947320351676], [-5.269862786845508, 51.80964179894897], [-5.269998359557578, 51.80977225157139], [-5.270185822621611, 51.80995772827409], [-5.270351888284004, 51.81006303804914], [-5.270524908432788, 51.810249473602596], [-5.270653825571303, 51.81037896737426], [-5.270844499398103, 51.8104842771493], [-5.271051457307997, 51.810649647001036], [-5.271242836175004, 51.810800206474426], [-5.2714120141836345, 51.81090551624947], [-5.271586295314618, 51.811010826024514], [-5.271794219019026, 51.81111613579955], [-5.271999245283374, 51.81131088053868], [-5.272176018976521, 51.81143206512468], [-5.272346742776809, 51.81153737489972], [-5.272525794158584, 51.81164356508355], [-5.272736413708667, 51.81175719564748], [-5.272947033258752, 51.811883531950436], [-5.273157652808835, 51.812029367748295], [-5.273368272358919, 51.812138506821], [-5.273578891909003, 51.81223135446635], [-5.2737895114590865, 51.812305715235496], [-5.274000131009171, 51.81244430010053], [-5.274210750559254, 51.81255609768315], [-5.274421370109338, 51.812683305953186], [-5.274609193661252, 51.812801092200225], [-5.2748426092095055, 51.81290455826965], [-5.2750414464744475, 51.813011711750306], [-5.275263848309673, 51.81309473494218], [-5.275474467859757, 51.813133227000336], [-5.27568508740984, 51.813238919227416], [-5.275928944844782, 51.81332764107543], [-5.276128473864382, 51.813432950850476], [-5.276356766424023, 51.81353826062552], [-5.276592142359022, 51.81364357040056], [-5.276816976652838, 51.8137488801756], [-5.277054114485385, 51.8138378329499], [-5.2772647340354695, 51.81392036626011], [-5.277475353585553, 51.81400515557197], [-5.277685973135637, 51.814107191733484], [-5.277896592685721, 51.814204887527524], [-5.278107212235804, 51.81431568279657], [-5.2783178317858885, 51.81439933442379], [-5.278559014267721, 51.8144860486009], [-5.278844380661098, 51.814559683414934], [-5.279055000211182, 51.81467739853911], [-5.279265619761266, 51.814721461882414], [-5.279476239311349, 51.814838745027984], [-5.279686858861433, 51.81493850980815], [-5.279897478411517, 51.815096486920694], [-5.280091556671788, 51.81522321702619], [-5.2802134077366425, 51.815201166049484], [-5.28034770837446, 51.81532852680123], [-5.280529337061768, 51.81546843544427], [-5.280773591480998, 51.81553914635131], [-5.280950576161936, 51.81566077365013]]}}]}